filename,style,age,race
female_photo_01_baby_toddler_01_r1c1.png,,Adult,White
female_photo_01_baby_toddler_02_r1c2.png,,YoungAdult,Asian
female_photo_01_baby_toddler_03_r2c1.png,,Adult,White
female_photo_01_baby_toddler_04_r2c2.png,,YoungAdult,Asian
female_photo_01_baby_toddler_05_r3c1.png,,Adult,White
female_photo_01_baby_toddler_06_r3c2.png,,Adult,Asian
female_photo_01_baby_toddler_07_r4c1.png,,Adult,Asian
female_photo_01_baby_toddler_08_r4c2.png,,Adult,Asian
female_photo_01_baby_toddler_09_r5c1.png,,Adult,Asian
female_photo_01_baby_toddler_10_r5c2.png,,YoungAdult,Asian
female_photo_01_baby_toddler_11_r6c1.png,,Adult,Asian
female_photo_01_baby_toddler_12_r6c2.png,,Adult,White
female_photo_01_baby_toddler_13_r7c1.png,,Adult,Asian
female_photo_01_baby_toddler_14_r7c2.png,,YoungAdult,White
female_photo_01_baby_toddler_15_r8c1.png,,Adult,Asian
female_photo_01_baby_toddler_16_r8c2.png,,Adult,Asian
female_photo_02_elementary_01_r1c1.png,,Adult,Asian
female_photo_02_elementary_02_r1c2.png,,YoungAdult,Asian
female_photo_02_elementary_03_r2c1.png,,Adult,Asian
female_photo_02_elementary_04_r2c2.png,,Adult,White
female_photo_02_elementary_05_r3c1.png,,Adult,Asian
female_photo_02_elementary_06_r3c2.png,,Adult,White
female_photo_02_elementary_07_r4c1.png,,Adult,White
female_photo_02_elementary_08_r4c2.png,,YoungAdult,Asian
female_photo_02_elementary_09_r5c1.png,,Adult,White
female_photo_02_elementary_10_r5c2.png,,Adult,Asian
female_photo_02_elementary_11_r6c1.png,,YoungAdult,Asian
female_photo_02_elementary_12_r6c2.png,,YoungAdult,White
female_photo_02_elementary_13_r7c1.png,,YoungAdult,Asian
female_photo_02_elementary_14_r7c2.png,,Adult,White
female_photo_02_elementary_15_r8c1.png,,Adult,Asian
female_photo_02_elementary_16_r8c2.png,,YoungAdult,White
female_photo_03_middle_school_01_r1c1.png,,Adult,White
female_photo_03_middle_school_02_r1c2.png,,Adult,White
female_photo_03_middle_school_03_r2c1.png,,Adult,White
female_photo_03_middle_school_04_r2c2.png,,YoungAdult,Asian
female_photo_03_middle_school_05_r3c1.png,,Adult,White
female_photo_03_middle_school_06_r3c2.png,,Adult,White
female_photo_03_middle_school_07_r4c1.png,,Adult,White
female_photo_03_middle_school_08_r4c2.png,,Adult,White
female_photo_03_middle_school_09_r5c1.png,,Adult,White
female_photo_03_middle_school_10_r5c2.png,,YoungAdult,White
female_photo_03_middle_school_11_r6c1.png,,Adult,White
female_photo_03_middle_school_12_r6c2.png,,YoungAdult,White
female_photo_03_middle_school_13_r7c1.png,,Adult,White
female_photo_03_middle_school_14_r7c2.png,,YoungAdult,White
female_photo_03_middle_school_15_r8c1.png,,YoungAdult,Asian
female_photo_03_middle_school_16_r8c2.png,,Adult,White
female_photo_04_high_school_01_r1c1.png,,YoungAdult,Asian
female_photo_04_high_school_02_r1c2.png,,Adult,Asian
female_photo_04_high_school_03_r2c1.png,,Adult,White
female_photo_04_high_school_04_r2c2.png,,YoungAdult,White
female_photo_04_high_school_05_r3c1.png,,Adult,Asian
female_photo_04_high_school_06_r3c2.png,,Adult,Asian
female_photo_04_high_school_07_r4c1.png,,Adult,White
female_photo_04_high_school_08_r4c2.png,,Adult,Asian
female_photo_04_high_school_09_r5c1.png,,Adult,Asian
female_photo_04_high_school_10_r5c2.png,,YoungAdult,Asian
female_photo_04_high_school_11_r6c1.png,,Adult,White
female_photo_04_high_school_12_r6c2.png,,YoungAdult,Asian
female_photo_04_high_school_13_r7c1.png,,YoungAdult,Asian
female_photo_04_high_school_14_r7c2.png,,YoungAdult,Asian
female_photo_04_high_school_15_r8c1.png,,YoungAdult,Asian
female_photo_04_high_school_16_r8c2.png,,YoungAdult,Asian
female_photo_05_college_01_r1c1.png,,YoungAdult,White
female_photo_05_college_02_r1c2.png,,YoungAdult,Asian
female_photo_05_college_03_r2c1.png,,YoungAdult,Asian
female_photo_05_college_04_r2c2.png,,YoungAdult,Asian
female_photo_05_college_05_r3c1.png,,YoungAdult,Asian
female_photo_05_college_06_r3c2.png,,YoungAdult,Asian
female_photo_05_college_07_r4c1.png,,YoungAdult,Asian
female_photo_05_college_08_r4c2.png,,Adult,White
female_photo_05_college_09_r5c1.png,,YoungAdult,Asian
female_photo_05_college_10_r5c2.png,,YoungAdult,White
female_photo_05_college_11_r6c1.png,,Adult,Asian
female_photo_05_college_12_r6c2.png,,YoungAdult,White
female_photo_05_college_13_r7c1.png,,YoungAdult,Asian
female_photo_05_college_14_r7c2.png,,YoungAdult,Asian
female_photo_05_college_15_r8c1.png,,YoungAdult,Asian
female_photo_05_college_16_r8c2.png,,YoungAdult,White
female_photo_06_working_age_01_r1c1.png,,YoungAdult,Asian
female_photo_06_working_age_02_r1c2.png,,Adult,White
female_photo_06_working_age_03_r1c3.png,,Adult,White
female_photo_06_working_age_04_r1c4.png,,YoungAdult,MiddleEastern
female_photo_06_working_age_05_r1c5.png,,Adult,Asian
female_photo_06_working_age_06_r1c6.png,,Adult,White
female_photo_06_working_age_07_r1c7.png,,YoungAdult,Asian
female_photo_06_working_age_08_r1c8.png,,YoungAdult,White
female_photo_06_working_age_09_r1c9.png,,YoungAdult,Asian
female_photo_06_working_age_10_r2c1.png,,Adult,MiddleEastern
female_photo_06_working_age_11_r2c2.png,,YoungAdult,White
female_photo_06_working_age_12_r2c3.png,,Adult,Asian
female_photo_06_working_age_13_r2c4.png,,Adult,White
female_photo_06_working_age_14_r2c5.png,,YoungAdult,MiddleEastern
female_photo_06_working_age_15_r2c6.png,,Adult,MiddleEastern
female_photo_06_working_age_16_r2c7.png,,YoungAdult,White
female_photo_06_working_age_17_r2c8.png,,Adult,White
female_photo_06_working_age_18_r2c9.png,,YoungAdult,Asian
female_photo_06_working_age_19_r3c1.png,,YoungAdult,White
female_photo_06_working_age_20_r3c2.png,,Adult,White
female_photo_06_working_age_21_r3c3.png,,Adult,MiddleEastern
female_photo_06_working_age_22_r3c4.png,,YoungAdult,White
female_photo_06_working_age_23_r3c5.png,,YoungAdult,Asian
female_photo_06_working_age_24_r3c6.png,,Adult,MiddleEastern
female_photo_06_working_age_25_r3c7.png,,YoungAdult,Black
female_photo_06_working_age_26_r3c8.png,,Adult,Asian
female_photo_06_working_age_27_r3c9.png,,Adult,White
female_photo_06_working_age_28_r4c1.png,,YoungAdult,White
female_photo_06_working_age_29_r4c2.png,,Adult,White
female_photo_06_working_age_30_r4c3.png,,YoungAdult,White
female_photo_06_working_age_31_r4c4.png,,YoungAdult,White
female_photo_06_working_age_32_r4c5.png,,YoungAdult,White
female_photo_06_working_age_33_r4c6.png,,YoungAdult,White
female_photo_06_working_age_34_r4c7.png,,YoungAdult,Asian
female_photo_06_working_age_35_r4c8.png,,YoungAdult,Asian
female_photo_06_working_age_36_r4c9.png,,YoungAdult,White
female_photo_06_working_age_37_r5c1.png,,YoungAdult,White
female_photo_06_working_age_38_r5c2.png,,YoungAdult,Asian
female_photo_06_working_age_39_r5c3.png,,YoungAdult,White
female_photo_06_working_age_40_r5c4.png,,YoungAdult,White
female_photo_06_working_age_41_r5c5.png,,YoungAdult,White
female_photo_06_working_age_42_r5c6.png,,YoungAdult,MiddleEastern
female_photo_06_working_age_43_r5c7.png,,YoungAdult,MiddleEastern
female_photo_06_working_age_44_r5c8.png,,YoungAdult,MiddleEastern
female_photo_06_working_age_45_r5c9.png,,YoungAdult,Asian
female_photo_06_working_age_46_r6c1.png,,YoungAdult,White
female_photo_06_working_age_47_r6c2.png,,YoungAdult,White
female_photo_06_working_age_48_r6c3.png,,YoungAdult,White
female_photo_06_working_age_49_r6c4.png,,YoungAdult,White
female_photo_06_working_age_50_r6c5.png,,YoungAdult,White
female_photo_06_working_age_51_r6c6.png,,Adult,White
female_photo_06_working_age_52_r6c7.png,,YoungAdult,Asian
female_photo_06_working_age_53_r6c8.png,,YoungAdult,Asian
female_photo_06_working_age_54_r6c9.png,,YoungAdult,White
female_photo_06_working_age_55_r7c1.png,,YoungAdult,White
female_photo_06_working_age_56_r7c2.png,,Adult,White
female_photo_06_working_age_57_r7c3.png,,YoungAdult,Asian
female_photo_06_working_age_58_r7c4.png,,Adult,Asian
female_photo_06_working_age_59_r7c5.png,,YoungAdult,Asian
female_photo_06_working_age_60_r7c6.png,,YoungAdult,White
female_photo_06_working_age_61_r7c7.png,,YoungAdult,Asian
female_photo_06_working_age_62_r7c8.png,,YoungAdult,Asian
female_photo_06_working_age_63_r7c9.png,,YoungAdult,Asian
female_photo_06_working_age_64_r8c1.png,,Adult,White
female_photo_06_working_age_65_r8c2.png,,YoungAdult,Hispanic
female_photo_06_working_age_66_r8c3.png,,YoungAdult,Asian
female_photo_06_working_age_67_r8c4.png,,YoungAdult,White
female_photo_06_working_age_68_r8c5.png,,YoungAdult,White
female_photo_06_working_age_69_r8c6.png,,YoungAdult,White
female_photo_06_working_age_70_r8c7.png,,YoungAdult,Asian
female_photo_06_working_age_71_r8c8.png,,YoungAdult,White
female_photo_06_working_age_72_r8c9.png,,Adult,White
female_photo_07_elderly_01_r1c1.png,,YoungAdult,White
female_photo_07_elderly_02_r1c2.png,,YoungAdult,White
female_photo_07_elderly_03_r1c3.png,,YoungAdult,SouthAsian
female_photo_07_elderly_04_r2c1.png,,MiddleAge,White
female_photo_07_elderly_05_r2c2.png,,MiddleAge,White
female_photo_07_elderly_06_r2c3.png,,YoungAdult,MiddleEastern
female_photo_07_elderly_07_r3c1.png,,YoungAdult,White
female_photo_07_elderly_08_r3c2.png,,YoungAdult,White
female_photo_07_elderly_09_r3c3.png,,Adult,White
female_photo_07_elderly_10_r4c1.png,,YoungAdult,White
female_photo_07_elderly_11_r4c2.png,,Adult,Hispanic
female_photo_07_elderly_12_r4c3.png,,YoungAdult,MiddleEastern
female_photo_07_elderly_13_r5c1.png,,MiddleAge,White
female_photo_07_elderly_14_r5c2.png,,YoungAdult,White
female_photo_07_elderly_15_r5c3.png,,YoungAdult,White
female_photo_07_elderly_16_r6c1.png,,YoungAdult,White
female_photo_07_elderly_17_r6c2.png,,YoungAdult,Asian
female_photo_07_elderly_18_r6c3.png,,YoungAdult,White
female_photo_07_elderly_19_r7c1.png,,YoungAdult,White
female_photo_07_elderly_20_r7c2.png,,YoungAdult,Asian
female_photo_07_elderly_21_r7c3.png,,YoungAdult,White
female_photo_07_elderly_22_r8c1.png,,YoungAdult,White
female_photo_07_elderly_23_r8c2.png,,Adult,Asian
female_photo_07_elderly_24_r8c3.png,,YoungAdult,White
male_photo_01_baby_toddler_01_r1c1.png,,YoungAdult,Asian
male_photo_01_baby_toddler_02_r1c2.png,,YoungAdult,White
male_photo_01_baby_toddler_03_r2c1.png,,YoungAdult,Asian
male_photo_01_baby_toddler_04_r2c2.png,,YoungAdult,Asian
male_photo_01_baby_toddler_05_r3c1.png,,YoungAdult,Asian
male_photo_01_baby_toddler_06_r3c2.png,,Teen,Asian
male_photo_01_baby_toddler_07_r4c1.png,,YoungAdult,Asian
male_photo_01_baby_toddler_08_r4c2.png,,Adult,Asian
male_photo_01_baby_toddler_09_r5c1.png,,YoungAdult,Asian
male_photo_01_baby_toddler_10_r5c2.png,,Adult,Asian
male_photo_01_baby_toddler_11_r6c1.png,,Teen,Asian
male_photo_01_baby_toddler_12_r6c2.png,,YoungAdult,Asian
male_photo_01_baby_toddler_13_r7c1.png,,Adult,Asian
male_photo_01_baby_toddler_14_r7c2.png,,YoungAdult,Asian
male_photo_01_baby_toddler_15_r8c1.png,,YoungAdult,Asian
male_photo_01_baby_toddler_16_r8c2.png,,Teen,Asian
male_photo_01_baby_toddler_17_r9c1.png,,Adult,Asian
male_photo_01_baby_toddler_18_r9c2.png,,YoungAdult,Asian
male_photo_02_elementary_01_r1c1.png,,YoungAdult,White
male_photo_02_elementary_02_r1c2.png,,Adult,Asian
male_photo_02_elementary_03_r2c1.png,,Teen,Asian
male_photo_02_elementary_04_r2c2.png,,YoungAdult,Asian
male_photo_02_elementary_05_r3c1.png,,YoungAdult,Asian
male_photo_02_elementary_06_r3c2.png,,YoungAdult,Asian
male_photo_02_elementary_07_r4c1.png,,YoungAdult,Asian
male_photo_02_elementary_08_r4c2.png,,YoungAdult,Asian
male_photo_02_elementary_09_r5c1.png,,YoungAdult,Asian
male_photo_02_elementary_10_r5c2.png,,YoungAdult,Asian
male_photo_02_elementary_11_r6c1.png,,YoungAdult,Asian
male_photo_02_elementary_12_r6c2.png,,Teen,Asian
male_photo_02_elementary_13_r7c1.png,,Teen,Asian
male_photo_02_elementary_14_r7c2.png,,YoungAdult,Asian
male_photo_02_elementary_15_r8c1.png,,Teen,Asian
male_photo_02_elementary_16_r8c2.png,,Teen,Asian
male_photo_02_elementary_17_r9c1.png,,Teen,Asian
male_photo_02_elementary_18_r9c2.png,,YoungAdult,Asian
male_photo_03_middle_school_01_r1c1.png,,Adult,White
male_photo_03_middle_school_02_r1c2.png,,Adult,White
male_photo_03_middle_school_03_r2c1.png,,Adult,White
male_photo_03_middle_school_04_r2c2.png,,Adult,White
male_photo_03_middle_school_05_r3c1.png,,Adult,Asian
male_photo_03_middle_school_06_r3c2.png,,Adult,Asian
male_photo_03_middle_school_07_r4c1.png,,Adult,White
male_photo_03_middle_school_08_r4c2.png,,Adult,White
male_photo_03_middle_school_09_r5c1.png,,Adult,White
male_photo_03_middle_school_10_r5c2.png,,YoungAdult,White
male_photo_03_middle_school_11_r6c1.png,,Adult,White
male_photo_03_middle_school_12_r6c2.png,,Adult,White
male_photo_03_middle_school_13_r7c1.png,,YoungAdult,Asian
male_photo_03_middle_school_14_r7c2.png,,Adult,White
male_photo_03_middle_school_15_r8c1.png,,Adult,White
male_photo_03_middle_school_16_r8c2.png,,Adult,White
male_photo_03_middle_school_17_r9c1.png,,Adult,White
male_photo_03_middle_school_18_r9c2.png,,Adult,White
male_photo_04_high_school_01_r1c1.png,,Adult,White
male_photo_04_high_school_02_r1c2.png,,Adult,White
male_photo_04_high_school_03_r2c1.png,,Adult,White
male_photo_04_high_school_04_r2c2.png,,MiddleAge,White
male_photo_04_high_school_05_r3c1.png,,Adult,White
male_photo_04_high_school_06_r3c2.png,,MiddleAge,White
male_photo_04_high_school_07_r4c1.png,,Adult,White
male_photo_04_high_school_08_r4c2.png,,Adult,White
male_photo_04_high_school_09_r5c1.png,,Adult,White
male_photo_04_high_school_10_r5c2.png,,Adult,Asian
male_photo_04_high_school_11_r6c1.png,,Adult,White
male_photo_04_high_school_12_r6c2.png,,Adult,White
male_photo_04_high_school_13_r7c1.png,,YoungAdult,Asian
male_photo_04_high_school_14_r7c2.png,,Adult,White
male_photo_04_high_school_15_r8c1.png,,Adult,White
male_photo_04_high_school_16_r8c2.png,,Adult,White
male_photo_04_high_school_17_r9c1.png,,Adult,White
male_photo_04_high_school_18_r9c2.png,,Adult,White
male_photo_05_college_01_r1c1.png,,Adult,White
male_photo_05_college_02_r1c2.png,,Adult,White
male_photo_05_college_03_r2c1.png,,Adult,White
male_photo_05_college_04_r2c2.png,,Adult,White
male_photo_05_college_05_r3c1.png,,YoungAdult,White
male_photo_05_college_06_r3c2.png,,YoungAdult,White
male_photo_05_college_07_r4c1.png,,Adult,White
male_photo_05_college_08_r4c2.png,,Adult,White
male_photo_05_college_09_r5c1.png,,Adult,White
male_photo_05_college_10_r5c2.png,,YoungAdult,White
male_photo_05_college_11_r6c1.png,,YoungAdult,Asian
male_photo_05_college_12_r6c2.png,,YoungAdult,White
male_photo_05_college_13_r7c1.png,,Adult,White
male_photo_05_college_14_r7c2.png,,YoungAdult,Asian
male_photo_05_college_15_r8c1.png,,Adult,White
male_photo_05_college_16_r8c2.png,,Adult,White
male_photo_05_college_17_r9c1.png,,YoungAdult,White
male_photo_05_college_18_r9c2.png,,YoungAdult,Asian
male_photo_06_working_age_01_r1c1.png,,YoungAdult,MiddleEastern
male_photo_06_working_age_02_r1c2.png,,YoungAdult,MiddleEastern
male_photo_06_working_age_03_r1c3.png,,YoungAdult,MiddleEastern
male_photo_06_working_age_04_r1c4.png,,YoungAdult,White
male_photo_06_working_age_05_r1c5.png,,YoungAdult,MiddleEastern
male_photo_06_working_age_06_r1c6.png,,YoungAdult,MiddleEastern
male_photo_06_working_age_07_r1c7.png,,YoungAdult,MiddleEastern
male_photo_06_working_age_08_r1c8.png,,YoungAdult,MiddleEastern
male_photo_06_working_age_09_r1c9.png,,YoungAdult,MiddleEastern
male_photo_06_working_age_10_r2c1.png,,YoungAdult,Asian
male_photo_06_working_age_11_r2c2.png,,YoungAdult,MiddleEastern
male_photo_06_working_age_12_r2c3.png,,YoungAdult,MiddleEastern
male_photo_06_working_age_13_r2c4.png,,YoungAdult,MiddleEastern
male_photo_06_working_age_14_r2c5.png,,YoungAdult,Hispanic
male_photo_06_working_age_15_r2c6.png,,YoungAdult,White
male_photo_06_working_age_16_r2c7.png,,YoungAdult,MiddleEastern
male_photo_06_working_age_17_r2c8.png,,YoungAdult,MiddleEastern
male_photo_06_working_age_18_r2c9.png,,YoungAdult,White
male_photo_06_working_age_19_r3c1.png,,YoungAdult,MiddleEastern
male_photo_06_working_age_20_r3c2.png,,YoungAdult,MiddleEastern
male_photo_06_working_age_21_r3c3.png,,YoungAdult,White
male_photo_06_working_age_22_r3c4.png,,YoungAdult,MiddleEastern
male_photo_06_working_age_23_r3c5.png,,Adult,Hispanic
male_photo_06_working_age_24_r3c6.png,,YoungAdult,MiddleEastern
male_photo_06_working_age_25_r3c7.png,,Adult,White
male_photo_06_working_age_26_r3c8.png,,YoungAdult,MiddleEastern
male_photo_06_working_age_27_r3c9.png,,YoungAdult,MiddleEastern
male_photo_06_working_age_28_r4c1.png,,YoungAdult,Asian
male_photo_06_working_age_29_r4c2.png,,YoungAdult,MiddleEastern
male_photo_06_working_age_30_r4c3.png,,YoungAdult,Asian
male_photo_06_working_age_31_r4c4.png,,YoungAdult,MiddleEastern
male_photo_06_working_age_32_r4c5.png,,YoungAdult,Asian
male_photo_06_working_age_33_r4c6.png,,YoungAdult,MiddleEastern
male_photo_06_working_age_34_r4c7.png,,Adult,White
male_photo_06_working_age_35_r4c8.png,,YoungAdult,White
male_photo_06_working_age_36_r4c9.png,,YoungAdult,White
male_photo_06_working_age_37_r5c1.png,,Adult,MiddleEastern
male_photo_06_working_age_38_r5c2.png,,Adult,Hispanic
male_photo_06_working_age_39_r5c3.png,,YoungAdult,MiddleEastern
male_photo_06_working_age_40_r5c4.png,,YoungAdult,MiddleEastern
male_photo_06_working_age_41_r5c5.png,,YoungAdult,MiddleEastern
male_photo_06_working_age_42_r5c6.png,,YoungAdult,MiddleEastern
male_photo_06_working_age_43_r5c7.png,,YoungAdult,MiddleEastern
male_photo_06_working_age_44_r5c8.png,,YoungAdult,MiddleEastern
male_photo_06_working_age_45_r5c9.png,,YoungAdult,MiddleEastern
male_photo_06_working_age_46_r6c1.png,,Adult,White
male_photo_06_working_age_47_r6c2.png,,YoungAdult,Hispanic
male_photo_06_working_age_48_r6c3.png,,YoungAdult,MiddleEastern
male_photo_06_working_age_49_r6c4.png,,YoungAdult,MiddleEastern
male_photo_06_working_age_50_r6c5.png,,YoungAdult,MiddleEastern
male_photo_06_working_age_51_r6c6.png,,Adult,MiddleEastern
male_photo_06_working_age_52_r6c7.png,,Adult,MiddleEastern
male_photo_06_working_age_53_r6c8.png,,YoungAdult,MiddleEastern
male_photo_06_working_age_54_r6c9.png,,YoungAdult,SouthAsian
male_photo_06_working_age_55_r7c1.png,,YoungAdult,MiddleEastern
male_photo_06_working_age_56_r7c2.png,,YoungAdult,Asian
male_photo_06_working_age_57_r7c3.png,,YoungAdult,MiddleEastern
male_photo_06_working_age_58_r7c4.png,,YoungAdult,MiddleEastern
male_photo_06_working_age_59_r7c5.png,,YoungAdult,MiddleEastern
male_photo_06_working_age_60_r7c6.png,,YoungAdult,Asian
male_photo_06_working_age_61_r7c7.png,,Adult,MiddleEastern
male_photo_06_working_age_62_r7c8.png,,YoungAdult,MiddleEastern
male_photo_06_working_age_63_r7c9.png,,YoungAdult,MiddleEastern
male_photo_06_working_age_64_r8c1.png,,YoungAdult,MiddleEastern
male_photo_06_working_age_65_r8c2.png,,YoungAdult,Asian
male_photo_06_working_age_66_r8c3.png,,YoungAdult,MiddleEastern
male_photo_06_working_age_67_r8c4.png,,YoungAdult,MiddleEastern
male_photo_06_working_age_68_r8c5.png,,YoungAdult,White
male_photo_06_working_age_69_r8c6.png,,Adult,White
male_photo_06_working_age_70_r8c7.png,,YoungAdult,MiddleEastern
male_photo_06_working_age_71_r8c8.png,,Adult,White
male_photo_06_working_age_72_r8c9.png,,YoungAdult,MiddleEastern
male_photo_06_working_age_73_r9c1.png,,YoungAdult,MiddleEastern
male_photo_06_working_age_74_r9c2.png,,YoungAdult,White
male_photo_06_working_age_75_r9c3.png,,Adult,MiddleEastern
male_photo_06_working_age_76_r9c4.png,,YoungAdult,MiddleEastern
male_photo_06_working_age_77_r9c5.png,,YoungAdult,Hispanic
male_photo_06_working_age_78_r9c6.png,,YoungAdult,White
male_photo_06_working_age_79_r9c7.png,,Adult,MiddleEastern
male_photo_06_working_age_80_r9c8.png,,YoungAdult,MiddleEastern
male_photo_06_working_age_81_r9c9.png,,YoungAdult,MiddleEastern
male_photo_07_elderly_01_r1c1.png,,YoungAdult,MiddleEastern
male_photo_07_elderly_02_r1c2.png,,Adult,MiddleEastern
male_photo_07_elderly_03_r1c3.png,,YoungAdult,MiddleEastern
male_photo_07_elderly_04_r2c1.png,,YoungAdult,MiddleEastern
male_photo_07_elderly_05_r2c2.png,,YoungAdult,MiddleEastern
male_photo_07_elderly_06_r2c3.png,,YoungAdult,Asian
male_photo_07_elderly_07_r3c1.png,,YoungAdult,Asian
male_photo_07_elderly_08_r3c2.png,,MiddleAge,White
male_photo_07_elderly_09_r3c3.png,,YoungAdult,Asian
male_photo_07_elderly_10_r4c1.png,,YoungAdult,Black
male_photo_07_elderly_11_r4c2.png,,YoungAdult,Asian
male_photo_07_elderly_12_r4c3.png,,MiddleAge,MiddleEastern
male_photo_07_elderly_13_r5c1.png,,YoungAdult,MiddleEastern
male_photo_07_elderly_14_r5c2.png,,Adult,Asian
male_photo_07_elderly_15_r5c3.png,,Adult,White
male_photo_07_elderly_16_r6c1.png,,YoungAdult,Asian
male_photo_07_elderly_17_r6c2.png,,YoungAdult,Asian
male_photo_07_elderly_18_r6c3.png,,YoungAdult,MiddleEastern
male_photo_07_elderly_19_r7c1.png,,YoungAdult,White
male_photo_07_elderly_20_r7c2.png,,MiddleAge,White
male_photo_07_elderly_21_r7c3.png,,YoungAdult,Asian
male_photo_07_elderly_22_r8c1.png,,YoungAdult,Asian
male_photo_07_elderly_23_r8c2.png,,Adult,MiddleEastern
male_photo_07_elderly_24_r8c3.png,,YoungAdult,MiddleEastern
male_photo_07_elderly_25_r9c1.png,,Adult,White
male_photo_07_elderly_26_r9c2.png,,YoungAdult,MiddleEastern
male_photo_07_elderly_27_r9c3.png,,YoungAdult,MiddleEastern
row001_col01_male.png,RetroManga,Teen,White
row001_col02_male.png,Anime,YoungAdult,White
row001_col03_male.png,RetroManga,Adult,White
row001_col04_male.png,Anime,Teen,White
row001_col05_male.png,RetroManga,YoungAdult,Asian
row001_col06_male.png,RetroManga,Teen,Asian
row001_col07_male.png,Painterly,Teen,White
row001_col08_male.png,RetroManga,YoungAdult,White
row001_col09_male.png,RetroManga,YoungAdult,White
row001_col10_male.png,RetroManga,Teen,White
row001_col11_male.png,Anime,YoungAdult,Asian
row001_col12_male.png,Anime,YoungAdult,MiddleEastern
row001_col13_male.png,Anime,Teen,Asian
row001_col14_male.png,Anime,YoungAdult,White
row001_col15_male.png,RetroManga,Adult,White
row001_col16_male.png,RetroManga,Child,Asian
row001_col17_male.png,Pastel,Adult,Asian
row001_col18_male.png,Anime,Teen,White
row001_col19_male.png,RetroManga,Child,MiddleEastern
row001_col20_male.png,RetroManga,Teen,Asian
row002_col01_female.png,Anime,Adult,White
row002_col02_female.png,RetroManga,Adult,White
row002_col03_female.png,RetroManga,Adult,Asian
row002_col04_female.png,RetroManga,Adult,Asian
row002_col05_female.png,RetroManga,Teen,White
row002_col06_female.png,RetroManga,Adult,Asian
row002_col07_female.png,Pastel,YoungAdult,White
row002_col08_female.png,RetroManga,Adult,White
row002_col09_female.png,RetroManga,Adult,White
row002_col10_female.png,Anime,YoungAdult,White
row002_col11_female.png,RetroManga,Adult,White
row002_col12_female.png,RetroManga,YoungAdult,White
row002_col13_female.png,RetroManga,YoungAdult,White
row002_col14_female.png,RetroManga,Adult,White
row002_col15_female.png,Anime,Teen,White
row002_col16_female.png,RetroManga,Adult,Asian
row002_col17_female.png,Painterly,YoungAdult,White
row002_col18_female.png,RetroManga,Adult,White
row002_col19_female.png,RetroManga,YoungAdult,White
row002_col20_female.png,RetroManga,YoungAdult,White
row003_col01_male.png,Anime,YoungAdult,White
row003_col02_male.png,RetroManga,Teen,White
row003_col03_male.png,Anime,Teen,White
row003_col04_male.png,Anime,YoungAdult,Asian
row003_col05_male.png,Anime,Teen,Asian
row003_col06_male.png,Painterly,Teen,White
row003_col07_male.png,RetroManga,Adult,White
row003_col08_male.png,Anime,Teen,MiddleEastern
row003_col09_male.png,RetroManga,Child,White
row003_col10_male.png,Painterly,Child,Asian
row003_col11_male.png,Painterly,YoungAdult,White
row003_col12_male.png,Anime,YoungAdult,White
row003_col13_male.png,Painterly,YoungAdult,White
row003_col14_male.png,Painterly,Child,White
row003_col15_male.png,Painterly,Teen,White
row003_col16_male.png,Anime,YoungAdult,White
row003_col17_male.png,Anime,YoungAdult,White
row003_col18_male.png,Anime,YoungAdult,White
row003_col19_male.png,RetroManga,YoungAdult,White
row003_col20_male.png,RetroManga,Adult,Asian
row004_col01_female.png,Painterly,Teen,White
row004_col02_female.png,RetroManga,YoungAdult,Asian
row004_col03_female.png,Painterly,Adult,Asian
row004_col04_female.png,Anime,Adult,White
row004_col05_female.png,Anime,YoungAdult,White
row004_col06_female.png,Anime,Adult,White
row004_col07_female.png,Anime,YoungAdult,White
row004_col08_female.png,Anime,YoungAdult,Asian
row004_col09_female.png,Anime,YoungAdult,White
row004_col10_female.png,Anime,Adult,White
row004_col11_female.png,Anime,YoungAdult,White
row004_col12_female.png,Painterly,Teen,White
row004_col13_female.png,Anime,Adult,Asian
row004_col14_female.png,Anime,Teen,White
row004_col15_female.png,Anime,Adult,White
row004_col16_female.png,Anime,Adult,White
row004_col17_female.png,Anime,YoungAdult,White
row004_col18_female.png,Anime,YoungAdult,White
row004_col19_female.png,Painterly,Child,White
row004_col20_female.png,Anime,Adult,Asian
row005_col01_male.png,Painterly,Child,Hispanic
row005_col02_male.png,Painterly,Teen,White
row005_col03_male.png,Painterly,YoungAdult,White
row005_col04_male.png,Painterly,Teen,White
row005_col05_male.png,Painterly,Teen,White
row005_col06_male.png,Painterly,Teen,White
row005_col07_male.png,Painterly,Child,Hispanic
row005_col08_male.png,Painterly,Teen,White
row005_col09_male.png,Painterly,YoungAdult,White
row005_col10_male.png,Painterly,Teen,White
row005_col11_male.png,Painterly,Child,White
row005_col12_male.png,Photo,Teen,White
row005_col13_male.png,Painterly,Teen,White
row005_col14_male.png,Photo,Teen,White
row005_col15_male.png,Painterly,Teen,White
row005_col16_male.png,Painterly,Teen,White
row005_col17_male.png,Painterly,Teen,White
row005_col18_male.png,Painterly,Child,White
row005_col19_male.png,Painterly,Child,Hispanic
row005_col20_male.png,Painterly,Teen,White
row006_col01_female.png,Photo,Teen,White
row006_col02_female.png,Photo,Teen,White
row006_col03_female.png,Painterly,YoungAdult,White
row006_col04_female.png,Painterly,Child,White
row006_col05_female.png,Photo,Teen,Hispanic
row006_col06_female.png,Painterly,Child,Asian
row006_col07_female.png,Painterly,Teen,White
row006_col08_female.png,Painterly,Teen,White
row006_col09_female.png,Painterly,Child,White
row006_col10_female.png,Photo,Teen,White
row006_col11_female.png,Painterly,Teen,White
row006_col12_female.png,Photo,Teen,White
row006_col13_female.png,Painterly,Teen,Asian
row006_col14_female.png,Painterly,Teen,White
row006_col15_female.png,Painterly,Teen,White
row006_col16_female.png,Painterly,Teen,White
row006_col17_female.png,Painterly,YoungAdult,White
row006_col18_female.png,Painterly,Teen,Asian
row006_col19_female.png,Painterly,YoungAdult,White
row006_col20_female.png,Painterly,Teen,White
row007_col01_male.png,Painterly,Teen,White
row007_col02_male.png,Painterly,Teen,White
row007_col03_male.png,Painterly,Child,White
row007_col04_male.png,Painterly,Teen,White
row007_col05_male.png,Painterly,Teen,Asian
row007_col06_male.png,Painterly,YoungAdult,White
row007_col07_male.png,Painterly,YoungAdult,White
row007_col08_male.png,Painterly,Teen,White
row007_col09_male.png,Painterly,Adult,White
row007_col10_male.png,Painterly,YoungAdult,White
row007_col11_male.png,Painterly,YoungAdult,Asian
row007_col12_male.png,Painterly,Teen,White
row007_col13_male.png,Painterly,YoungAdult,White
row007_col14_male.png,Painterly,YoungAdult,White
row007_col15_male.png,Painterly,Child,White
row007_col16_male.png,Painterly,YoungAdult,White
row007_col17_male.png,Painterly,YoungAdult,White
row007_col18_male.png,Painterly,YoungAdult,White
row007_col19_male.png,Painterly,Teen,White
row007_col20_male.png,Painterly,YoungAdult,White
row008_col01_female.png,Painterly,YoungAdult,White
row008_col02_female.png,Painterly,YoungAdult,White
row008_col03_female.png,Painterly,Teen,White
row008_col04_female.png,RetroManga,Adult,White
row008_col05_female.png,Painterly,Teen,White
row008_col06_female.png,Painterly,Teen,Asian
row008_col07_female.png,Painterly,Teen,White
row008_col08_female.png,Painterly,Adult,White
row008_col09_female.png,Painterly,Teen,White
row008_col10_female.png,Painterly,Teen,White
row008_col11_female.png,Painterly,YoungAdult,White
row008_col12_female.png,Painterly,YoungAdult,White
row008_col13_female.png,Painterly,Teen,White
row008_col14_female.png,Painterly,Child,White
row008_col15_female.png,Painterly,Teen,White
row008_col16_female.png,Painterly,Teen,Asian
row008_col17_female.png,Painterly,Teen,White
row008_col18_female.png,Painterly,YoungAdult,White
row008_col19_female.png,Painterly,Teen,White
row008_col20_female.png,Painterly,Teen,White
row009_col01_male.png,Painterly,Teen,White
row009_col02_male.png,Painterly,Adult,White
row009_col03_male.png,Painterly,Teen,White
row009_col04_male.png,Painterly,YoungAdult,White
row009_col05_male.png,Painterly,Teen,White
row009_col06_male.png,Painterly,YoungAdult,White
row009_col07_male.png,Painterly,Child,White
row009_col08_male.png,Painterly,YoungAdult,White
row009_col09_male.png,Painterly,Teen,Asian
row009_col10_male.png,Painterly,Teen,White
row009_col11_male.png,Painterly,YoungAdult,White
row009_col12_male.png,Painterly,Teen,White
row009_col13_male.png,Painterly,Teen,White
row009_col14_male.png,Painterly,YoungAdult,White
row009_col15_male.png,Painterly,Teen,White
row009_col16_male.png,Painterly,Teen,Hispanic
row009_col17_male.png,Painterly,Teen,White
row009_col18_male.png,Painterly,Teen,White
row009_col19_male.png,Painterly,YoungAdult,Asian
row009_col20_male.png,Painterly,Teen,White
row010_col01_female.png,Painterly,Teen,White
row010_col02_female.png,Painterly,Child,Asian
row010_col03_female.png,Painterly,Teen,White
row010_col04_female.png,Painterly,YoungAdult,White
row010_col05_female.png,Painterly,YoungAdult,White
row010_col06_female.png,Painterly,Teen,White
row010_col07_female.png,Painterly,Teen,White
row010_col08_female.png,Painterly,Teen,White
row010_col09_female.png,Painterly,Adult,White
row010_col10_female.png,Painterly,Teen,White
row010_col11_female.png,Painterly,YoungAdult,White
row010_col12_female.png,Pastel,YoungAdult,White
row010_col13_female.png,Painterly,YoungAdult,White
row010_col14_female.png,Painterly,Teen,White
row010_col15_female.png,Painterly,Teen,White
row010_col16_female.png,Painterly,YoungAdult,White
row010_col17_female.png,Painterly,Teen,White
row010_col18_female.png,Painterly,YoungAdult,White
row010_col19_female.png,Painterly,YoungAdult,White
row010_col20_female.png,Painterly,Teen,Asian
row011_col01_male.png,Anime,Adult,MiddleEastern
row011_col02_male.png,Anime,Teen,White
row011_col03_male.png,Anime,Adult,White
row011_col04_male.png,Anime,YoungAdult,White
row011_col05_male.png,RetroManga,Teen,White
row011_col06_male.png,Anime,Adult,White
row011_col07_male.png,Anime,Adult,White
row011_col08_male.png,Anime,YoungAdult,White
row011_col09_male.png,RetroManga,YoungAdult,White
row011_col10_male.png,Anime,Adult,White
row011_col11_male.png,RetroManga,YoungAdult,White
row011_col12_male.png,Anime,Teen,White
row011_col13_male.png,Anime,YoungAdult,Asian
row011_col14_male.png,Anime,Adult,White
row011_col15_male.png,Anime,Adult,White
row011_col16_male.png,RetroManga,Adult,White
row011_col17_male.png,Anime,Adult,White
row011_col18_male.png,Anime,Adult,White
row011_col19_male.png,Anime,YoungAdult,White
row011_col20_male.png,RetroManga,YoungAdult,White
row012_col01_female.png,Anime,YoungAdult,White
row012_col02_female.png,Anime,YoungAdult,White
row012_col03_female.png,RetroManga,Adult,White
row012_col04_female.png,RetroManga,Adult,White
row012_col05_female.png,RetroManga,Adult,White
row012_col06_female.png,RetroManga,Adult,Asian
row012_col07_female.png,Anime,Adult,White
row012_col08_female.png,Anime,Adult,White
row012_col09_female.png,Anime,Adult,MiddleEastern
row012_col10_female.png,Anime,Adult,White
row012_col11_female.png,RetroManga,Adult,White
row012_col12_female.png,Anime,Adult,White
row012_col13_female.png,RetroManga,Adult,White
row012_col14_female.png,RetroManga,Adult,White
row012_col15_female.png,RetroManga,Adult,White
row012_col16_female.png,RetroManga,Adult,White
row012_col17_female.png,Anime,Adult,Hispanic
row012_col18_female.png,RetroManga,Adult,Black
row012_col19_female.png,RetroManga,Adult,White
row012_col20_female.png,Anime,Adult,White
row013_col01_male.png,Anime,YoungAdult,White
row013_col02_male.png,Anime,Adult,White
row013_col03_male.png,Anime,YoungAdult,White
row013_col04_male.png,Anime,Adult,White
row013_col05_male.png,Anime,Adult,White
row013_col06_male.png,Anime,YoungAdult,White
row013_col07_male.png,Anime,YoungAdult,White
row013_col08_male.png,Anime,Adult,White
row013_col09_male.png,Anime,Adult,White
row013_col10_male.png,Anime,Adult,White
row013_col11_male.png,Anime,YoungAdult,Asian
row013_col12_male.png,Anime,Child,White
row013_col13_male.png,Anime,Adult,White
row013_col14_male.png,Painterly,YoungAdult,White
row013_col15_male.png,Anime,Adult,White
row013_col16_male.png,Anime,YoungAdult,White
row013_col17_male.png,Anime,YoungAdult,White
row013_col18_male.png,Anime,YoungAdult,White
row013_col19_male.png,Anime,Child,White
row013_col20_male.png,Anime,Adult,White
row014_col01_female.png,Anime,YoungAdult,White
row014_col02_female.png,Anime,YoungAdult,White
row014_col03_female.png,Anime,Adult,White
row014_col04_female.png,Anime,Adult,Asian
row014_col05_female.png,Anime,Adult,White
row014_col06_female.png,Anime,Adult,White
row014_col07_female.png,Anime,YoungAdult,White
row014_col08_female.png,Anime,Adult,White
row014_col09_female.png,Anime,Adult,White
row014_col10_female.png,Anime,Adult,White
row014_col11_female.png,Anime,YoungAdult,White
row014_col12_female.png,Anime,Adult,White
row014_col13_female.png,Anime,YoungAdult,White
row014_col14_female.png,Anime,Adult,MiddleEastern
row014_col15_female.png,Anime,YoungAdult,MiddleEastern
row014_col16_female.png,Anime,Adult,White
row014_col17_female.png,Anime,Adult,White
row014_col18_female.png,Anime,Adult,White
row014_col19_female.png,Anime,Adult,White
row014_col20_female.png,Anime,YoungAdult,White
row015_col01_male.png,Painterly,Teen,White
row015_col02_male.png,Painterly,YoungAdult,White
row015_col03_male.png,Painterly,Teen,White
row015_col04_male.png,Painterly,YoungAdult,White
row015_col05_male.png,Painterly,YoungAdult,White
row015_col06_male.png,Painterly,Teen,White
row015_col07_male.png,Painterly,YoungAdult,White
row015_col08_male.png,Painterly,Teen,White
row015_col09_male.png,Painterly,Teen,White
row015_col10_male.png,Painterly,Teen,White
row015_col11_male.png,Painterly,Teen,White
row015_col12_male.png,Painterly,YoungAdult,White
row015_col13_male.png,Painterly,Teen,White
row015_col14_male.png,Painterly,YoungAdult,White
row015_col15_male.png,Painterly,Teen,MiddleEastern
row015_col16_male.png,Painterly,Teen,White
row015_col17_male.png,Painterly,YoungAdult,White
row015_col18_male.png,Painterly,YoungAdult,White
row015_col19_male.png,Painterly,Teen,White
row015_col20_male.png,Painterly,Teen,White
row016_col01_female.png,Painterly,YoungAdult,White
row016_col02_female.png,Painterly,YoungAdult,Hispanic
row016_col03_female.png,Photo,Teen,White
row016_col04_female.png,Photo,YoungAdult,White
row016_col05_female.png,Painterly,Teen,White
row016_col06_female.png,Painterly,Teen,White
row016_col07_female.png,Painterly,YoungAdult,White
row016_col08_female.png,Photo,Teen,White
row016_col09_female.png,Photo,YoungAdult,White
row016_col10_female.png,Painterly,YoungAdult,White
row016_col11_female.png,Painterly,YoungAdult,White
row016_col12_female.png,Painterly,Teen,White
row016_col13_female.png,Painterly,Teen,White
row016_col14_female.png,Painterly,Teen,White
row016_col15_female.png,Painterly,Teen,White
row016_col16_female.png,Painterly,YoungAdult,White
row016_col17_female.png,Painterly,YoungAdult,White
row016_col18_female.png,Painterly,Teen,White
row016_col19_female.png,Painterly,Teen,White
row016_col20_female.png,Painterly,YoungAdult,Asian
row017_col01_male.png,Anime,YoungAdult,MiddleEastern
row017_col02_male.png,Painterly,YoungAdult,White
row017_col03_male.png,Painterly,YoungAdult,White
row017_col04_male.png,Painterly,YoungAdult,White
row017_col05_male.png,Painterly,YoungAdult,White
row017_col06_male.png,Painterly,YoungAdult,MiddleEastern
row017_col07_male.png,Painterly,Teen,White
row017_col08_male.png,Painterly,Teen,MiddleEastern
row017_col09_male.png,Painterly,YoungAdult,White
row017_col10_male.png,Painterly,Teen,White
row017_col11_male.png,Painterly,Adult,White
row017_col12_male.png,Painterly,YoungAdult,White
row017_col13_male.png,RetroManga,Teen,White
row017_col14_male.png,Painterly,Teen,White
row017_col15_male.png,Painterly,YoungAdult,White
row017_col16_male.png,Painterly,YoungAdult,White
row017_col17_male.png,Painterly,Teen,White
row017_col18_male.png,RetroManga,YoungAdult,White
row017_col19_male.png,RetroManga,YoungAdult,MiddleEastern
row017_col20_male.png,Painterly,YoungAdult,White
row018_col01_female.png,Painterly,Teen,White
row018_col02_female.png,RetroManga,YoungAdult,White
row018_col03_female.png,Painterly,Teen,White
row018_col04_female.png,RetroManga,Adult,White
row018_col05_female.png,Painterly,Teen,White
row018_col06_female.png,RetroManga,YoungAdult,MiddleEastern
row018_col07_female.png,RetroManga,YoungAdult,White
row018_col08_female.png,RetroManga,YoungAdult,White
row018_col09_female.png,RetroManga,YoungAdult,White
row018_col10_female.png,Painterly,Adult,White
row018_col11_female.png,RetroManga,YoungAdult,White
row018_col12_female.png,RetroManga,YoungAdult,White
row018_col13_female.png,RetroManga,YoungAdult,White
row018_col14_female.png,Painterly,YoungAdult,White
row018_col15_female.png,Painterly,Teen,White
row018_col16_female.png,Painterly,Teen,White
row018_col17_female.png,Painterly,YoungAdult,White
row018_col18_female.png,RetroManga,YoungAdult,White
row018_col19_female.png,Painterly,YoungAdult,White
row018_col20_female.png,Painterly,YoungAdult,White
row019_col01_male.png,Painterly,YoungAdult,White
row019_col02_male.png,Painterly,YoungAdult,White
row019_col03_male.png,Painterly,Teen,White
row019_col04_male.png,Painterly,YoungAdult,White
row019_col05_male.png,Painterly,YoungAdult,White
row019_col06_male.png,Painterly,YoungAdult,White
row019_col07_male.png,Painterly,YoungAdult,White
row019_col08_male.png,Painterly,YoungAdult,White
row019_col09_male.png,Painterly,YoungAdult,White
row019_col10_male.png,Painterly,Adult,White
row019_col11_male.png,Painterly,Teen,White
row019_col12_male.png,Painterly,YoungAdult,White
row019_col13_male.png,Painterly,YoungAdult,White
row019_col14_male.png,Painterly,Adult,White
row019_col15_male.png,Painterly,Teen,White
row019_col16_male.png,Painterly,YoungAdult,White
row019_col17_male.png,Painterly,Teen,White
row019_col18_male.png,Painterly,Teen,White
row019_col19_male.png,Painterly,YoungAdult,White
row019_col20_male.png,Painterly,YoungAdult,White
row020_col01_female.png,Pastel,YoungAdult,White
row020_col02_female.png,Painterly,YoungAdult,White
row020_col03_female.png,Painterly,YoungAdult,White
row020_col04_female.png,Painterly,Adult,White
row020_col05_female.png,Painterly,YoungAdult,White
row020_col06_female.png,Painterly,Adult,White
row020_col07_female.png,Painterly,Adult,White
row020_col08_female.png,Painterly,Teen,White
row020_col09_female.png,Painterly,YoungAdult,White
row020_col10_female.png,Painterly,Teen,White
row020_col11_female.png,Painterly,YoungAdult,White
row020_col12_female.png,Painterly,Teen,White
row020_col13_female.png,Pastel,YoungAdult,White
row020_col14_female.png,Painterly,Adult,White
row020_col15_female.png,Painterly,Teen,White
row020_col16_female.png,Painterly,Teen,MiddleEastern
row020_col17_female.png,Pastel,YoungAdult,White
row020_col18_female.png,Painterly,Adult,White
row020_col19_female.png,Painterly,YoungAdult,White
row020_col20_female.png,Painterly,YoungAdult,White
row021_col01_male.png,Anime,YoungAdult,MiddleEastern
row021_col02_male.png,Anime,Adult,White
row021_col03_male.png,Anime,Adult,White
row021_col04_male.png,Anime,Adult,White
row021_col05_male.png,RetroManga,YoungAdult,White
row021_col06_male.png,Anime,YoungAdult,White
row021_col07_male.png,Anime,Adult,White
row021_col08_male.png,Anime,YoungAdult,White
row021_col09_male.png,Anime,Adult,White
row021_col10_male.png,Anime,Adult,White
row021_col11_male.png,RetroManga,YoungAdult,White
row021_col12_male.png,Anime,Adult,White
row021_col13_male.png,Anime,Adult,White
row021_col14_male.png,RetroManga,Adult,White
row021_col15_male.png,Anime,Teen,MiddleEastern
row021_col16_male.png,Anime,Adult,White
row021_col17_male.png,Anime,YoungAdult,White
row021_col18_male.png,Anime,Adult,White
row021_col19_male.png,RetroManga,YoungAdult,White
row021_col20_male.png,RetroManga,YoungAdult,White
row022_col01_female.png,RetroManga,Adult,White
row022_col02_female.png,RetroManga,Adult,Asian
row022_col03_female.png,Anime,Adult,White
row022_col04_female.png,RetroManga,Adult,White
row022_col05_female.png,Anime,Adult,White
row022_col06_female.png,RetroManga,Adult,White
row022_col07_female.png,Anime,YoungAdult,White
row022_col08_female.png,RetroManga,Adult,White
row022_col09_female.png,RetroManga,Adult,White
row022_col10_female.png,Anime,Adult,White
row022_col11_female.png,Anime,Adult,White
row022_col12_female.png,Anime,Teen,White
row022_col13_female.png,Anime,Adult,White
row022_col14_female.png,RetroManga,Adult,White
row022_col15_female.png,RetroManga,Adult,White
row022_col16_female.png,Anime,YoungAdult,White
row022_col17_female.png,Anime,Adult,White
row022_col18_female.png,RetroManga,YoungAdult,White
row022_col19_female.png,Anime,Adult,White
row022_col20_female.png,RetroManga,YoungAdult,White
row023_col01_male.png,Anime,Adult,White
row023_col02_male.png,Anime,Adult,White
row023_col03_male.png,Anime,Adult,White
row023_col04_male.png,Anime,YoungAdult,White
row023_col05_male.png,Anime,YoungAdult,White
row023_col06_male.png,Anime,YoungAdult,White
row023_col07_male.png,Anime,Adult,White
row023_col08_male.png,Anime,YoungAdult,White
row023_col09_male.png,Anime,YoungAdult,White
row023_col10_male.png,Anime,Adult,White
row023_col11_male.png,Anime,Adult,White
row023_col12_male.png,Anime,Adult,White
row023_col13_male.png,Anime,Adult,White
row023_col14_male.png,Anime,YoungAdult,White
row023_col15_male.png,Anime,Adult,White
row023_col16_male.png,Anime,Adult,White
row023_col17_male.png,Anime,Adult,White
row023_col18_male.png,Anime,YoungAdult,White
row023_col19_male.png,Anime,YoungAdult,White
row023_col20_male.png,Anime,Adult,White
row024_col01_female.png,Anime,YoungAdult,MiddleEastern
row024_col02_female.png,Anime,Adult,Asian
row024_col03_female.png,Anime,Adult,White
row024_col04_female.png,Anime,Adult,White
row024_col05_female.png,Anime,Adult,White
row024_col06_female.png,Anime,Adult,White
row024_col07_female.png,Anime,YoungAdult,White
row024_col08_female.png,Anime,YoungAdult,White
row024_col09_female.png,Anime,Adult,White
row024_col10_female.png,Anime,YoungAdult,Black
row024_col11_female.png,Anime,Adult,White
row024_col12_female.png,Anime,Adult,MiddleEastern
row024_col13_female.png,Anime,Adult,Asian
row024_col14_female.png,Anime,Adult,White
row024_col15_female.png,Anime,YoungAdult,White
row024_col16_female.png,Anime,YoungAdult,White
row024_col17_female.png,Anime,YoungAdult,White
row024_col18_female.png,Anime,Adult,Asian
row024_col19_female.png,Anime,Adult,White
row024_col20_female.png,Anime,YoungAdult,White
row025_col01_male.png,Photo,Teen,White
row025_col02_male.png,Photo,YoungAdult,White
row025_col03_male.png,Painterly,YoungAdult,White
row025_col04_male.png,Photo,YoungAdult,White
row025_col05_male.png,Photo,Teen,White
row025_col06_male.png,Photo,YoungAdult,White
row025_col07_male.png,Painterly,YoungAdult,White
row025_col08_male.png,Photo,YoungAdult,White
row025_col09_male.png,Photo,YoungAdult,White
row025_col10_male.png,Photo,YoungAdult,White
row025_col11_male.png,Photo,Teen,White
row025_col12_male.png,Photo,YoungAdult,White
row025_col13_male.png,Painterly,Teen,White
row025_col14_male.png,Photo,YoungAdult,White
row025_col15_male.png,Photo,Teen,White
row025_col16_male.png,Photo,Teen,White
row025_col17_male.png,Photo,YoungAdult,White
row025_col18_male.png,Photo,Teen,White
row025_col19_male.png,Photo,YoungAdult,White
row025_col20_male.png,Photo,YoungAdult,White
row026_col01_female.png,Painterly,YoungAdult,White
row026_col02_female.png,Painterly,YoungAdult,White
row026_col03_female.png,Painterly,YoungAdult,White
row026_col04_female.png,Painterly,YoungAdult,White
row026_col05_female.png,Photo,YoungAdult,White
row026_col06_female.png,Painterly,YoungAdult,White
row026_col07_female.png,Painterly,YoungAdult,White
row026_col08_female.png,Photo,YoungAdult,White
row026_col09_female.png,Photo,YoungAdult,White
row026_col10_female.png,Photo,YoungAdult,White
row026_col11_female.png,Painterly,YoungAdult,White
row026_col12_female.png,Photo,YoungAdult,White
row026_col13_female.png,Photo,YoungAdult,White
row026_col14_female.png,Painterly,Teen,White
row026_col15_female.png,Photo,YoungAdult,White
row026_col16_female.png,Painterly,YoungAdult,White
row026_col17_female.png,Photo,YoungAdult,White
row026_col18_female.png,Photo,YoungAdult,White
row026_col19_female.png,Painterly,YoungAdult,White
row026_col20_female.png,Photo,Teen,White
row027_col01_male.png,Painterly,YoungAdult,White
row027_col02_male.png,Anime,YoungAdult,White
row027_col03_male.png,Painterly,YoungAdult,White
row027_col04_male.png,RetroManga,YoungAdult,White
row027_col05_male.png,Painterly,YoungAdult,White
row027_col06_male.png,Anime,YoungAdult,White
row027_col07_male.png,Painterly,Teen,White
row027_col08_male.png,RetroManga,YoungAdult,MiddleEastern
row027_col09_male.png,RetroManga,YoungAdult,White
row027_col10_male.png,Painterly,Adult,White
row027_col11_male.png,Painterly,YoungAdult,White
row027_col12_male.png,Painterly,YoungAdult,White
row027_col13_male.png,RetroManga,YoungAdult,MiddleEastern
row027_col14_male.png,RetroManga,YoungAdult,MiddleEastern
row027_col15_male.png,Painterly,YoungAdult,White
row027_col16_male.png,Painterly,YoungAdult,White
row027_col17_male.png,Painterly,YoungAdult,White
row027_col18_male.png,Painterly,Teen,White
row027_col19_male.png,Painterly,YoungAdult,White
row027_col20_male.png,Painterly,YoungAdult,White
row028_col01_female.png,Painterly,YoungAdult,White
row028_col02_female.png,RetroManga,YoungAdult,MiddleEastern
row028_col03_female.png,RetroManga,YoungAdult,MiddleEastern
row028_col04_female.png,RetroManga,YoungAdult,White
row028_col05_female.png,Painterly,YoungAdult,White
row028_col06_female.png,Painterly,YoungAdult,White
row028_col07_female.png,Painterly,Adult,White
row028_col08_female.png,Anime,YoungAdult,MiddleEastern
row028_col09_female.png,Painterly,YoungAdult,MiddleEastern
row028_col10_female.png,Painterly,YoungAdult,White
row028_col11_female.png,Painterly,YoungAdult,White
row028_col12_female.png,RetroManga,YoungAdult,White
row028_col13_female.png,RetroManga,YoungAdult,MiddleEastern
row028_col14_female.png,RetroManga,YoungAdult,White
row028_col15_female.png,Painterly,YoungAdult,White
row028_col16_female.png,Painterly,YoungAdult,MiddleEastern
row028_col17_female.png,Anime,YoungAdult,White
row028_col18_female.png,Painterly,YoungAdult,White
row028_col19_female.png,RetroManga,YoungAdult,White
row028_col20_female.png,Painterly,YoungAdult,MiddleEastern
row029_col01_male.png,Painterly,YoungAdult,White
row029_col02_male.png,Pastel,YoungAdult,White
row029_col03_male.png,Painterly,Adult,White
row029_col04_male.png,Painterly,YoungAdult,White
row029_col05_male.png,Painterly,YoungAdult,White
row029_col06_male.png,Painterly,YoungAdult,White
row029_col07_male.png,Painterly,YoungAdult,White
row029_col08_male.png,Watercolor,YoungAdult,White
row029_col09_male.png,Painterly,YoungAdult,White
row029_col10_male.png,Painterly,YoungAdult,White
row029_col11_male.png,Painterly,YoungAdult,White
row029_col12_male.png,Painterly,YoungAdult,White
row029_col13_male.png,Painterly,YoungAdult,White
row029_col14_male.png,Painterly,YoungAdult,White
row029_col15_male.png,Painterly,YoungAdult,White
row029_col16_male.png,Painterly,YoungAdult,White
row029_col17_male.png,Painterly,Teen,White
row029_col18_male.png,Painterly,YoungAdult,White
row029_col19_male.png,Painterly,Teen,White
row029_col20_male.png,Painterly,Teen,White
row030_col01_female.png,Painterly,YoungAdult,White
row030_col02_female.png,Painterly,YoungAdult,White
row030_col03_female.png,Painterly,YoungAdult,White
row030_col04_female.png,Painterly,YoungAdult,White
row030_col05_female.png,Painterly,YoungAdult,White
row030_col06_female.png,Pastel,YoungAdult,White
row030_col07_female.png,Painterly,YoungAdult,White
row030_col08_female.png,Painterly,YoungAdult,White
row030_col09_female.png,Painterly,YoungAdult,White
row030_col10_female.png,Pastel,YoungAdult,White
row030_col11_female.png,Painterly,YoungAdult,White
row030_col12_female.png,Painterly,YoungAdult,White
row030_col13_female.png,Painterly,YoungAdult,White
row030_col14_female.png,Painterly,YoungAdult,White
row030_col15_female.png,Painterly,YoungAdult,White
row030_col16_female.png,Painterly,YoungAdult,White
row030_col17_female.png,Painterly,YoungAdult,White
row030_col18_female.png,Painterly,Adult,White
row030_col19_female.png,Painterly,YoungAdult,White
row030_col20_female.png,Painterly,YoungAdult,White
row031_col01_male.png,Anime,YoungAdult,White
row031_col02_male.png,Anime,Adult,White
row031_col03_male.png,Anime,Adult,White
row031_col04_male.png,RetroManga,Adult,White
row031_col05_male.png,RetroManga,YoungAdult,White
row031_col06_male.png,Anime,Adult,White
row031_col07_male.png,Anime,YoungAdult,White
row031_col08_male.png,Anime,YoungAdult,White
row031_col09_male.png,Anime,YoungAdult,White
row031_col10_male.png,Anime,Adult,White
row031_col11_male.png,Anime,Adult,White
row031_col12_male.png,Anime,YoungAdult,White
row031_col13_male.png,Anime,YoungAdult,White
row031_col14_male.png,Anime,Adult,White
row031_col15_male.png,Anime,Adult,White
row031_col16_male.png,RetroManga,YoungAdult,MiddleEastern
row031_col17_male.png,Anime,Adult,White
row031_col18_male.png,Anime,Adult,White
row031_col19_male.png,RetroManga,Teen,White
row031_col20_male.png,RetroManga,Adult,White
row032_col01_female.png,Anime,Adult,White
row032_col02_female.png,RetroManga,YoungAdult,White
row032_col03_female.png,Anime,YoungAdult,White
row032_col04_female.png,RetroManga,YoungAdult,White
row032_col05_female.png,Anime,Adult,White
row032_col06_female.png,RetroManga,YoungAdult,White
row032_col07_female.png,Anime,YoungAdult,White
row032_col08_female.png,Anime,YoungAdult,MiddleEastern
row032_col09_female.png,Anime,Adult,White
row032_col10_female.png,Anime,Adult,White
row032_col11_female.png,Anime,Adult,Asian
row032_col12_female.png,Anime,Adult,White
row032_col13_female.png,RetroManga,Adult,White
row032_col14_female.png,Anime,Adult,White
row032_col15_female.png,Anime,YoungAdult,MiddleEastern
row032_col16_female.png,RetroManga,YoungAdult,White
row032_col17_female.png,Anime,Adult,White
row032_col18_female.png,RetroManga,Adult,White
row032_col19_female.png,RetroManga,Adult,White
row032_col20_female.png,RetroManga,YoungAdult,White
row033_col01_male.png,Anime,Adult,White
row033_col02_male.png,Anime,Adult,White
row033_col03_male.png,Anime,Adult,White
row033_col04_male.png,Anime,YoungAdult,White
row033_col05_male.png,Anime,Teen,White
row033_col06_male.png,Anime,Adult,White
row033_col07_male.png,Anime,Adult,White
row033_col08_male.png,Anime,YoungAdult,White
row033_col09_male.png,Anime,Adult,White
row033_col10_male.png,Anime,Adult,White
row033_col11_male.png,Anime,Adult,White
row033_col12_male.png,Anime,YoungAdult,White
row033_col13_male.png,Anime,Adult,White
row033_col14_male.png,Anime,YoungAdult,White
row033_col15_male.png,Anime,Adult,White
row033_col16_male.png,Anime,Adult,White
row033_col17_male.png,Anime,Adult,Asian
row033_col18_male.png,Anime,Adult,White
row033_col19_male.png,Anime,Teen,White
row033_col20_male.png,Anime,Adult,White
row034_col01_female.png,Anime,YoungAdult,White
row034_col02_female.png,Anime,Adult,White
row034_col03_female.png,Anime,YoungAdult,White
row034_col04_female.png,Anime,YoungAdult,White
row034_col05_female.png,Anime,Adult,White
row034_col06_female.png,Anime,Adult,White
row034_col07_female.png,Anime,YoungAdult,White
row034_col08_female.png,Anime,Adult,Asian
row034_col09_female.png,Anime,YoungAdult,White
row034_col10_female.png,Anime,Adult,White
row034_col11_female.png,Anime,Adult,White
row034_col12_female.png,Anime,Adult,White
row034_col13_female.png,Anime,YoungAdult,White
row034_col14_female.png,Anime,Adult,Black
row034_col15_female.png,Anime,YoungAdult,White
row034_col16_female.png,Anime,YoungAdult,White
row034_col17_female.png,Anime,Adult,White
row034_col18_female.png,Anime,Adult,White
row034_col19_female.png,Anime,Adult,White
row034_col20_female.png,Anime,Adult,White
row035_col01_male.png,Photo,YoungAdult,White
row035_col02_male.png,Photo,YoungAdult,White
row035_col03_male.png,Photo,YoungAdult,White
row035_col04_male.png,Photo,YoungAdult,White
row035_col05_male.png,Photo,YoungAdult,White
row035_col06_male.png,Photo,YoungAdult,White
row035_col07_male.png,Photo,YoungAdult,White
row035_col08_male.png,Photo,YoungAdult,White
row035_col09_male.png,Photo,YoungAdult,White
row035_col10_male.png,Photo,YoungAdult,White
row035_col11_male.png,Photo,Teen,White
row035_col12_male.png,Photo,YoungAdult,White
row035_col13_male.png,Photo,YoungAdult,White
row035_col14_male.png,Photo,YoungAdult,White
row035_col15_male.png,Photo,YoungAdult,White
row035_col16_male.png,Photo,YoungAdult,White
row035_col17_male.png,Photo,YoungAdult,White
row035_col18_male.png,Photo,YoungAdult,White
row035_col19_male.png,Photo,YoungAdult,White
row035_col20_male.png,Photo,YoungAdult,White
row036_col01_female.png,Photo,Teen,White
row036_col02_female.png,Photo,YoungAdult,White
row036_col03_female.png,Painterly,YoungAdult,White
row036_col04_female.png,Photo,YoungAdult,White
row036_col05_female.png,Photo,YoungAdult,White
row036_col06_female.png,Painterly,YoungAdult,White
row036_col07_female.png,Photo,YoungAdult,White
row036_col08_female.png,Painterly,YoungAdult,White
row036_col09_female.png,Photo,Teen,White
row036_col10_female.png,Photo,YoungAdult,White
row036_col11_female.png,Photo,YoungAdult,White
row036_col12_female.png,Painterly,Teen,White
row036_col13_female.png,Photo,YoungAdult,White
row036_col14_female.png,Photo,YoungAdult,White
row036_col15_female.png,Photo,YoungAdult,White
row036_col16_female.png,Painterly,YoungAdult,White
row036_col17_female.png,Painterly,YoungAdult,White
row036_col18_female.png,Photo,YoungAdult,White
row036_col19_female.png,Photo,YoungAdult,White
row036_col20_female.png,Photo,YoungAdult,White
row037_col01_male.png,Painterly,YoungAdult,White
row037_col02_male.png,Painterly,YoungAdult,White
row037_col03_male.png,RetroManga,YoungAdult,MiddleEastern
row037_col04_male.png,RetroManga,YoungAdult,White
row037_col05_male.png,Painterly,YoungAdult,White
row037_col06_male.png,Painterly,YoungAdult,White
row037_col07_male.png,Painterly,YoungAdult,White
row037_col08_male.png,Painterly,YoungAdult,White
row037_col09_male.png,Painterly,YoungAdult,White
row037_col10_male.png,Painterly,YoungAdult,White
row037_col11_male.png,Painterly,Teen,White
row037_col12_male.png,Painterly,YoungAdult,White
row037_col13_male.png,Painterly,YoungAdult,White
row037_col14_male.png,Painterly,YoungAdult,White
row037_col15_male.png,Painterly,YoungAdult,MiddleEastern
row037_col16_male.png,Painterly,YoungAdult,White
row037_col17_male.png,Anime,Adult,White
row037_col18_male.png,Painterly,YoungAdult,White
row037_col19_male.png,Painterly,YoungAdult,White
row037_col20_male.png,Painterly,YoungAdult,White
row038_col01_female.png,Painterly,YoungAdult,MiddleEastern
row038_col02_female.png,RetroManga,YoungAdult,MiddleEastern
row038_col03_female.png,Painterly,YoungAdult,White
row038_col04_female.png,RetroManga,YoungAdult,White
row038_col05_female.png,RetroManga,YoungAdult,MiddleEastern
row038_col06_female.png,Painterly,YoungAdult,White
row038_col07_female.png,Painterly,YoungAdult,White
row038_col08_female.png,RetroManga,YoungAdult,MiddleEastern
row038_col09_female.png,Painterly,YoungAdult,White
row038_col10_female.png,Painterly,YoungAdult,White
row038_col11_female.png,RetroManga,YoungAdult,White
row038_col12_female.png,Painterly,YoungAdult,White
row038_col13_female.png,RetroManga,YoungAdult,MiddleEastern
row038_col14_female.png,Painterly,YoungAdult,White
row038_col15_female.png,Painterly,YoungAdult,White
row038_col16_female.png,Painterly,YoungAdult,MiddleEastern
row038_col17_female.png,Painterly,YoungAdult,White
row038_col18_female.png,Painterly,Adult,MiddleEastern
row038_col19_female.png,Painterly,YoungAdult,White
row038_col20_female.png,Painterly,YoungAdult,White
row039_col01_male.png,Painterly,YoungAdult,White
row039_col02_male.png,Pastel,YoungAdult,White
row039_col03_male.png,Painterly,YoungAdult,White
row039_col04_male.png,Painterly,YoungAdult,White
row039_col05_male.png,Pastel,YoungAdult,White
row039_col06_male.png,Painterly,YoungAdult,White
row039_col07_male.png,Painterly,YoungAdult,White
row039_col08_male.png,Painterly,YoungAdult,White
row039_col09_male.png,Painterly,YoungAdult,White
row039_col10_male.png,Pastel,YoungAdult,White
row039_col11_male.png,Painterly,YoungAdult,White
row039_col12_male.png,Painterly,YoungAdult,White
row039_col13_male.png,Painterly,YoungAdult,White
row039_col14_male.png,Painterly,YoungAdult,White
row039_col15_male.png,Painterly,YoungAdult,White
row039_col16_male.png,Painterly,YoungAdult,White
row039_col17_male.png,Pastel,YoungAdult,White
row039_col18_male.png,Painterly,YoungAdult,White
row039_col19_male.png,Painterly,YoungAdult,White
row039_col20_male.png,Photo,YoungAdult,White
row040_col01_female.png,Painterly,YoungAdult,White
row040_col02_female.png,Painterly,YoungAdult,White
row040_col03_female.png,Painterly,YoungAdult,White
row040_col04_female.png,Painterly,YoungAdult,White
row040_col05_female.png,Painterly,YoungAdult,White
row040_col06_female.png,Painterly,YoungAdult,White
row040_col07_female.png,Painterly,YoungAdult,White
row040_col08_female.png,Painterly,YoungAdult,White
row040_col09_female.png,Watercolor,YoungAdult,White
row040_col10_female.png,Painterly,YoungAdult,White
row040_col11_female.png,Painterly,Adult,White
row040_col12_female.png,Painterly,YoungAdult,White
row040_col13_female.png,Painterly,YoungAdult,White
row040_col14_female.png,Painterly,Adult,White
row040_col15_female.png,Painterly,YoungAdult,White
row040_col16_female.png,Painterly,YoungAdult,White
row040_col17_female.png,Painterly,YoungAdult,White
row040_col18_female.png,Painterly,YoungAdult,White
row040_col19_female.png,Pastel,YoungAdult,White
row040_col20_female.png,Painterly,YoungAdult,Asian
row041_col01_male.png,RetroManga,YoungAdult,MiddleEastern
row041_col02_male.png,RetroManga,YoungAdult,White
row041_col03_male.png,Anime,YoungAdult,White
row041_col04_male.png,Anime,Adult,White
row041_col05_male.png,RetroManga,YoungAdult,White
row041_col06_male.png,Anime,YoungAdult,White
row041_col07_male.png,Anime,YoungAdult,White
row041_col08_male.png,Anime,YoungAdult,White
row041_col09_male.png,RetroManga,YoungAdult,White
row041_col10_male.png,Anime,YoungAdult,White
row041_col11_male.png,RetroManga,YoungAdult,White
row041_col12_male.png,RetroManga,YoungAdult,MiddleEastern
row041_col13_male.png,Anime,YoungAdult,White
row041_col14_male.png,RetroManga,YoungAdult,MiddleEastern
row041_col15_male.png,Anime,YoungAdult,White
row041_col16_male.png,Anime,YoungAdult,White
row041_col17_male.png,Anime,YoungAdult,White
row041_col18_male.png,Anime,Adult,White
row041_col19_male.png,RetroManga,YoungAdult,MiddleEastern
row041_col20_male.png,RetroManga,YoungAdult,White
row042_col01_female.png,Anime,Adult,White
row042_col02_female.png,Anime,YoungAdult,White
row042_col03_female.png,Anime,Adult,White
row042_col04_female.png,RetroManga,Adult,White
row042_col05_female.png,RetroManga,Adult,White
row042_col06_female.png,RetroManga,Adult,White
row042_col07_female.png,Anime,Adult,MiddleEastern
row042_col08_female.png,RetroManga,YoungAdult,White
row042_col09_female.png,RetroManga,YoungAdult,White
row042_col10_female.png,RetroManga,Adult,White
row042_col11_female.png,Anime,Adult,White
row042_col12_female.png,Anime,Adult,Asian
row042_col13_female.png,RetroManga,Adult,White
row042_col14_female.png,RetroManga,YoungAdult,White
row042_col15_female.png,Anime,Adult,White
row042_col16_female.png,RetroManga,YoungAdult,White
row042_col17_female.png,Anime,Adult,White
row042_col18_female.png,RetroManga,Adult,Asian
row042_col19_female.png,RetroManga,Adult,White
row042_col20_female.png,RetroManga,YoungAdult,White
row043_col01_male.png,Anime,YoungAdult,White
row043_col02_male.png,Anime,YoungAdult,White
row043_col03_male.png,Anime,YoungAdult,MiddleEastern
row043_col04_male.png,Anime,YoungAdult,White
row043_col05_male.png,Anime,YoungAdult,Asian
row043_col06_male.png,Anime,Adult,White
row043_col07_male.png,Anime,Adult,White
row043_col08_male.png,Anime,YoungAdult,White
row043_col09_male.png,Anime,YoungAdult,White
row043_col10_male.png,Anime,Adult,White
row043_col11_male.png,Anime,Adult,White
row043_col12_male.png,Anime,YoungAdult,MiddleEastern
row043_col13_male.png,Anime,YoungAdult,MiddleEastern
row043_col14_male.png,Anime,YoungAdult,White
row043_col15_male.png,Anime,YoungAdult,White
row043_col16_male.png,Anime,YoungAdult,White
row043_col17_male.png,Anime,Adult,White
row043_col18_male.png,Anime,YoungAdult,White
row043_col19_male.png,Anime,YoungAdult,White
row043_col20_male.png,Anime,YoungAdult,White
row044_col01_female.png,Anime,Adult,White
row044_col02_female.png,Anime,YoungAdult,White
row044_col03_female.png,Anime,YoungAdult,White
row044_col04_female.png,Anime,Adult,White
row044_col05_female.png,Anime,YoungAdult,White
row044_col06_female.png,Anime,Adult,White
row044_col07_female.png,Anime,Adult,White
row044_col08_female.png,Anime,YoungAdult,White
row044_col09_female.png,Anime,YoungAdult,MiddleEastern
row044_col10_female.png,Anime,Adult,White
row044_col11_female.png,Anime,YoungAdult,Asian
row044_col12_female.png,Anime,Adult,White
row044_col13_female.png,Anime,YoungAdult,White
row044_col14_female.png,Anime,YoungAdult,White
row044_col15_female.png,Anime,YoungAdult,White
row044_col16_female.png,Anime,YoungAdult,White
row044_col17_female.png,Anime,Adult,White
row044_col18_female.png,RetroManga,Adult,White
row044_col19_female.png,Anime,YoungAdult,White
row044_col20_female.png,Anime,YoungAdult,White
row045_col01_male.png,Photo,YoungAdult,White
row045_col02_male.png,Photo,YoungAdult,White
row045_col03_male.png,Photo,YoungAdult,White
row045_col04_male.png,Photo,YoungAdult,White
row045_col05_male.png,Photo,YoungAdult,White
row045_col06_male.png,Photo,YoungAdult,White
row045_col07_male.png,Photo,YoungAdult,White
row045_col08_male.png,Photo,YoungAdult,White
row045_col09_male.png,Photo,YoungAdult,MiddleEastern
row045_col10_male.png,Photo,YoungAdult,White
row045_col11_male.png,Photo,YoungAdult,White
row045_col12_male.png,Photo,YoungAdult,White
row045_col13_male.png,Photo,YoungAdult,White
row045_col14_male.png,Photo,YoungAdult,White
row045_col15_male.png,Photo,YoungAdult,White
row045_col16_male.png,Photo,YoungAdult,White
row045_col17_male.png,Photo,YoungAdult,White
row045_col18_male.png,Photo,YoungAdult,White
row045_col19_male.png,Photo,YoungAdult,White
row045_col20_male.png,Photo,YoungAdult,White
row046_col01_female.png,Photo,YoungAdult,White
row046_col02_female.png,Photo,Adult,White
row046_col03_female.png,Photo,YoungAdult,White
row046_col04_female.png,Photo,YoungAdult,White
row046_col05_female.png,Photo,YoungAdult,White
row046_col06_female.png,Painterly,YoungAdult,White
row046_col07_female.png,Photo,YoungAdult,White
row046_col08_female.png,Painterly,YoungAdult,White
row046_col09_female.png,Photo,YoungAdult,MiddleEastern
row046_col10_female.png,Photo,YoungAdult,White
row046_col11_female.png,Photo,YoungAdult,White
row046_col12_female.png,Photo,YoungAdult,White
row046_col13_female.png,Photo,YoungAdult,White
row046_col14_female.png,Painterly,YoungAdult,White
row046_col15_female.png,Photo,YoungAdult,White
row046_col16_female.png,Photo,YoungAdult,White
row046_col17_female.png,Painterly,YoungAdult,White
row046_col18_female.png,Photo,YoungAdult,White
row046_col19_female.png,Photo,YoungAdult,White
row046_col20_female.png,Photo,YoungAdult,White
row047_col01_male.png,Anime,YoungAdult,MiddleEastern
row047_col02_male.png,RetroManga,YoungAdult,White
row047_col03_male.png,Painterly,YoungAdult,White
row047_col04_male.png,Painterly,YoungAdult,White
row047_col05_male.png,Painterly,YoungAdult,White
row047_col06_male.png,Painterly,YoungAdult,White
row047_col07_male.png,Painterly,YoungAdult,White
row047_col08_male.png,Painterly,YoungAdult,White
row047_col09_male.png,Painterly,YoungAdult,White
row047_col10_male.png,Painterly,YoungAdult,White
row047_col11_male.png,Painterly,YoungAdult,White
row047_col12_male.png,Painterly,YoungAdult,White
row047_col13_male.png,Anime,YoungAdult,MiddleEastern
row047_col14_male.png,Painterly,YoungAdult,MiddleEastern
row047_col15_male.png,Painterly,YoungAdult,MiddleEastern
row047_col16_male.png,Painterly,YoungAdult,White
row047_col17_male.png,Painterly,YoungAdult,MiddleEastern
row047_col18_male.png,Painterly,YoungAdult,White
row047_col19_male.png,RetroManga,YoungAdult,MiddleEastern
row047_col20_male.png,Painterly,YoungAdult,MiddleEastern
row048_col01_female.png,Painterly,YoungAdult,MiddleEastern
row048_col02_female.png,Painterly,YoungAdult,MiddleEastern
row048_col03_female.png,Painterly,YoungAdult,White
row048_col04_female.png,Painterly,YoungAdult,White
row048_col05_female.png,Painterly,YoungAdult,White
row048_col06_female.png,Anime,YoungAdult,MiddleEastern
row048_col07_female.png,RetroManga,YoungAdult,White
row048_col08_female.png,Painterly,YoungAdult,MiddleEastern
row048_col09_female.png,RetroManga,YoungAdult,White
row048_col10_female.png,Painterly,YoungAdult,White
row048_col11_female.png,Painterly,Adult,White
row048_col12_female.png,Painterly,YoungAdult,MiddleEastern
row048_col13_female.png,RetroManga,YoungAdult,MiddleEastern
row048_col14_female.png,Painterly,YoungAdult,White
row048_col15_female.png,Painterly,YoungAdult,White
row048_col16_female.png,Painterly,YoungAdult,MiddleEastern
row048_col17_female.png,Painterly,YoungAdult,White
row048_col18_female.png,RetroManga,YoungAdult,White
row048_col19_female.png,Painterly,YoungAdult,White
row048_col20_female.png,Painterly,YoungAdult,White
row049_col01_male.png,Painterly,YoungAdult,White
row049_col02_male.png,Painterly,YoungAdult,White
row049_col03_male.png,Painterly,YoungAdult,White
row049_col04_male.png,Painterly,YoungAdult,White
row049_col05_male.png,Painterly,YoungAdult,MiddleEastern
row049_col06_male.png,Painterly,YoungAdult,White
row049_col07_male.png,Painterly,YoungAdult,White
row049_col08_male.png,Painterly,YoungAdult,White
row049_col09_male.png,Painterly,YoungAdult,White
row049_col10_male.png,Pastel,YoungAdult,White
row049_col11_male.png,Painterly,YoungAdult,White
row049_col12_male.png,Painterly,YoungAdult,White
row049_col13_male.png,Painterly,YoungAdult,White
row049_col14_male.png,Watercolor,YoungAdult,White
row049_col15_male.png,Painterly,YoungAdult,White
row049_col16_male.png,Pastel,YoungAdult,White
row049_col17_male.png,Painterly,YoungAdult,White
row049_col18_male.png,Painterly,YoungAdult,White
row049_col19_male.png,Painterly,YoungAdult,White
row049_col20_male.png,Painterly,YoungAdult,White
row050_col01_female.png,Painterly,YoungAdult,White
row050_col02_female.png,Painterly,YoungAdult,White
row050_col03_female.png,Painterly,Adult,White
row050_col04_female.png,Painterly,YoungAdult,White
row050_col05_female.png,Painterly,YoungAdult,White
row050_col06_female.png,Painterly,Adult,White
row050_col07_female.png,Painterly,YoungAdult,White
row050_col08_female.png,Painterly,YoungAdult,White
row050_col09_female.png,Painterly,YoungAdult,White
row050_col10_female.png,Painterly,YoungAdult,White
row050_col11_female.png,Painterly,Adult,White
row050_col12_female.png,Painterly,YoungAdult,White
row050_col13_female.png,Painterly,YoungAdult,White
row050_col14_female.png,Painterly,YoungAdult,White
row050_col15_female.png,Painterly,YoungAdult,White
row050_col16_female.png,Painterly,YoungAdult,MiddleEastern
row050_col17_female.png,Painterly,YoungAdult,White
row050_col18_female.png,Painterly,Adult,White
row050_col19_female.png,Painterly,YoungAdult,MiddleEastern
row050_col20_female.png,Painterly,YoungAdult,White
row051_col01_male.png,RetroManga,YoungAdult,White
row051_col02_male.png,Watercolor,YoungAdult,MiddleEastern
row051_col03_male.png,RetroManga,Adult,White
row051_col04_male.png,RetroManga,YoungAdult,White
row051_col05_male.png,RetroManga,YoungAdult,White
row051_col06_male.png,RetroManga,YoungAdult,White
row051_col07_male.png,RetroManga,Adult,MiddleEastern
row051_col08_male.png,Painterly,Adult,White
row051_col09_male.png,RetroManga,YoungAdult,White
row051_col10_male.png,Painterly,YoungAdult,White
row051_col11_male.png,RetroManga,YoungAdult,MiddleEastern
row051_col12_male.png,Anime,YoungAdult,MiddleEastern
row051_col13_male.png,RetroManga,YoungAdult,White
row051_col14_male.png,RetroManga,Adult,White
row051_col15_male.png,Anime,Adult,MiddleEastern
row051_col16_male.png,RetroManga,Adult,White
row051_col17_male.png,RetroManga,Adult,White
row051_col18_male.png,Anime,YoungAdult,White
row051_col19_male.png,RetroManga,Adult,MiddleEastern
row051_col20_male.png,RetroManga,Adult,White
row052_col01_female.png,Anime,Adult,White
row052_col02_female.png,Painterly,Adult,White
row052_col03_female.png,Watercolor,Adult,White
row052_col04_female.png,RetroManga,Adult,White
row052_col05_female.png,Anime,Adult,White
row052_col06_female.png,RetroManga,MiddleAge,White
row052_col07_female.png,RetroManga,YoungAdult,White
row052_col08_female.png,RetroManga,YoungAdult,White
row052_col09_female.png,RetroManga,Adult,White
row052_col10_female.png,Painterly,Adult,White
row052_col11_female.png,RetroManga,Adult,White
row052_col12_female.png,Painterly,Adult,White
row052_col13_female.png,Anime,Adult,White
row052_col14_female.png,RetroManga,Adult,White
row052_col15_female.png,RetroManga,YoungAdult,White
row052_col16_female.png,Painterly,Adult,White
row052_col17_female.png,RetroManga,YoungAdult,White
row052_col18_female.png,RetroManga,Adult,White
row052_col19_female.png,RetroManga,YoungAdult,White
row052_col20_female.png,RetroManga,YoungAdult,White
row053_col01_male.png,Painterly,YoungAdult,White
row053_col02_male.png,Anime,YoungAdult,White
row053_col03_male.png,Painterly,Adult,White
row053_col04_male.png,Anime,YoungAdult,White
row053_col05_male.png,Anime,YoungAdult,White
row053_col06_male.png,Anime,Adult,White
row053_col07_male.png,RetroManga,YoungAdult,MiddleEastern
row053_col08_male.png,Anime,YoungAdult,White
row053_col09_male.png,Anime,Adult,White
row053_col10_male.png,Anime,Adult,White
row053_col11_male.png,Anime,YoungAdult,White
row053_col12_male.png,RetroManga,YoungAdult,MiddleEastern
row053_col13_male.png,Anime,YoungAdult,MiddleEastern
row053_col14_male.png,Painterly,YoungAdult,White
row053_col15_male.png,Painterly,YoungAdult,White
row053_col16_male.png,Anime,YoungAdult,White
row053_col17_male.png,Anime,Adult,White
row053_col18_male.png,Anime,YoungAdult,MiddleEastern
row053_col19_male.png,RetroManga,YoungAdult,White
row053_col20_male.png,Painterly,Adult,White
row054_col01_female.png,Anime,YoungAdult,White
row054_col02_female.png,RetroManga,Adult,White
row054_col03_female.png,Anime,Adult,White
row054_col04_female.png,Anime,Adult,White
row054_col05_female.png,Anime,YoungAdult,White
row054_col06_female.png,Anime,YoungAdult,MiddleEastern
row054_col07_female.png,Anime,Adult,White
row054_col08_female.png,Painterly,Adult,White
row054_col09_female.png,Anime,YoungAdult,White
row054_col10_female.png,Anime,YoungAdult,White
row054_col11_female.png,Painterly,YoungAdult,White
row054_col12_female.png,Anime,Adult,White
row054_col13_female.png,RetroManga,Adult,White
row054_col14_female.png,Painterly,YoungAdult,White
row054_col15_female.png,Anime,Adult,White
row054_col16_female.png,Anime,Adult,White
row054_col17_female.png,Anime,Adult,White
row054_col18_female.png,Anime,Adult,White
row054_col19_female.png,Anime,YoungAdult,White
row054_col20_female.png,Anime,Adult,White
row055_col01_male.png,Photo,YoungAdult,MiddleEastern
row055_col02_male.png,Painterly,YoungAdult,White
row055_col03_male.png,Photo,YoungAdult,White
row055_col04_male.png,Photo,YoungAdult,White
row055_col05_male.png,Painterly,YoungAdult,White
row055_col06_male.png,Photo,Adult,White
row055_col07_male.png,Painterly,YoungAdult,White
row055_col08_male.png,Painterly,YoungAdult,White
row055_col09_male.png,Painterly,YoungAdult,White
row055_col10_male.png,Painterly,Adult,White
row055_col11_male.png,Painterly,YoungAdult,MiddleEastern
row055_col12_male.png,Painterly,Adult,White
row055_col13_male.png,Painterly,Adult,MiddleEastern
row055_col14_male.png,Painterly,Adult,White
row055_col15_male.png,Photo,Adult,White
row055_col16_male.png,Painterly,Adult,White
row055_col17_male.png,Painterly,Adult,White
row055_col18_male.png,Painterly,YoungAdult,White
row055_col19_male.png,Painterly,Adult,White
row055_col20_male.png,Painterly,Adult,White
row056_col01_female.png,Painterly,YoungAdult,White
row056_col02_female.png,Painterly,Adult,White
row056_col03_female.png,Painterly,Adult,White
row056_col04_female.png,Painterly,Adult,White
row056_col05_female.png,Painterly,Adult,White
row056_col06_female.png,Painterly,Adult,White
row056_col07_female.png,Painterly,Adult,White
row056_col08_female.png,Painterly,Adult,White
row056_col09_female.png,Photo,Adult,White
row056_col10_female.png,Painterly,Adult,White
row056_col11_female.png,Painterly,YoungAdult,White
row056_col12_female.png,Photo,Adult,White
row056_col13_female.png,Painterly,Adult,White
row056_col14_female.png,Painterly,Adult,White
row056_col15_female.png,Photo,YoungAdult,White
row056_col16_female.png,Painterly,Adult,White
row056_col17_female.png,Painterly,Adult,White
row056_col18_female.png,Painterly,Adult,White
row056_col19_female.png,Painterly,Adult,White
row056_col20_female.png,Painterly,YoungAdult,White
row057_col01_male.png,Painterly,YoungAdult,White
row057_col02_male.png,Painterly,YoungAdult,White
row057_col03_male.png,Painterly,Adult,MiddleEastern
row057_col04_male.png,Painterly,YoungAdult,White
row057_col05_male.png,Painterly,YoungAdult,White
row057_col06_male.png,Painterly,Adult,White
row057_col07_male.png,Painterly,YoungAdult,White
row057_col08_male.png,Painterly,Adult,White
row057_col09_male.png,RetroManga,YoungAdult,MiddleEastern
row057_col10_male.png,Painterly,Adult,White
row057_col11_male.png,Painterly,YoungAdult,White
row057_col12_male.png,Painterly,Adult,MiddleEastern
row057_col13_male.png,Painterly,Adult,MiddleEastern
row057_col14_male.png,RetroManga,Adult,MiddleEastern
row057_col15_male.png,Painterly,Adult,White
row057_col16_male.png,Painterly,YoungAdult,White
row057_col17_male.png,Painterly,Adult,White
row057_col18_male.png,Painterly,Adult,White
row057_col19_male.png,Painterly,Adult,White
row057_col20_male.png,Painterly,Adult,MiddleEastern
row058_col01_female.png,Painterly,YoungAdult,White
row058_col02_female.png,RetroManga,Adult,White
row058_col03_female.png,Painterly,Adult,White
row058_col04_female.png,Painterly,YoungAdult,White
row058_col05_female.png,Painterly,YoungAdult,White
row058_col06_female.png,Painterly,Adult,White
row058_col07_female.png,Painterly,YoungAdult,White
row058_col08_female.png,Painterly,Adult,White
row058_col09_female.png,Painterly,YoungAdult,White
row058_col10_female.png,Painterly,Adult,White
row058_col11_female.png,Painterly,Adult,White
row058_col12_female.png,Painterly,YoungAdult,White
row058_col13_female.png,RetroManga,YoungAdult,White
row058_col14_female.png,Painterly,Adult,White
row058_col15_female.png,Painterly,Adult,White
row058_col16_female.png,Painterly,Adult,White
row058_col17_female.png,Painterly,YoungAdult,White
row058_col18_female.png,Painterly,Adult,White
row058_col19_female.png,Painterly,Adult,White
row058_col20_female.png,Painterly,Adult,White
row059_col01_male.png,Painterly,Adult,White
row059_col02_male.png,Painterly,Adult,White
row059_col03_male.png,Watercolor,YoungAdult,White
row059_col04_male.png,Painterly,Adult,White
row059_col05_male.png,Painterly,Adult,White
row059_col06_male.png,Painterly,Adult,White
row059_col07_male.png,Painterly,Adult,White
row059_col08_male.png,Painterly,Adult,White
row059_col09_male.png,Watercolor,Adult,White
row059_col10_male.png,Painterly,Adult,White
row059_col11_male.png,Watercolor,YoungAdult,White
row059_col12_male.png,Painterly,YoungAdult,White
row059_col13_male.png,Painterly,Adult,White
row059_col14_male.png,Painterly,Adult,White
row059_col15_male.png,Painterly,Adult,White
row059_col16_male.png,Watercolor,Adult,White
row059_col17_male.png,Painterly,Adult,White
row059_col18_male.png,Painterly,Adult,White
row059_col19_male.png,Painterly,YoungAdult,White
row059_col20_male.png,Painterly,YoungAdult,White
row060_col01_female.png,Painterly,Adult,White
row060_col02_female.png,Watercolor,Adult,White
row060_col03_female.png,Painterly,Adult,White
row060_col04_female.png,Painterly,Adult,White
row060_col05_female.png,Painterly,YoungAdult,White
row060_col06_female.png,Painterly,Adult,White
row060_col07_female.png,Painterly,Adult,White
row060_col08_female.png,Watercolor,YoungAdult,White
row060_col09_female.png,Painterly,Adult,White
row060_col10_female.png,Painterly,Adult,White
row060_col11_female.png,Painterly,Adult,White
row060_col12_female.png,Painterly,Adult,White
row060_col13_female.png,Painterly,Adult,White
row060_col14_female.png,Painterly,Adult,White
row060_col15_female.png,Painterly,Adult,White
row060_col16_female.png,Painterly,Adult,White
row060_col17_female.png,Watercolor,Adult,White
row060_col18_female.png,Painterly,Adult,White
row060_col19_female.png,Painterly,YoungAdult,White
row060_col20_female.png,Painterly,Adult,White
row061_col01_male.png,RetroManga,Adult,White
row061_col02_male.png,Painterly,Adult,White
row061_col03_male.png,Painterly,Adult,White
row061_col04_male.png,RetroManga,Adult,MiddleEastern
row061_col05_male.png,RetroManga,MiddleAge,White
row061_col06_male.png,RetroManga,Adult,White
row061_col07_male.png,Painterly,Adult,White
row061_col08_male.png,Anime,Adult,White
row061_col09_male.png,Photo,Adult,White
row061_col10_male.png,Painterly,MiddleAge,MiddleEastern
row061_col11_male.png,RetroManga,Adult,White
row061_col12_male.png,RetroManga,Adult,White
row061_col13_male.png,Painterly,Adult,MiddleEastern
row061_col14_male.png,Painterly,Adult,MiddleEastern
row061_col15_male.png,RetroManga,Adult,White
row061_col16_male.png,Painterly,Adult,MiddleEastern
row061_col17_male.png,Watercolor,MiddleAge,White
row061_col18_male.png,RetroManga,Adult,MiddleEastern
row061_col19_male.png,RetroManga,YoungAdult,White
row061_col20_male.png,RetroManga,Adult,White
row062_col01_female.png,Painterly,Adult,White
row062_col02_female.png,Painterly,MiddleAge,White
row062_col03_female.png,Painterly,Adult,White
row062_col04_female.png,RetroManga,Adult,Asian
row062_col05_female.png,Painterly,MiddleAge,White
row062_col06_female.png,Painterly,Adult,White
row062_col07_female.png,Painterly,Adult,White
row062_col08_female.png,Painterly,Adult,White
row062_col09_female.png,RetroManga,Adult,White
row062_col10_female.png,Watercolor,Adult,White
row062_col11_female.png,Watercolor,Adult,White
row062_col12_female.png,Painterly,Adult,White
row062_col13_female.png,RetroManga,YoungAdult,White
row062_col14_female.png,RetroManga,Adult,White
row062_col15_female.png,Painterly,Adult,White
row062_col16_female.png,Painterly,Adult,White
row062_col17_female.png,Painterly,Adult,White
row062_col18_female.png,Painterly,Adult,White
row062_col19_female.png,Anime,Adult,White
row062_col20_female.png,RetroManga,Adult,White
row063_col01_male.png,Anime,Adult,White
row063_col02_male.png,Painterly,Adult,White
row063_col03_male.png,Painterly,Adult,White
row063_col04_male.png,RetroManga,Adult,White
row063_col05_male.png,Painterly,Adult,Asian
row063_col06_male.png,Painterly,Adult,White
row063_col07_male.png,Anime,MiddleAge,White
row063_col08_male.png,Painterly,Adult,White
row063_col09_male.png,Painterly,Adult,White
row063_col10_male.png,Painterly,Adult,White
row063_col11_male.png,Painterly,Adult,MiddleEastern
row063_col12_male.png,Anime,Adult,MiddleEastern
row063_col13_male.png,RetroManga,Adult,MiddleEastern
row063_col14_male.png,Painterly,Adult,White
row063_col15_male.png,Painterly,YoungAdult,White
row063_col16_male.png,Painterly,YoungAdult,White
row063_col17_male.png,Painterly,Adult,White
row063_col18_male.png,Anime,Adult,White
row063_col19_male.png,Painterly,Adult,White
row063_col20_male.png,Painterly,Adult,White
row064_col01_female.png,Painterly,Adult,White
row064_col02_female.png,Anime,Adult,White
row064_col03_female.png,Painterly,Adult,White
row064_col04_female.png,Painterly,Adult,White
row064_col05_female.png,Painterly,Adult,White
row064_col06_female.png,Painterly,Adult,White
row064_col07_female.png,Painterly,MiddleAge,White
row064_col08_female.png,Painterly,Adult,White
row064_col09_female.png,Painterly,Adult,White
row064_col10_female.png,Painterly,Adult,White
row064_col11_female.png,Painterly,Adult,White
row064_col12_female.png,Painterly,Adult,White
row064_col13_female.png,Painterly,Adult,White
row064_col14_female.png,Painterly,Adult,White
row064_col15_female.png,Painterly,Adult,White
row064_col16_female.png,Painterly,Adult,White
row064_col17_female.png,Painterly,Adult,White
row064_col18_female.png,Anime,Adult,White
row064_col19_female.png,Painterly,Adult,White
row064_col20_female.png,Anime,Adult,MiddleEastern
row065_col01_male.png,Painterly,Adult,Hispanic
row065_col02_male.png,Painterly,YoungAdult,White
row065_col03_male.png,Painterly,Adult,White
row065_col04_male.png,Photo,Adult,White
row065_col05_male.png,Painterly,Adult,White
row065_col06_male.png,Painterly,Adult,White
row065_col07_male.png,Painterly,Adult,MiddleEastern
row065_col08_male.png,Photo,Adult,White
row065_col09_male.png,Painterly,MiddleAge,White
row065_col10_male.png,Painterly,Adult,White
row065_col11_male.png,Painterly,YoungAdult,White
row065_col12_male.png,Photo,YoungAdult,White
row065_col13_male.png,Painterly,Adult,White
row065_col14_male.png,Photo,Adult,White
row065_col15_male.png,Painterly,Adult,White
row065_col16_male.png,Painterly,Adult,White
row065_col17_male.png,Painterly,Adult,White
row065_col18_male.png,Painterly,Adult,White
row065_col19_male.png,Painterly,Adult,White
row065_col20_male.png,Painterly,Adult,White
row066_col01_female.png,Painterly,Adult,White
row066_col02_female.png,Painterly,Adult,White
row066_col03_female.png,Painterly,Adult,White
row066_col04_female.png,Painterly,Adult,White
row066_col05_female.png,Painterly,Adult,White
row066_col06_female.png,Painterly,MiddleAge,White
row066_col07_female.png,Painterly,MiddleAge,White
row066_col08_female.png,Painterly,Adult,White
row066_col09_female.png,Painterly,Adult,White
row066_col10_female.png,Painterly,Adult,White
row066_col11_female.png,Painterly,YoungAdult,White
row066_col12_female.png,Painterly,Adult,White
row066_col13_female.png,Painterly,Adult,White
row066_col14_female.png,Painterly,Adult,White
row066_col15_female.png,Painterly,Adult,White
row066_col16_female.png,Painterly,Adult,White
row066_col17_female.png,Painterly,Adult,White
row066_col18_female.png,Painterly,Adult,White
row066_col19_female.png,Painterly,YoungAdult,White
row066_col20_female.png,Photo,Adult,White
row067_col01_male.png,Painterly,Adult,MiddleEastern
row067_col02_male.png,Painterly,Adult,White
row067_col03_male.png,Painterly,MiddleAge,White
row067_col04_male.png,Painterly,Adult,White
row067_col05_male.png,Painterly,YoungAdult,White
row067_col06_male.png,Painterly,YoungAdult,White
row067_col07_male.png,Painterly,MiddleAge,White
row067_col08_male.png,Painterly,MiddleAge,MiddleEastern
row067_col09_male.png,Painterly,Adult,White
row067_col10_male.png,Painterly,Adult,White
row067_col11_male.png,Painterly,Adult,MiddleEastern
row067_col12_male.png,Painterly,Adult,White
row067_col13_male.png,Painterly,Adult,White
row067_col14_male.png,Painterly,Adult,MiddleEastern
row067_col15_male.png,Painterly,Adult,White
row067_col16_male.png,Painterly,Adult,White
row067_col17_male.png,RetroManga,Adult,MiddleEastern
row067_col18_male.png,Painterly,Adult,MiddleEastern
row067_col19_male.png,Painterly,Adult,MiddleEastern
row067_col20_male.png,Painterly,MiddleAge,White
row068_col01_female.png,Painterly,MiddleAge,White
row068_col02_female.png,Painterly,Adult,White
row068_col03_female.png,Painterly,Adult,White
row068_col04_female.png,Painterly,YoungAdult,White
row068_col05_female.png,Painterly,YoungAdult,White
row068_col06_female.png,Painterly,Adult,White
row068_col07_female.png,Painterly,MiddleAge,White
row068_col08_female.png,Painterly,Adult,White
row068_col09_female.png,Painterly,Adult,White
row068_col10_female.png,Painterly,Adult,White
row068_col11_female.png,Painterly,Adult,White
row068_col12_female.png,Painterly,Adult,White
row068_col13_female.png,Painterly,Adult,White
row068_col14_female.png,Painterly,MiddleAge,White
row068_col15_female.png,Painterly,Adult,White
row068_col16_female.png,Painterly,MiddleAge,White
row068_col17_female.png,Painterly,MiddleAge,White
row068_col18_female.png,Painterly,Adult,White
row068_col19_female.png,Painterly,MiddleAge,White
row068_col20_female.png,Painterly,Adult,White
row069_col01_male.png,Painterly,Adult,White
row069_col02_male.png,Watercolor,Adult,White
row069_col03_male.png,Painterly,MiddleAge,White
row069_col04_male.png,Watercolor,Adult,White
row069_col05_male.png,Watercolor,Adult,White
row069_col06_male.png,Painterly,Adult,White
row069_col07_male.png,Painterly,MiddleAge,White
row069_col08_male.png,Painterly,Adult,White
row069_col09_male.png,Watercolor,Adult,White
row069_col10_male.png,Painterly,Adult,White
row069_col11_male.png,Watercolor,Adult,White
row069_col12_male.png,Painterly,Adult,White
row069_col13_male.png,Painterly,Adult,White
row069_col14_male.png,Watercolor,MiddleAge,White
row069_col15_male.png,Painterly,Adult,White
row069_col16_male.png,Painterly,Adult,White
row069_col17_male.png,Painterly,Adult,White
row069_col18_male.png,Painterly,Adult,White
row069_col19_male.png,Watercolor,Adult,White
row069_col20_male.png,Watercolor,MiddleAge,White
row070_col01_female.png,Painterly,MiddleAge,White
row070_col02_female.png,Watercolor,Adult,White
row070_col03_female.png,Painterly,Adult,White
row070_col04_female.png,Watercolor,Adult,White
row070_col05_female.png,Painterly,Adult,White
row070_col06_female.png,Painterly,MiddleAge,White
row070_col07_female.png,Painterly,Adult,White
row070_col08_female.png,Painterly,Adult,White
row070_col09_female.png,Painterly,Adult,White
row070_col10_female.png,Watercolor,Adult,White
row070_col11_female.png,Painterly,Adult,White
row070_col12_female.png,Painterly,Adult,White
row070_col13_female.png,Painterly,Adult,White
row070_col14_female.png,Watercolor,Adult,White
row070_col15_female.png,Painterly,Adult,White
row070_col16_female.png,Painterly,Adult,White
row070_col17_female.png,Watercolor,YoungAdult,White
row070_col18_female.png,Painterly,Adult,White
row070_col19_female.png,Painterly,Adult,White
row070_col20_female.png,Painterly,Adult,Asian
row071_col01_male.png,RetroManga,Adult,White
row071_col02_male.png,Watercolor,Adult,White
row071_col03_male.png,Painterly,MiddleAge,White
row071_col04_male.png,Painterly,MiddleAge,MiddleEastern
row071_col05_male.png,Painterly,MiddleAge,Asian
row071_col06_male.png,Watercolor,MiddleAge,White
row071_col07_male.png,Painterly,MiddleAge,White
row071_col08_male.png,Painterly,Adult,Asian
row071_col09_male.png,Painterly,Adult,MiddleEastern
row071_col10_male.png,Painterly,MiddleAge,White
row071_col11_male.png,Painterly,Adult,White
row071_col12_male.png,Watercolor,MiddleAge,White
row071_col13_male.png,Painterly,Adult,Asian
row071_col14_male.png,Watercolor,Adult,White
row071_col15_male.png,Watercolor,MiddleAge,MiddleEastern
row071_col16_male.png,Painterly,Senior,White
row071_col17_male.png,Watercolor,Adult,MiddleEastern
row071_col18_male.png,RetroManga,Adult,MiddleEastern
row071_col19_male.png,Painterly,Adult,Asian
row071_col20_male.png,Painterly,MiddleAge,White
row072_col01_female.png,Painterly,MiddleAge,White
row072_col02_female.png,Painterly,MiddleAge,White
row072_col03_female.png,Painterly,MiddleAge,White
row072_col04_female.png,Anime,MiddleAge,White
row072_col05_female.png,Watercolor,MiddleAge,White
row072_col06_female.png,Painterly,Adult,White
row072_col07_female.png,Painterly,MiddleAge,White
row072_col08_female.png,Painterly,Adult,White
row072_col09_female.png,Painterly,MiddleAge,White
row072_col10_female.png,Painterly,MiddleAge,White
row072_col11_female.png,Painterly,MiddleAge,White
row072_col12_female.png,Painterly,MiddleAge,White
row072_col13_female.png,Painterly,Adult,White
row072_col14_female.png,Watercolor,Adult,White
row072_col15_female.png,Painterly,Adult,White
row072_col16_female.png,Painterly,Senior,White
row072_col17_female.png,Painterly,MiddleAge,Asian
row072_col18_female.png,Painterly,Adult,White
row072_col19_female.png,Watercolor,MiddleAge,White
row072_col20_female.png,Painterly,MiddleAge,White
row073_col01_male.png,Painterly,Adult,White
row073_col02_male.png,Painterly,Adult,White
row073_col03_male.png,Painterly,MiddleAge,White
row073_col04_male.png,Painterly,MiddleAge,MiddleEastern
row073_col05_male.png,Painterly,Adult,White
row073_col06_male.png,Painterly,Adult,Asian
row073_col07_male.png,Painterly,MiddleAge,White
row073_col08_male.png,Anime,MiddleAge,White
row073_col09_male.png,Painterly,Senior,White
row073_col10_male.png,Painterly,Adult,MiddleEastern
row073_col11_male.png,Painterly,Adult,MiddleEastern
row073_col12_male.png,Painterly,Adult,White
row073_col13_male.png,Painterly,MiddleAge,MiddleEastern
row073_col14_male.png,Painterly,MiddleAge,White
row073_col15_male.png,Painterly,Adult,MiddleEastern
row073_col16_male.png,Painterly,Adult,White
row073_col17_male.png,Painterly,Adult,White
row073_col18_male.png,Painterly,Adult,White
row073_col19_male.png,Painterly,MiddleAge,MiddleEastern
row073_col20_male.png,Painterly,MiddleAge,White
row074_col01_female.png,Painterly,Adult,MiddleEastern
row074_col02_female.png,Painterly,MiddleAge,White
row074_col03_female.png,Painterly,MiddleAge,White
row074_col04_female.png,Painterly,MiddleAge,Asian
row074_col05_female.png,Painterly,Adult,White
row074_col06_female.png,Painterly,Adult,White
row074_col07_female.png,Painterly,MiddleAge,White
row074_col08_female.png,Painterly,MiddleAge,Asian
row074_col09_female.png,Painterly,MiddleAge,Asian
row074_col10_female.png,Painterly,Adult,White
row074_col11_female.png,Painterly,Adult,White
row074_col12_female.png,Painterly,Adult,White
row074_col13_female.png,Painterly,Adult,White
row074_col14_female.png,Painterly,Senior,White
row074_col15_female.png,Painterly,Adult,White
row074_col16_female.png,Painterly,MiddleAge,MiddleEastern
row074_col17_female.png,Painterly,Adult,White
row074_col18_female.png,Painterly,MiddleAge,White
row074_col19_female.png,Painterly,MiddleAge,White
row074_col20_female.png,Painterly,MiddleAge,White
row075_col01_male.png,Photo,MiddleAge,White
row075_col02_male.png,Photo,Adult,White
row075_col03_male.png,Painterly,Adult,White
row075_col04_male.png,Painterly,MiddleAge,White
row075_col05_male.png,Photo,MiddleAge,White
row075_col06_male.png,Painterly,Adult,White
row075_col07_male.png,Photo,Adult,White
row075_col08_male.png,Photo,Adult,White
row075_col09_male.png,Painterly,Adult,White
row075_col10_male.png,Photo,Adult,White
row075_col11_male.png,Photo,MiddleAge,White
row075_col12_male.png,Painterly,Adult,White
row075_col13_male.png,Painterly,Adult,White
row075_col14_male.png,Painterly,Adult,White
row075_col15_male.png,Painterly,Adult,White
row075_col16_male.png,Painterly,Adult,White
row075_col17_male.png,Photo,Adult,White
row075_col18_male.png,Photo,Adult,White
row075_col19_male.png,Painterly,Adult,White
row075_col20_male.png,Painterly,Adult,White
row076_col01_female.png,Photo,Adult,White
row076_col02_female.png,Painterly,MiddleAge,White
row076_col03_female.png,Photo,MiddleAge,White
row076_col04_female.png,Painterly,Adult,White
row076_col05_female.png,Painterly,Adult,White
row076_col06_female.png,Photo,Adult,White
row076_col07_female.png,Painterly,MiddleAge,White
row076_col08_female.png,Painterly,MiddleAge,White
row076_col09_female.png,Photo,Adult,White
row076_col10_female.png,Photo,MiddleAge,White
row076_col11_female.png,Painterly,Adult,White
row076_col12_female.png,Painterly,Adult,White
row076_col13_female.png,Photo,Adult,White
row076_col14_female.png,Painterly,MiddleAge,White
row076_col15_female.png,Photo,MiddleAge,White
row076_col16_female.png,Photo,Adult,White
row076_col17_female.png,Painterly,MiddleAge,White
row076_col18_female.png,Photo,Adult,White
row076_col19_female.png,Painterly,Adult,White
row076_col20_female.png,Painterly,MiddleAge,White
row077_col01_male.png,Painterly,MiddleAge,MiddleEastern
row077_col02_male.png,Painterly,Adult,White
row077_col03_male.png,Painterly,MiddleAge,MiddleEastern
row077_col04_male.png,Painterly,Adult,White
row077_col05_male.png,Painterly,Adult,MiddleEastern
row077_col06_male.png,Painterly,Senior,White
row077_col07_male.png,Photo,MiddleAge,White
row077_col08_male.png,Painterly,Adult,MiddleEastern
row077_col09_male.png,Painterly,Adult,MiddleEastern
row077_col10_male.png,Painterly,Adult,White
row077_col11_male.png,Painterly,MiddleAge,White
row077_col12_male.png,Painterly,MiddleAge,MiddleEastern
row077_col13_male.png,Painterly,MiddleAge,White
row077_col14_male.png,Painterly,MiddleAge,White
row077_col15_male.png,Painterly,MiddleAge,White
row077_col16_male.png,Painterly,MiddleAge,MiddleEastern
row077_col17_male.png,Painterly,MiddleAge,White
row077_col18_male.png,Painterly,Adult,White
row077_col19_male.png,Painterly,MiddleAge,White
row077_col20_male.png,Painterly,MiddleAge,Asian
row078_col01_female.png,Painterly,MiddleAge,White
row078_col02_female.png,Painterly,Adult,White
row078_col03_female.png,Painterly,MiddleAge,White
row078_col04_female.png,Painterly,Senior,White
row078_col05_female.png,Painterly,MiddleAge,White
row078_col06_female.png,Painterly,MiddleAge,White
row078_col07_female.png,Painterly,MiddleAge,White
row078_col08_female.png,Painterly,MiddleAge,Hispanic
row078_col09_female.png,Painterly,MiddleAge,White
row078_col10_female.png,Painterly,MiddleAge,White
row078_col11_female.png,Painterly,MiddleAge,White
row078_col12_female.png,Painterly,MiddleAge,White
row078_col13_female.png,Painterly,Adult,White
row078_col14_female.png,Painterly,MiddleAge,Hispanic
row078_col15_female.png,Painterly,MiddleAge,White
row078_col16_female.png,Painterly,MiddleAge,White
row078_col17_female.png,Painterly,MiddleAge,White
row078_col18_female.png,Painterly,MiddleAge,White
row078_col19_female.png,Painterly,MiddleAge,White
row078_col20_female.png,Painterly,MiddleAge,White
row079_col01_male.png,Watercolor,Adult,White
row079_col02_male.png,Painterly,Adult,White
row079_col03_male.png,Painterly,Senior,White
row079_col04_male.png,Watercolor,Adult,White
row079_col05_male.png,Watercolor,Adult,White
row079_col06_male.png,Painterly,YoungAdult,White
row079_col07_male.png,Watercolor,Adult,White
row079_col08_male.png,Watercolor,MiddleAge,White
row079_col09_male.png,Watercolor,Senior,White
row079_col10_male.png,Watercolor,MiddleAge,White
row079_col11_male.png,Painterly,Adult,White
row079_col12_male.png,Watercolor,Adult,White
row079_col13_male.png,Watercolor,Adult,Hispanic
row079_col14_male.png,Painterly,Adult,White
row079_col15_male.png,Painterly,MiddleAge,White
row079_col16_male.png,Watercolor,MiddleAge,White
row079_col17_male.png,Watercolor,MiddleAge,White
row079_col18_male.png,Watercolor,Adult,White
row079_col19_male.png,Watercolor,YoungAdult,MiddleEastern
row079_col20_male.png,Painterly,MiddleAge,White
row080_col01_female.png,Painterly,MiddleAge,White
row080_col02_female.png,Painterly,MiddleAge,White
row080_col03_female.png,Painterly,Adult,White
row080_col04_female.png,Painterly,Adult,White
row080_col05_female.png,Painterly,MiddleAge,White
row080_col06_female.png,Painterly,Adult,White
row080_col07_female.png,Painterly,MiddleAge,White
row080_col08_female.png,Painterly,MiddleAge,White
row080_col09_female.png,Painterly,Adult,White
row080_col10_female.png,Painterly,MiddleAge,White
row080_col11_female.png,Painterly,MiddleAge,White
row080_col12_female.png,Painterly,Adult,White
row080_col13_female.png,Watercolor,Adult,White
row080_col14_female.png,Painterly,Adult,White
row080_col15_female.png,Painterly,MiddleAge,White
row080_col16_female.png,Painterly,MiddleAge,Hispanic
row080_col17_female.png,Watercolor,MiddleAge,White
row080_col18_female.png,Watercolor,YoungAdult,White
row080_col19_female.png,Painterly,MiddleAge,White
row080_col20_female.png,Painterly,MiddleAge,White
row081_col01_male.png,Anime,YoungAdult,White
row081_col02_male.png,Anime,Adult,MiddleEastern
row081_col03_male.png,Anime,Adult,White
row081_col04_male.png,RetroManga,YoungAdult,White
row081_col05_male.png,RetroManga,YoungAdult,White
row081_col06_male.png,Anime,YoungAdult,White
row081_col07_male.png,Anime,YoungAdult,MiddleEastern
row081_col08_male.png,RetroManga,Adult,White
row081_col09_male.png,RetroManga,YoungAdult,MiddleEastern
row081_col10_male.png,Anime,Adult,White
row081_col11_male.png,RetroManga,YoungAdult,White
row081_col12_male.png,Anime,Adult,White
row081_col13_male.png,Anime,YoungAdult,White
row081_col14_male.png,Painterly,YoungAdult,MiddleEastern
row081_col15_male.png,Anime,Adult,White
row081_col16_male.png,RetroManga,YoungAdult,White
row081_col17_male.png,Anime,YoungAdult,White
row081_col18_male.png,Anime,YoungAdult,White
row081_col19_male.png,RetroManga,YoungAdult,White
row081_col20_male.png,RetroManga,YoungAdult,MiddleEastern
row082_col01_female.png,RetroManga,YoungAdult,White
row082_col02_female.png,RetroManga,Adult,White
row082_col03_female.png,Anime,YoungAdult,White
row082_col04_female.png,RetroManga,Adult,White
row082_col05_female.png,RetroManga,Adult,White
row082_col06_female.png,Anime,YoungAdult,White
row082_col07_female.png,RetroManga,YoungAdult,White
row082_col08_female.png,RetroManga,YoungAdult,White
row082_col09_female.png,RetroManga,YoungAdult,White
row082_col10_female.png,RetroManga,Adult,White
row082_col11_female.png,RetroManga,Adult,White
row082_col12_female.png,Anime,YoungAdult,White
row082_col13_female.png,RetroManga,YoungAdult,White
row082_col14_female.png,RetroManga,YoungAdult,White
row082_col15_female.png,RetroManga,YoungAdult,White
row082_col16_female.png,RetroManga,YoungAdult,MiddleEastern
row082_col17_female.png,Anime,YoungAdult,White
row082_col18_female.png,RetroManga,YoungAdult,White
row082_col19_female.png,RetroManga,YoungAdult,White
row082_col20_female.png,Anime,YoungAdult,White
row083_col01_male.png,Anime,YoungAdult,White
row083_col02_male.png,Anime,YoungAdult,MiddleEastern
row083_col03_male.png,Anime,Adult,White
row083_col04_male.png,Anime,Adult,White
row083_col05_male.png,Anime,YoungAdult,White
row083_col06_male.png,Anime,YoungAdult,White
row083_col07_male.png,Anime,Adult,White
row083_col08_male.png,Painterly,YoungAdult,White
row083_col09_male.png,Anime,YoungAdult,White
row083_col10_male.png,Anime,Adult,White
row083_col11_male.png,Anime,Adult,White
row083_col12_male.png,Anime,YoungAdult,White
row083_col13_male.png,Anime,Adult,White
row083_col14_male.png,Anime,Adult,White
row083_col15_male.png,Anime,YoungAdult,MiddleEastern
row083_col16_male.png,Anime,YoungAdult,White
row083_col17_male.png,Anime,YoungAdult,White
row083_col18_male.png,Anime,YoungAdult,White
row083_col19_male.png,Anime,YoungAdult,White
row083_col20_male.png,Anime,YoungAdult,MiddleEastern
row084_col01_female.png,Anime,YoungAdult,White
row084_col02_female.png,RetroManga,Adult,White
row084_col03_female.png,Anime,YoungAdult,White
row084_col04_female.png,Anime,YoungAdult,White
row084_col05_female.png,Anime,YoungAdult,White
row084_col06_female.png,Anime,YoungAdult,MiddleEastern
row084_col07_female.png,RetroManga,Adult,White
row084_col08_female.png,Anime,YoungAdult,White
row084_col09_female.png,Anime,Adult,White
row084_col10_female.png,Anime,YoungAdult,White
row084_col11_female.png,Anime,YoungAdult,White
row084_col12_female.png,Anime,YoungAdult,White
row084_col13_female.png,Anime,YoungAdult,White
row084_col14_female.png,Painterly,Adult,White
row084_col15_female.png,Anime,Adult,White
row084_col16_female.png,Anime,YoungAdult,White
row084_col17_female.png,Painterly,Adult,White
row084_col18_female.png,RetroManga,Adult,White
row084_col19_female.png,Anime,YoungAdult,White
row084_col20_female.png,Anime,YoungAdult,White
row085_col01_male.png,Photo,YoungAdult,White
row085_col02_male.png,Painterly,YoungAdult,White
row085_col03_male.png,Painterly,YoungAdult,White
row085_col04_male.png,Photo,YoungAdult,White
row085_col05_male.png,Photo,YoungAdult,White
row085_col06_male.png,Photo,YoungAdult,White
row085_col07_male.png,Photo,YoungAdult,White
row085_col08_male.png,Photo,YoungAdult,White
row085_col09_male.png,Photo,YoungAdult,White
row085_col10_male.png,Photo,YoungAdult,White
row085_col11_male.png,Photo,YoungAdult,White
row085_col12_male.png,Photo,YoungAdult,White
row085_col13_male.png,Photo,YoungAdult,White
row085_col14_male.png,Photo,YoungAdult,White
row085_col15_male.png,Photo,YoungAdult,White
row085_col16_male.png,Photo,YoungAdult,White
row085_col17_male.png,Photo,YoungAdult,White
row085_col18_male.png,Photo,YoungAdult,White
row085_col19_male.png,Photo,YoungAdult,White
row085_col20_male.png,Painterly,YoungAdult,White
row086_col01_female.png,Painterly,YoungAdult,White
row086_col02_female.png,Painterly,Adult,White
row086_col03_female.png,Photo,YoungAdult,White
row086_col04_female.png,Painterly,Adult,White
row086_col05_female.png,Photo,YoungAdult,White
row086_col06_female.png,Photo,YoungAdult,White
row086_col07_female.png,Photo,YoungAdult,White
row086_col08_female.png,Painterly,YoungAdult,White
row086_col09_female.png,Photo,YoungAdult,White
row086_col10_female.png,Photo,Adult,White
row086_col11_female.png,Painterly,YoungAdult,White
row086_col12_female.png,Painterly,YoungAdult,White
row086_col13_female.png,Photo,YoungAdult,White
row086_col14_female.png,Photo,YoungAdult,White
row086_col15_female.png,Photo,YoungAdult,White
row086_col16_female.png,Photo,YoungAdult,White
row086_col17_female.png,Photo,YoungAdult,White
row086_col18_female.png,Photo,Adult,White
row086_col19_female.png,Painterly,YoungAdult,White
row086_col20_female.png,Photo,YoungAdult,White
row087_col01_male.png,Painterly,YoungAdult,White
row087_col02_male.png,Painterly,YoungAdult,White
row087_col03_male.png,RetroManga,YoungAdult,MiddleEastern
row087_col04_male.png,Painterly,YoungAdult,White
row087_col05_male.png,Painterly,YoungAdult,White
row087_col06_male.png,Painterly,YoungAdult,White
row087_col07_male.png,Painterly,YoungAdult,White
row087_col08_male.png,Painterly,YoungAdult,MiddleEastern
row087_col09_male.png,RetroManga,Adult,White
row087_col10_male.png,Painterly,Adult,White
row087_col11_male.png,Painterly,YoungAdult,MiddleEastern
row087_col12_male.png,Painterly,YoungAdult,White
row087_col13_male.png,Painterly,YoungAdult,MiddleEastern
row087_col14_male.png,Painterly,YoungAdult,White
row087_col15_male.png,Painterly,YoungAdult,MiddleEastern
row087_col16_male.png,Painterly,YoungAdult,White
row087_col17_male.png,Painterly,YoungAdult,White
row087_col18_male.png,Painterly,YoungAdult,White
row087_col19_male.png,Painterly,YoungAdult,White
row087_col20_male.png,Painterly,YoungAdult,White
row088_col01_female.png,Painterly,YoungAdult,White
row088_col02_female.png,Painterly,Adult,MiddleEastern
row088_col03_female.png,RetroManga,YoungAdult,White
row088_col04_female.png,Painterly,YoungAdult,White
row088_col05_female.png,Painterly,YoungAdult,White
row088_col06_female.png,Painterly,YoungAdult,White
row088_col07_female.png,Painterly,Adult,White
row088_col08_female.png,Painterly,YoungAdult,White
row088_col09_female.png,RetroManga,Adult,MiddleEastern
row088_col10_female.png,Painterly,YoungAdult,White
row088_col11_female.png,Painterly,YoungAdult,White
row088_col12_female.png,Painterly,YoungAdult,White
row088_col13_female.png,RetroManga,YoungAdult,MiddleEastern
row088_col14_female.png,Painterly,YoungAdult,White
row088_col15_female.png,Painterly,YoungAdult,White
row088_col16_female.png,Painterly,YoungAdult,White
row088_col17_female.png,Painterly,YoungAdult,White
row088_col18_female.png,Painterly,YoungAdult,MiddleEastern
row088_col19_female.png,Painterly,YoungAdult,White
row088_col20_female.png,Painterly,YoungAdult,White
row089_col01_male.png,Painterly,YoungAdult,White
row089_col02_male.png,Painterly,YoungAdult,White
row089_col03_male.png,Painterly,YoungAdult,White
row089_col04_male.png,Painterly,YoungAdult,White
row089_col05_male.png,Painterly,YoungAdult,White
row089_col06_male.png,Painterly,YoungAdult,White
row089_col07_male.png,Painterly,YoungAdult,White
row089_col08_male.png,Painterly,YoungAdult,White
row089_col09_male.png,Painterly,YoungAdult,White
row089_col10_male.png,Painterly,YoungAdult,White
row089_col11_male.png,Painterly,YoungAdult,White
row089_col12_male.png,Painterly,YoungAdult,White
row089_col13_male.png,Painterly,YoungAdult,White
row089_col14_male.png,Painterly,YoungAdult,White
row089_col15_male.png,Painterly,YoungAdult,White
row089_col16_male.png,Painterly,YoungAdult,White
row089_col17_male.png,Painterly,YoungAdult,White
row089_col18_male.png,Painterly,YoungAdult,White
row089_col19_male.png,Painterly,Adult,White
row089_col20_male.png,Painterly,YoungAdult,White
row090_col01_female.png,Painterly,Adult,White
row090_col02_female.png,Painterly,Adult,White
row090_col03_female.png,Painterly,YoungAdult,White
row090_col04_female.png,Painterly,YoungAdult,White
row090_col05_female.png,Painterly,YoungAdult,White
row090_col06_female.png,Painterly,YoungAdult,White
row090_col07_female.png,Painterly,YoungAdult,White
row090_col08_female.png,Painterly,YoungAdult,White
row090_col09_female.png,Painterly,YoungAdult,White
row090_col10_female.png,Painterly,Adult,White
row090_col11_female.png,Painterly,Adult,White
row090_col12_female.png,Painterly,Adult,White
row090_col13_female.png,Painterly,Adult,White
row090_col14_female.png,Painterly,Adult,White
row090_col15_female.png,Painterly,Adult,White
row090_col16_female.png,Painterly,YoungAdult,White
row090_col17_female.png,Painterly,YoungAdult,White
row090_col18_female.png,Painterly,YoungAdult,White
row090_col19_female.png,Painterly,YoungAdult,White
row090_col20_female.png,Painterly,YoungAdult,White
row091_col01_male.png,Painterly,YoungAdult,MiddleEastern
row091_col02_male.png,Anime,YoungAdult,White
row091_col03_male.png,Anime,Adult,White
row091_col04_male.png,RetroManga,YoungAdult,MiddleEastern
row091_col05_male.png,Anime,YoungAdult,MiddleEastern
row091_col06_male.png,RetroManga,YoungAdult,MiddleEastern
row091_col07_male.png,Anime,YoungAdult,MiddleEastern
row091_col08_male.png,Anime,YoungAdult,MiddleEastern
row091_col09_male.png,RetroManga,Adult,MiddleEastern
row091_col10_male.png,Anime,Adult,White
row091_col11_male.png,RetroManga,YoungAdult,White
row091_col12_male.png,Anime,YoungAdult,MiddleEastern
row091_col13_male.png,RetroManga,YoungAdult,White
row091_col14_male.png,Anime,YoungAdult,MiddleEastern
row091_col15_male.png,Anime,YoungAdult,MiddleEastern
row091_col16_male.png,RetroManga,YoungAdult,MiddleEastern
row091_col17_male.png,RetroManga,YoungAdult,MiddleEastern
row091_col18_male.png,Anime,Adult,SouthAsian
row091_col19_male.png,RetroManga,YoungAdult,MiddleEastern
row091_col20_male.png,RetroManga,YoungAdult,MiddleEastern
row092_col01_female.png,Anime,YoungAdult,MiddleEastern
row092_col02_female.png,RetroManga,YoungAdult,MiddleEastern
row092_col03_female.png,RetroManga,YoungAdult,MiddleEastern
row092_col04_female.png,RetroManga,Adult,White
row092_col05_female.png,Anime,YoungAdult,White
row092_col06_female.png,RetroManga,YoungAdult,MiddleEastern
row092_col07_female.png,Anime,YoungAdult,Asian
row092_col08_female.png,Anime,YoungAdult,Black
row092_col09_female.png,RetroManga,YoungAdult,Hispanic
row092_col10_female.png,Anime,Adult,White
row092_col11_female.png,RetroManga,Adult,Asian
row092_col12_female.png,Anime,YoungAdult,White
row092_col13_female.png,RetroManga,Adult,Hispanic
row092_col14_female.png,Anime,YoungAdult,White
row092_col15_female.png,Anime,Adult,White
row092_col16_female.png,RetroManga,YoungAdult,MiddleEastern
row092_col17_female.png,Anime,Adult,White
row092_col18_female.png,RetroManga,Adult,Asian
row092_col19_female.png,Anime,Adult,White
row092_col20_female.png,Anime,Adult,White
row093_col01_male.png,Anime,YoungAdult,Black
row093_col02_male.png,Anime,YoungAdult,MiddleEastern
row093_col03_male.png,Anime,YoungAdult,MiddleEastern
row093_col04_male.png,Painterly,YoungAdult,SouthAsian
row093_col05_male.png,Anime,YoungAdult,Hispanic
row093_col06_male.png,Anime,Adult,White
row093_col07_male.png,Anime,YoungAdult,Black
row093_col08_male.png,Anime,YoungAdult,MiddleEastern
row093_col09_male.png,Painterly,Adult,MiddleEastern
row093_col10_male.png,Anime,Adult,White
row093_col11_male.png,Anime,YoungAdult,MiddleEastern
row093_col12_male.png,Anime,YoungAdult,Black
row093_col13_male.png,Anime,YoungAdult,MiddleEastern
row093_col14_male.png,Painterly,YoungAdult,Black
row093_col15_male.png,Anime,YoungAdult,MiddleEastern
row093_col16_male.png,Anime,YoungAdult,White
row093_col17_male.png,RetroManga,Adult,White
row093_col18_male.png,Anime,YoungAdult,White
row093_col19_male.png,Anime,YoungAdult,Black
row093_col20_male.png,RetroManga,YoungAdult,Asian
row094_col01_female.png,Painterly,YoungAdult,White
row094_col02_female.png,Anime,YoungAdult,Hispanic
row094_col03_female.png,Anime,Adult,White
row094_col04_female.png,Anime,Adult,White
row094_col05_female.png,Anime,Adult,Hispanic
row094_col06_female.png,RetroManga,YoungAdult,White
row094_col07_female.png,Anime,YoungAdult,White
row094_col08_female.png,Anime,YoungAdult,Hispanic
row094_col09_female.png,Anime,YoungAdult,MiddleEastern
row094_col10_female.png,Anime,YoungAdult,Hispanic
row094_col11_female.png,RetroManga,Adult,Asian
row094_col12_female.png,Anime,YoungAdult,Black
row094_col13_female.png,Anime,YoungAdult,Hispanic
row094_col14_female.png,Anime,YoungAdult,Hispanic
row094_col15_female.png,Anime,YoungAdult,MiddleEastern
row094_col16_female.png,Anime,YoungAdult,White
row094_col17_female.png,Anime,YoungAdult,MiddleEastern
row094_col18_female.png,Anime,Adult,White
row094_col19_female.png,Anime,YoungAdult,Asian
row094_col20_female.png,Anime,YoungAdult,MiddleEastern
row095_col01_male.png,Painterly,YoungAdult,Asian
row095_col02_male.png,Photo,YoungAdult,Asian
row095_col03_male.png,Photo,YoungAdult,Asian
row095_col04_male.png,Painterly,YoungAdult,Black
row095_col05_male.png,Painterly,YoungAdult,Black
row095_col06_male.png,Photo,YoungAdult,Asian
row095_col07_male.png,Painterly,YoungAdult,Black
row095_col08_male.png,Photo,YoungAdult,Hispanic
row095_col09_male.png,Photo,YoungAdult,Hispanic
row095_col10_male.png,Painterly,YoungAdult,Asian
row095_col11_male.png,Painterly,YoungAdult,Black
row095_col12_male.png,Painterly,YoungAdult,Black
row095_col13_male.png,Painterly,YoungAdult,Asian
row095_col14_male.png,Photo,YoungAdult,SouthAsian
row095_col15_male.png,Photo,YoungAdult,Asian
row095_col16_male.png,Painterly,YoungAdult,Asian
row095_col17_male.png,Painterly,YoungAdult,Asian
row095_col18_male.png,Photo,YoungAdult,Black
row095_col19_male.png,Photo,YoungAdult,Black
row095_col20_male.png,Painterly,YoungAdult,Asian
row096_col01_female.png,Painterly,Adult,Hispanic
row096_col02_female.png,Painterly,Adult,Hispanic
row096_col03_female.png,Painterly,YoungAdult,Black
row096_col04_female.png,Painterly,YoungAdult,Asian
row096_col05_female.png,Photo,YoungAdult,Black
row096_col06_female.png,Painterly,Adult,Hispanic
row096_col07_female.png,Painterly,YoungAdult,Hispanic
row096_col08_female.png,Painterly,YoungAdult,Hispanic
row096_col09_female.png,Painterly,Adult,Asian
row096_col10_female.png,Painterly,YoungAdult,Black
row096_col11_female.png,Painterly,YoungAdult,Black
row096_col12_female.png,Painterly,YoungAdult,Black
row096_col13_female.png,Painterly,Adult,Asian
row096_col14_female.png,Photo,YoungAdult,Hispanic
row096_col15_female.png,Photo,YoungAdult,Black
row096_col16_female.png,Painterly,Adult,Hispanic
row096_col17_female.png,Photo,YoungAdult,Black
row096_col18_female.png,Painterly,YoungAdult,Asian
row096_col19_female.png,Painterly,YoungAdult,Asian
row096_col20_female.png,Photo,Adult,Asian
row097_col01_male.png,Anime,YoungAdult,MiddleEastern
row097_col02_male.png,Painterly,YoungAdult,Asian
row097_col03_male.png,RetroManga,YoungAdult,MiddleEastern
row097_col04_male.png,Painterly,YoungAdult,MiddleEastern
row097_col05_male.png,Painterly,YoungAdult,Black
row097_col06_male.png,RetroManga,YoungAdult,SouthAsian
row097_col07_male.png,Painterly,YoungAdult,MiddleEastern
row097_col08_male.png,Painterly,YoungAdult,MiddleEastern
row097_col09_male.png,Painterly,YoungAdult,Black
row097_col10_male.png,Painterly,YoungAdult,MiddleEastern
row097_col11_male.png,Anime,YoungAdult,Hispanic
row097_col12_male.png,Painterly,YoungAdult,Hispanic
row097_col13_male.png,Painterly,YoungAdult,MiddleEastern
row097_col14_male.png,Anime,YoungAdult,SouthAsian
row097_col15_male.png,Anime,YoungAdult,Black
row097_col16_male.png,Painterly,YoungAdult,SouthAsian
row097_col17_male.png,Painterly,Adult,SouthAsian
row097_col18_male.png,Painterly,YoungAdult,Hispanic
row097_col19_male.png,Painterly,YoungAdult,MiddleEastern
row097_col20_male.png,Painterly,YoungAdult,Asian
row098_col01_female.png,Painterly,YoungAdult,MiddleEastern
row098_col02_female.png,Painterly,YoungAdult,MiddleEastern
row098_col03_female.png,Painterly,YoungAdult,Hispanic
row098_col04_female.png,RetroManga,YoungAdult,Hispanic
row098_col05_female.png,Painterly,YoungAdult,White
row098_col06_female.png,Painterly,YoungAdult,White
row098_col07_female.png,Painterly,YoungAdult,White
row098_col08_female.png,Painterly,YoungAdult,MiddleEastern
row098_col09_female.png,Painterly,YoungAdult,Asian
row098_col10_female.png,Anime,YoungAdult,White
row098_col11_female.png,Painterly,YoungAdult,MiddleEastern
row098_col12_female.png,RetroManga,YoungAdult,White
row098_col13_female.png,RetroManga,YoungAdult,Hispanic
row098_col14_female.png,Painterly,Adult,Black
row098_col15_female.png,Anime,YoungAdult,White
row098_col16_female.png,Painterly,YoungAdult,MiddleEastern
row098_col17_female.png,Painterly,YoungAdult,MiddleEastern
row098_col18_female.png,RetroManga,YoungAdult,White
row098_col19_female.png,Painterly,YoungAdult,Black
row098_col20_female.png,RetroManga,YoungAdult,MiddleEastern
row099_col01_male.png,Painterly,YoungAdult,White
row099_col02_male.png,Painterly,YoungAdult,Black
row099_col03_male.png,Painterly,YoungAdult,Asian
row099_col04_male.png,Painterly,YoungAdult,SouthAsian
row099_col05_male.png,Painterly,YoungAdult,MiddleEastern
row099_col06_male.png,Painterly,YoungAdult,MiddleEastern
row099_col07_male.png,Painterly,YoungAdult,MiddleEastern
row099_col08_male.png,Painterly,YoungAdult,Black
row099_col09_male.png,Painterly,YoungAdult,MiddleEastern
row099_col10_male.png,Painterly,YoungAdult,Hispanic
row099_col11_male.png,Painterly,YoungAdult,SouthAsian
row099_col12_male.png,Painterly,YoungAdult,Asian
row099_col13_male.png,Painterly,YoungAdult,Black
row099_col14_male.png,Painterly,YoungAdult,SouthAsian
row099_col15_male.png,Painterly,YoungAdult,White
row099_col16_male.png,Painterly,YoungAdult,SouthAsian
row099_col17_male.png,Painterly,YoungAdult,Hispanic
row099_col18_male.png,Painterly,YoungAdult,Black
row099_col19_male.png,Painterly,YoungAdult,Black
row099_col20_male.png,Painterly,YoungAdult,MiddleEastern
row100_col01_female.png,Painterly,YoungAdult,Hispanic
row100_col02_female.png,Painterly,Adult,Hispanic
row100_col03_female.png,Painterly,YoungAdult,SouthAsian
row100_col04_female.png,Painterly,Adult,Asian
row100_col05_female.png,Painterly,YoungAdult,Asian
row100_col06_female.png,Painterly,Adult,Asian
row100_col07_female.png,Painterly,YoungAdult,Hispanic
row100_col08_female.png,Painterly,YoungAdult,Black
row100_col09_female.png,Painterly,YoungAdult,Asian
row100_col10_female.png,Painterly,Adult,Asian
row100_col11_female.png,Painterly,Adult,White
row100_col12_female.png,Painterly,YoungAdult,Black
row100_col13_female.png,Painterly,YoungAdult,Hispanic
row100_col14_female.png,Painterly,YoungAdult,Hispanic
row100_col15_female.png,Painterly,YoungAdult,Hispanic
row100_col16_female.png,Painterly,YoungAdult,Hispanic
row100_col17_female.png,Painterly,YoungAdult,SouthAsian
row100_col18_female.png,Painterly,Adult,Hispanic
row100_col19_female.png,Painterly,YoungAdult,White
row100_col20_female.png,Painterly,Adult,MiddleEastern
