source,filename,gender,race,type,age,leaf
E:\aninovel\input_images\female_anime_01_baby_toddler_01_r1c1.png,female_anime_01_baby_toddler_01_r1c1.png,Female,Japanese,Anime,Baby,Female\Japanese_Anime\Baby
E:\aninovel\input_images\female_anime_01_baby_toddler_02_r1c2.png,female_anime_01_baby_toddler_02_r1c2.png,Female,Japanese,Anime,Baby,Female\Japanese_Anime\Baby
E:\aninovel\input_images\female_anime_01_baby_toddler_03_r2c1.png,female_anime_01_baby_toddler_03_r2c1.png,Female,Japanese,Anime,Baby,Female\Japanese_Anime\Baby
E:\aninovel\input_images\female_anime_01_baby_toddler_04_r2c2.png,female_anime_01_baby_toddler_04_r2c2.png,Female,Japanese,Anime,Baby,Female\Japanese_Anime\Baby
E:\aninovel\input_images\female_anime_01_baby_toddler_05_r3c1.png,female_anime_01_baby_toddler_05_r3c1.png,Female,Japanese,Anime,Baby,Female\Japanese_Anime\Baby
E:\aninovel\input_images\female_anime_01_baby_toddler_06_r3c2.png,female_anime_01_baby_toddler_06_r3c2.png,Female,Japanese,Anime,Baby,Female\Japanese_Anime\Baby
E:\aninovel\input_images\female_anime_01_baby_toddler_07_r4c1.png,female_anime_01_baby_toddler_07_r4c1.png,Female,Japanese,Anime,Baby,Female\Japanese_Anime\Baby
E:\aninovel\input_images\female_anime_01_baby_toddler_08_r4c2.png,female_anime_01_baby_toddler_08_r4c2.png,Female,Japanese,Anime,Baby,Female\Japanese_Anime\Baby
E:\aninovel\input_images\female_anime_01_baby_toddler_09_r5c1.png,female_anime_01_baby_toddler_09_r5c1.png,Female,Japanese,Anime,Baby,Female\Japanese_Anime\Baby
E:\aninovel\input_images\female_anime_01_baby_toddler_10_r5c2.png,female_anime_01_baby_toddler_10_r5c2.png,Female,Japanese,Anime,Baby,Female\Japanese_Anime\Baby
E:\aninovel\input_images\female_anime_01_baby_toddler_11_r6c1.png,female_anime_01_baby_toddler_11_r6c1.png,Female,Japanese,Anime,Baby,Female\Japanese_Anime\Baby
E:\aninovel\input_images\female_anime_01_baby_toddler_12_r6c2.png,female_anime_01_baby_toddler_12_r6c2.png,Female,Japanese,Anime,Baby,Female\Japanese_Anime\Baby
E:\aninovel\input_images\female_anime_01_baby_toddler_13_r7c1.png,female_anime_01_baby_toddler_13_r7c1.png,Female,Japanese,Anime,Baby,Female\Japanese_Anime\Baby
E:\aninovel\input_images\female_anime_01_baby_toddler_14_r7c2.png,female_anime_01_baby_toddler_14_r7c2.png,Female,Japanese,Anime,Baby,Female\Japanese_Anime\Baby
E:\aninovel\input_images\female_anime_01_Sakuraba_Ran_桜庭蘭.png,female_anime_01_Sakuraba_Ran_桜庭蘭.png,Female,Japanese,Anime,YoungAdult,Female\Japanese_Anime\YoungAdult
E:\aninovel\input_images\female_anime_01_Sakurai_Misaki_桜井美咲.png,female_anime_01_Sakurai_Misaki_桜井美咲.png,Female,Japanese,Anime,YoungAdult,Female\Japanese_Anime\YoungAdult
E:\aninovel\input_images\female_anime_02_Shiraishi_Anna_白石杏奈.png,female_anime_02_Shiraishi_Anna_白石杏奈.png,Female,Japanese,Anime,YoungAdult,Female\Japanese_Anime\YoungAdult
E:\aninovel\input_images\female_anime_02_Shiraishi_Misaki_白石美咲.png,female_anime_02_Shiraishi_Misaki_白石美咲.png,Female,Japanese,Anime,YoungAdult,Female\Japanese_Anime\YoungAdult
E:\aninovel\input_images\female_anime_03_Aizawa_Yui_愛沢由衣.png,female_anime_03_Aizawa_Yui_愛沢由衣.png,Female,Japanese,Anime,YoungAdult,Female\Japanese_Anime\YoungAdult
E:\aninovel\input_images\female_anime_03_Takamine_Riko_高嶺莉子.png,female_anime_03_Takamine_Riko_高嶺莉子.png,Female,Japanese,Anime,YoungAdult,Female\Japanese_Anime\YoungAdult
E:\aninovel\input_images\female_anime_04_Hoshino_Ai_星野愛.png,female_anime_04_Hoshino_Ai_星野愛.png,Female,Japanese,Anime,YoungAdult,Female\Japanese_Anime\YoungAdult
E:\aninovel\input_images\female_anime_04_Takanashi_Riko_高梨莉子.png,female_anime_04_Takanashi_Riko_高梨莉子.png,Female,Japanese,Anime,YoungAdult,Female\Japanese_Anime\YoungAdult
E:\aninovel\input_images\female_anime_05_college_01_r1c1.png,female_anime_05_college_01_r1c1.png,Female,Japanese,Anime,YoungAdult,Female\Japanese_Anime\YoungAdult
E:\aninovel\input_images\female_anime_05_college_02_r1c2.png,female_anime_05_college_02_r1c2.png,Female,Japanese,Anime,YoungAdult,Female\Japanese_Anime\YoungAdult
E:\aninovel\input_images\female_anime_05_college_03_r2c1.png,female_anime_05_college_03_r2c1.png,Female,Japanese,Anime,YoungAdult,Female\Japanese_Anime\YoungAdult
E:\aninovel\input_images\female_anime_05_college_04_r2c2.png,female_anime_05_college_04_r2c2.png,Female,Japanese,Anime,YoungAdult,Female\Japanese_Anime\YoungAdult
E:\aninovel\input_images\female_anime_05_college_05_r3c1.png,female_anime_05_college_05_r3c1.png,Female,Japanese,Anime,YoungAdult,Female\Japanese_Anime\YoungAdult
E:\aninovel\input_images\female_anime_05_college_06_r3c2.png,female_anime_05_college_06_r3c2.png,Female,Japanese,Anime,YoungAdult,Female\Japanese_Anime\YoungAdult
E:\aninovel\input_images\female_anime_05_college_07_r4c1.png,female_anime_05_college_07_r4c1.png,Female,Japanese,Anime,YoungAdult,Female\Japanese_Anime\YoungAdult
E:\aninovel\input_images\female_anime_05_college_08_r4c2.png,female_anime_05_college_08_r4c2.png,Female,Japanese,Anime,YoungAdult,Female\Japanese_Anime\YoungAdult
E:\aninovel\input_images\female_anime_05_college_09_r5c1.png,female_anime_05_college_09_r5c1.png,Female,Japanese,Anime,YoungAdult,Female\Japanese_Anime\YoungAdult
E:\aninovel\input_images\female_anime_05_college_10_r5c2.png,female_anime_05_college_10_r5c2.png,Female,Japanese,Anime,YoungAdult,Female\Japanese_Anime\YoungAdult
E:\aninovel\input_images\female_anime_05_college_11_r6c1.png,female_anime_05_college_11_r6c1.png,Female,Japanese,Anime,YoungAdult,Female\Japanese_Anime\YoungAdult
E:\aninovel\input_images\female_anime_05_college_12_r6c2.png,female_anime_05_college_12_r6c2.png,Female,Japanese,Anime,YoungAdult,Female\Japanese_Anime\YoungAdult
E:\aninovel\input_images\female_anime_05_college_13_r7c1.png,female_anime_05_college_13_r7c1.png,Female,Japanese,Anime,YoungAdult,Female\Japanese_Anime\YoungAdult
E:\aninovel\input_images\female_anime_05_college_14_r7c2.png,female_anime_05_college_14_r7c2.png,Female,Japanese,Anime,YoungAdult,Female\Japanese_Anime\YoungAdult
E:\aninovel\input_images\female_anime_05_Hoshino_Mahiru_星野真昼.png,female_anime_05_Hoshino_Mahiru_星野真昼.png,Female,Japanese,Anime,YoungAdult,Female\Japanese_Anime\YoungAdult
E:\aninovel\input_images\female_anime_05_Kobayashi_Chihiro_小林千尋.png,female_anime_05_Kobayashi_Chihiro_小林千尋.png,Female,Japanese,Anime,YoungAdult,Female\Japanese_Anime\YoungAdult
E:\aninovel\input_images\female_anime_06_Suzumiya_Yui_涼宮結衣.png,female_anime_06_Suzumiya_Yui_涼宮結衣.png,Female,Japanese,Anime,YoungAdult,Female\Japanese_Anime\YoungAdult
E:\aninovel\input_images\female_anime_06_Takanashi_Tsumugi_小鳥遊紬.png,female_anime_06_Takanashi_Tsumugi_小鳥遊紬.png,Female,Japanese,Anime,YoungAdult,Female\Japanese_Anime\YoungAdult
E:\aninovel\input_images\female_anime_07_Momoi_Haruna_桃井陽菜.png,female_anime_07_Momoi_Haruna_桃井陽菜.png,Female,Japanese,Anime,YoungAdult,Female\Japanese_Anime\YoungAdult
E:\aninovel\input_images\female_anime_07_Suzumiya_Mio_涼宮澪.png,female_anime_07_Suzumiya_Mio_涼宮澪.png,Female,Japanese,Anime,YoungAdult,Female\Japanese_Anime\YoungAdult
E:\aninovel\input_images\female_anime_08_Ichijo_Yukino_一条雪乃.png,female_anime_08_Ichijo_Yukino_一条雪乃.png,Female,Japanese,Anime,YoungAdult,Female\Japanese_Anime\YoungAdult
E:\aninovel\input_images\female_anime_08_Momoi_Sakura_桃井さくら.png,female_anime_08_Momoi_Sakura_桃井さくら.png,Female,Japanese,Anime,YoungAdult,Female\Japanese_Anime\YoungAdult
E:\aninovel\input_images\female_anime_09_Tachibana_Hinata_橘ひなた.png,female_anime_09_Tachibana_Hinata_橘ひなた.png,Female,Japanese,Anime,YoungAdult,Female\Japanese_Anime\YoungAdult
E:\aninovel\input_images\female_anime_09_Tachibana_Kaori_橘香織.png,female_anime_09_Tachibana_Kaori_橘香織.png,Female,Japanese,Anime,YoungAdult,Female\Japanese_Anime\YoungAdult
E:\aninovel\input_images\female_anime_10_Kagurazaka_Shizuku_神楽坂雫.png,female_anime_10_Kagurazaka_Shizuku_神楽坂雫.png,Female,Japanese,Anime,YoungAdult,Female\Japanese_Anime\YoungAdult
E:\aninovel\input_images\female_anime_10_Kanzaki_Rina_神崎莉奈.png,female_anime_10_Kanzaki_Rina_神崎莉奈.png,Female,Japanese,Anime,YoungAdult,Female\Japanese_Anime\YoungAdult
E:\aninovel\input_images\female_anime_11_Nanase_Aoi_七瀬葵.png,female_anime_11_Nanase_Aoi_七瀬葵.png,Female,Japanese,Anime,YoungAdult,Female\Japanese_Anime\YoungAdult
E:\aninovel\input_images\female_anime_11_Nanase_Kotone_七瀬琴音.png,female_anime_11_Nanase_Kotone_七瀬琴音.png,Female,Japanese,Anime,YoungAdult,Female\Japanese_Anime\YoungAdult
E:\aninovel\input_images\female_anime_12_Amano_Chihiro_天野千尋.png,female_anime_12_Amano_Chihiro_天野千尋.png,Female,Japanese,Anime,YoungAdult,Female\Japanese_Anime\YoungAdult
E:\aninovel\input_images\female_anime_12_Saotome_Moe_早乙女萌.png,female_anime_12_Saotome_Moe_早乙女萌.png,Female,Japanese,Anime,YoungAdult,Female\Japanese_Anime\YoungAdult
E:\aninovel\input_images\female_anime_13_Amano_Mizuki_天野美月.png,female_anime_13_Amano_Mizuki_天野美月.png,Female,Japanese,Anime,YoungAdult,Female\Japanese_Anime\YoungAdult
E:\aninovel\input_images\female_anime_13_Saotome_Yuna_早乙女優菜.png,female_anime_13_Saotome_Yuna_早乙女優菜.png,Female,Japanese,Anime,YoungAdult,Female\Japanese_Anime\YoungAdult
E:\aninovel\input_images\female_anime_14_Hojo_Sara_北条紗良.png,female_anime_14_Hojo_Sara_北条紗良.png,Female,Japanese,Anime,YoungAdult,Female\Japanese_Anime\YoungAdult
E:\aninovel\input_images\female_anime_14_Kitagawa_Sae_北川紗英.png,female_anime_14_Kitagawa_Sae_北川紗英.png,Female,Japanese,Anime,YoungAdult,Female\Japanese_Anime\YoungAdult
E:\aninovel\input_images\female_anime_15_Miura_Aika_三浦愛華.png,female_anime_15_Miura_Aika_三浦愛華.png,Female,Japanese,Anime,YoungAdult,Female\Japanese_Anime\YoungAdult
E:\aninovel\input_images\female_anime_15_Miura_Hinata_三浦ひなた.png,female_anime_15_Miura_Hinata_三浦ひなた.png,Female,Japanese,Anime,YoungAdult,Female\Japanese_Anime\YoungAdult
E:\aninovel\input_images\female_anime_16_Kurokawa_Risa_黒川理沙.png,female_anime_16_Kurokawa_Risa_黒川理沙.png,Female,Japanese,Anime,YoungAdult,Female\Japanese_Anime\YoungAdult
E:\aninovel\input_images\female_anime_16_Kurokawa_Shiori_黒川詩織.png,female_anime_16_Kurokawa_Shiori_黒川詩織.png,Female,Japanese,Anime,YoungAdult,Female\Japanese_Anime\YoungAdult
E:\aninovel\input_images\female_anime_17_Kazama_Reina_風間玲奈.png,female_anime_17_Kazama_Reina_風間玲奈.png,Female,Japanese,Anime,YoungAdult,Female\Japanese_Anime\YoungAdult
E:\aninovel\input_images\female_anime_17_Yukishiro_Rin_雪城凛.png,female_anime_17_Yukishiro_Rin_雪城凛.png,Female,Japanese,Anime,YoungAdult,Female\Japanese_Anime\YoungAdult
E:\aninovel\input_images\female_anime_18_Ichijo_Ruri_一条瑠璃.png,female_anime_18_Ichijo_Ruri_一条瑠璃.png,Female,Japanese,Anime,YoungAdult,Female\Japanese_Anime\YoungAdult
E:\aninovel\input_images\female_anime_18_Mizuno_Ami_水野亜美.png,female_anime_18_Mizuno_Ami_水野亜美.png,Female,Japanese,Anime,YoungAdult,Female\Japanese_Anime\YoungAdult
E:\aninovel\input_images\female_anime_19_Hanamaki_An_花巻杏.png,female_anime_19_Hanamaki_An_花巻杏.png,Female,Japanese,Anime,YoungAdult,Female\Japanese_Anime\YoungAdult
E:\aninovel\input_images\female_anime_19_Hanamura_Azusa_花村梓.png,female_anime_19_Hanamura_Azusa_花村梓.png,Female,Japanese,Anime,YoungAdult,Female\Japanese_Anime\YoungAdult
E:\aninovel\input_images\female_anime_20_Miyamoto_Yuka_宮本優花.png,female_anime_20_Miyamoto_Yuka_宮本優花.png,Female,Japanese,Anime,YoungAdult,Female\Japanese_Anime\YoungAdult
E:\aninovel\input_images\female_anime_20_Shiina_Mizuki_椎名美月.png,female_anime_20_Shiina_Mizuki_椎名美月.png,Female,Japanese,Anime,YoungAdult,Female\Japanese_Anime\YoungAdult
E:\aninovel\input_images\female_anime_21_Minase_Kotone_水無瀬琴音.png,female_anime_21_Minase_Kotone_水無瀬琴音.png,Female,Japanese,Anime,YoungAdult,Female\Japanese_Anime\YoungAdult
E:\aninovel\input_images\female_anime_21_Takahashi_Misaki_高橋美咲.png,female_anime_21_Takahashi_Misaki_高橋美咲.png,Female,Japanese,Anime,YoungAdult,Female\Japanese_Anime\YoungAdult
E:\aninovel\input_images\female_anime_22_Fujiwara_Ayaka_藤原彩花.png,female_anime_22_Fujiwara_Ayaka_藤原彩花.png,Female,Japanese,Anime,YoungAdult,Female\Japanese_Anime\YoungAdult
E:\aninovel\input_images\female_anime_22_Inoue_Yua_井上結愛.png,female_anime_22_Inoue_Yua_井上結愛.png,Female,Japanese,Anime,YoungAdult,Female\Japanese_Anime\YoungAdult
E:\aninovel\input_images\female_anime_23_Aizawa_Mashiro_相沢茉白.png,female_anime_23_Aizawa_Mashiro_相沢茉白.png,Female,Japanese,Anime,YoungAdult,Female\Japanese_Anime\YoungAdult
E:\aninovel\input_images\female_anime_23_Matsumoto_Yuki_松本祐希.png,female_anime_23_Matsumoto_Yuki_松本祐希.png,Female,Japanese,Anime,YoungAdult,Female\Japanese_Anime\YoungAdult
E:\aninovel\input_images\female_anime_24_Asai_Mai_浅井麻衣.png,female_anime_24_Asai_Mai_浅井麻衣.png,Female,Japanese,Anime,YoungAdult,Female\Japanese_Anime\YoungAdult
E:\aninovel\input_images\female_anime_24_Oba_Natsuki_大場夏希.png,female_anime_24_Oba_Natsuki_大場夏希.png,Female,Japanese,Anime,YoungAdult,Female\Japanese_Anime\YoungAdult
E:\aninovel\input_images\female_anime_25_Asakura_Miu_朝倉美羽.png,female_anime_25_Asakura_Miu_朝倉美羽.png,Female,Japanese,Anime,YoungAdult,Female\Japanese_Anime\YoungAdult
E:\aninovel\input_images\female_anime_25_Yamamoto_Ayaka_山本彩夏.png,female_anime_25_Yamamoto_Ayaka_山本彩夏.png,Female,Japanese,Anime,YoungAdult,Female\Japanese_Anime\YoungAdult
E:\aninovel\input_images\female_anime_26_Fujiwara_Yuri_藤原優里.png,female_anime_26_Fujiwara_Yuri_藤原優里.png,Female,Japanese,Anime,YoungAdult,Female\Japanese_Anime\YoungAdult
E:\aninovel\input_images\female_anime_26_Tojo_Karen_東條華蓮.png,female_anime_26_Tojo_Karen_東條華蓮.png,Female,Japanese,Anime,YoungAdult,Female\Japanese_Anime\YoungAdult
E:\aninovel\input_images\female_anime_27_Aizawa_Moe_相沢萌.png,female_anime_27_Aizawa_Moe_相沢萌.png,Female,Japanese,Anime,YoungAdult,Female\Japanese_Anime\YoungAdult
E:\aninovel\input_images\female_anime_27_Ichikawa_Yuna_市川結菜.png,female_anime_27_Ichikawa_Yuna_市川結菜.png,Female,Japanese,Anime,YoungAdult,Female\Japanese_Anime\YoungAdult
E:\aninovel\input_images\female_anime_28_Otsuka_Minami_大塚みなみ.png,female_anime_28_Otsuka_Minami_大塚みなみ.png,Female,Japanese,Anime,YoungAdult,Female\Japanese_Anime\YoungAdult
E:\aninovel\input_images\female_anime_28_Sakamoto_Shiori_坂本詩織.png,female_anime_28_Sakamoto_Shiori_坂本詩織.png,Female,Japanese,Anime,YoungAdult,Female\Japanese_Anime\YoungAdult
E:\aninovel\input_images\female_anime_29_Nakamura_Mayu_中村真由.png,female_anime_29_Nakamura_Mayu_中村真由.png,Female,Japanese,Anime,YoungAdult,Female\Japanese_Anime\YoungAdult
E:\aninovel\input_images\female_anime_29_Nanri_Mana_南里真奈.png,female_anime_29_Nanri_Mana_南里真奈.png,Female,Japanese,Anime,YoungAdult,Female\Japanese_Anime\YoungAdult
E:\aninovel\input_images\female_anime_30_Miyamoto_Airi_宮本愛莉.png,female_anime_30_Miyamoto_Airi_宮本愛莉.png,Female,Japanese,Anime,YoungAdult,Female\Japanese_Anime\YoungAdult
E:\aninovel\input_images\female_anime_30_Ogawa_Sakura_小川桜.png,female_anime_30_Ogawa_Sakura_小川桜.png,Female,Japanese,Anime,YoungAdult,Female\Japanese_Anime\YoungAdult
E:\aninovel\input_images\female_anime_02_elementary_01_r1c1.png,female_anime_02_elementary_01_r1c1.png,Female,Japanese,Anime,Child,Female\Japanese_Anime\Child
E:\aninovel\input_images\female_anime_02_elementary_02_r1c2.png,female_anime_02_elementary_02_r1c2.png,Female,Japanese,Anime,Child,Female\Japanese_Anime\Child
E:\aninovel\input_images\female_anime_02_elementary_03_r2c1.png,female_anime_02_elementary_03_r2c1.png,Female,Japanese,Anime,Child,Female\Japanese_Anime\Child
E:\aninovel\input_images\female_anime_02_elementary_04_r2c2.png,female_anime_02_elementary_04_r2c2.png,Female,Japanese,Anime,Child,Female\Japanese_Anime\Child
E:\aninovel\input_images\female_anime_02_elementary_05_r3c1.png,female_anime_02_elementary_05_r3c1.png,Female,Japanese,Anime,Child,Female\Japanese_Anime\Child
E:\aninovel\input_images\female_anime_02_elementary_06_r3c2.png,female_anime_02_elementary_06_r3c2.png,Female,Japanese,Anime,Child,Female\Japanese_Anime\Child
E:\aninovel\input_images\female_anime_02_elementary_07_r4c1.png,female_anime_02_elementary_07_r4c1.png,Female,Japanese,Anime,Child,Female\Japanese_Anime\Child
E:\aninovel\input_images\female_anime_02_elementary_08_r4c2.png,female_anime_02_elementary_08_r4c2.png,Female,Japanese,Anime,Child,Female\Japanese_Anime\Child
E:\aninovel\input_images\female_anime_02_elementary_09_r5c1.png,female_anime_02_elementary_09_r5c1.png,Female,Japanese,Anime,Child,Female\Japanese_Anime\Child
E:\aninovel\input_images\female_anime_02_elementary_10_r5c2.png,female_anime_02_elementary_10_r5c2.png,Female,Japanese,Anime,Child,Female\Japanese_Anime\Child
E:\aninovel\input_images\female_anime_02_elementary_11_r6c1.png,female_anime_02_elementary_11_r6c1.png,Female,Japanese,Anime,Child,Female\Japanese_Anime\Child
E:\aninovel\input_images\female_anime_02_elementary_12_r6c2.png,female_anime_02_elementary_12_r6c2.png,Female,Japanese,Anime,Child,Female\Japanese_Anime\Child
E:\aninovel\input_images\female_anime_02_elementary_13_r7c1.png,female_anime_02_elementary_13_r7c1.png,Female,Japanese,Anime,Child,Female\Japanese_Anime\Child
E:\aninovel\input_images\female_anime_02_elementary_14_r7c2.png,female_anime_02_elementary_14_r7c2.png,Female,Japanese,Anime,Child,Female\Japanese_Anime\Child
E:\aninovel\input_images\female_anime_03_middle_school_01_r1c1.png,female_anime_03_middle_school_01_r1c1.png,Female,Japanese,Anime,Teen,Female\Japanese_Anime\Teen
E:\aninovel\input_images\female_anime_03_middle_school_02_r1c2.png,female_anime_03_middle_school_02_r1c2.png,Female,Japanese,Anime,Teen,Female\Japanese_Anime\Teen
E:\aninovel\input_images\female_anime_03_middle_school_03_r2c1.png,female_anime_03_middle_school_03_r2c1.png,Female,Japanese,Anime,Teen,Female\Japanese_Anime\Teen
E:\aninovel\input_images\female_anime_03_middle_school_04_r2c2.png,female_anime_03_middle_school_04_r2c2.png,Female,Japanese,Anime,Teen,Female\Japanese_Anime\Teen
E:\aninovel\input_images\female_anime_03_middle_school_05_r3c1.png,female_anime_03_middle_school_05_r3c1.png,Female,Japanese,Anime,Teen,Female\Japanese_Anime\Teen
E:\aninovel\input_images\female_anime_03_middle_school_06_r3c2.png,female_anime_03_middle_school_06_r3c2.png,Female,Japanese,Anime,Teen,Female\Japanese_Anime\Teen
E:\aninovel\input_images\female_anime_03_middle_school_07_r4c1.png,female_anime_03_middle_school_07_r4c1.png,Female,Japanese,Anime,Teen,Female\Japanese_Anime\Teen
E:\aninovel\input_images\female_anime_03_middle_school_08_r4c2.png,female_anime_03_middle_school_08_r4c2.png,Female,Japanese,Anime,Teen,Female\Japanese_Anime\Teen
E:\aninovel\input_images\female_anime_03_middle_school_09_r5c1.png,female_anime_03_middle_school_09_r5c1.png,Female,Japanese,Anime,Teen,Female\Japanese_Anime\Teen
E:\aninovel\input_images\female_anime_03_middle_school_10_r5c2.png,female_anime_03_middle_school_10_r5c2.png,Female,Japanese,Anime,Teen,Female\Japanese_Anime\Teen
E:\aninovel\input_images\female_anime_03_middle_school_11_r6c1.png,female_anime_03_middle_school_11_r6c1.png,Female,Japanese,Anime,Teen,Female\Japanese_Anime\Teen
E:\aninovel\input_images\female_anime_03_middle_school_12_r6c2.png,female_anime_03_middle_school_12_r6c2.png,Female,Japanese,Anime,Teen,Female\Japanese_Anime\Teen
E:\aninovel\input_images\female_anime_03_middle_school_13_r7c1.png,female_anime_03_middle_school_13_r7c1.png,Female,Japanese,Anime,Teen,Female\Japanese_Anime\Teen
E:\aninovel\input_images\female_anime_03_middle_school_14_r7c2.png,female_anime_03_middle_school_14_r7c2.png,Female,Japanese,Anime,Teen,Female\Japanese_Anime\Teen
E:\aninovel\input_images\female_anime_04_high_school_01_r1c1.png,female_anime_04_high_school_01_r1c1.png,Female,Japanese,Anime,Teen,Female\Japanese_Anime\Teen
E:\aninovel\input_images\female_anime_04_high_school_02_r1c2.png,female_anime_04_high_school_02_r1c2.png,Female,Japanese,Anime,Teen,Female\Japanese_Anime\Teen
E:\aninovel\input_images\female_anime_04_high_school_03_r2c1.png,female_anime_04_high_school_03_r2c1.png,Female,Japanese,Anime,Teen,Female\Japanese_Anime\Teen
E:\aninovel\input_images\female_anime_04_high_school_04_r2c2.png,female_anime_04_high_school_04_r2c2.png,Female,Japanese,Anime,Teen,Female\Japanese_Anime\Teen
E:\aninovel\input_images\female_anime_04_high_school_05_r3c1.png,female_anime_04_high_school_05_r3c1.png,Female,Japanese,Anime,Teen,Female\Japanese_Anime\Teen
E:\aninovel\input_images\female_anime_04_high_school_06_r3c2.png,female_anime_04_high_school_06_r3c2.png,Female,Japanese,Anime,Teen,Female\Japanese_Anime\Teen
E:\aninovel\input_images\female_anime_04_high_school_07_r4c1.png,female_anime_04_high_school_07_r4c1.png,Female,Japanese,Anime,Teen,Female\Japanese_Anime\Teen
E:\aninovel\input_images\female_anime_04_high_school_08_r4c2.png,female_anime_04_high_school_08_r4c2.png,Female,Japanese,Anime,Teen,Female\Japanese_Anime\Teen
E:\aninovel\input_images\female_anime_04_high_school_09_r5c1.png,female_anime_04_high_school_09_r5c1.png,Female,Japanese,Anime,Teen,Female\Japanese_Anime\Teen
E:\aninovel\input_images\female_anime_04_high_school_10_r5c2.png,female_anime_04_high_school_10_r5c2.png,Female,Japanese,Anime,Teen,Female\Japanese_Anime\Teen
E:\aninovel\input_images\female_anime_04_high_school_11_r6c1.png,female_anime_04_high_school_11_r6c1.png,Female,Japanese,Anime,Teen,Female\Japanese_Anime\Teen
E:\aninovel\input_images\female_anime_04_high_school_12_r6c2.png,female_anime_04_high_school_12_r6c2.png,Female,Japanese,Anime,Teen,Female\Japanese_Anime\Teen
E:\aninovel\input_images\female_anime_04_high_school_13_r7c1.png,female_anime_04_high_school_13_r7c1.png,Female,Japanese,Anime,Teen,Female\Japanese_Anime\Teen
E:\aninovel\input_images\female_anime_04_high_school_14_r7c2.png,female_anime_04_high_school_14_r7c2.png,Female,Japanese,Anime,Teen,Female\Japanese_Anime\Teen
E:\aninovel\input_images\female_anime_06_working_age_01_r1c1.png,female_anime_06_working_age_01_r1c1.png,Female,Japanese,Anime,Adult,Female\Japanese_Anime\Adult
E:\aninovel\input_images\female_anime_06_working_age_02_r1c2.png,female_anime_06_working_age_02_r1c2.png,Female,Japanese,Anime,Adult,Female\Japanese_Anime\Adult
E:\aninovel\input_images\female_anime_06_working_age_03_r1c3.png,female_anime_06_working_age_03_r1c3.png,Female,Japanese,Anime,Adult,Female\Japanese_Anime\Adult
E:\aninovel\input_images\female_anime_06_working_age_04_r1c4.png,female_anime_06_working_age_04_r1c4.png,Female,Japanese,Anime,Adult,Female\Japanese_Anime\Adult
E:\aninovel\input_images\female_anime_06_working_age_05_r1c5.png,female_anime_06_working_age_05_r1c5.png,Female,Japanese,Anime,Adult,Female\Japanese_Anime\Adult
E:\aninovel\input_images\female_anime_06_working_age_06_r1c6.png,female_anime_06_working_age_06_r1c6.png,Female,Japanese,Anime,Adult,Female\Japanese_Anime\Adult
E:\aninovel\input_images\female_anime_06_working_age_07_r1c7.png,female_anime_06_working_age_07_r1c7.png,Female,Japanese,Anime,Adult,Female\Japanese_Anime\Adult
E:\aninovel\input_images\female_anime_06_working_age_08_r1c8.png,female_anime_06_working_age_08_r1c8.png,Female,Japanese,Anime,Adult,Female\Japanese_Anime\Adult
E:\aninovel\input_images\female_anime_06_working_age_09_r1c9.png,female_anime_06_working_age_09_r1c9.png,Female,Japanese,Anime,Adult,Female\Japanese_Anime\Adult
E:\aninovel\input_images\female_anime_06_working_age_10_r2c1.png,female_anime_06_working_age_10_r2c1.png,Female,Japanese,Anime,Adult,Female\Japanese_Anime\Adult
E:\aninovel\input_images\female_anime_06_working_age_11_r2c2.png,female_anime_06_working_age_11_r2c2.png,Female,Japanese,Anime,Adult,Female\Japanese_Anime\Adult
E:\aninovel\input_images\female_anime_06_working_age_12_r2c3.png,female_anime_06_working_age_12_r2c3.png,Female,Japanese,Anime,Adult,Female\Japanese_Anime\Adult
E:\aninovel\input_images\female_anime_06_working_age_13_r2c4.png,female_anime_06_working_age_13_r2c4.png,Female,Japanese,Anime,Adult,Female\Japanese_Anime\Adult
E:\aninovel\input_images\female_anime_06_working_age_14_r2c5.png,female_anime_06_working_age_14_r2c5.png,Female,Japanese,Anime,Adult,Female\Japanese_Anime\Adult
E:\aninovel\input_images\female_anime_06_working_age_15_r2c6.png,female_anime_06_working_age_15_r2c6.png,Female,Japanese,Anime,Adult,Female\Japanese_Anime\Adult
E:\aninovel\input_images\female_anime_06_working_age_16_r2c7.png,female_anime_06_working_age_16_r2c7.png,Female,Japanese,Anime,Adult,Female\Japanese_Anime\Adult
E:\aninovel\input_images\female_anime_06_working_age_17_r2c8.png,female_anime_06_working_age_17_r2c8.png,Female,Japanese,Anime,Adult,Female\Japanese_Anime\Adult
E:\aninovel\input_images\female_anime_06_working_age_18_r2c9.png,female_anime_06_working_age_18_r2c9.png,Female,Japanese,Anime,Adult,Female\Japanese_Anime\Adult
E:\aninovel\input_images\female_anime_06_working_age_19_r3c1.png,female_anime_06_working_age_19_r3c1.png,Female,Japanese,Anime,Adult,Female\Japanese_Anime\Adult
E:\aninovel\input_images\female_anime_06_working_age_20_r3c2.png,female_anime_06_working_age_20_r3c2.png,Female,Japanese,Anime,Adult,Female\Japanese_Anime\Adult
E:\aninovel\input_images\female_anime_06_working_age_21_r3c3.png,female_anime_06_working_age_21_r3c3.png,Female,Japanese,Anime,Adult,Female\Japanese_Anime\Adult
E:\aninovel\input_images\female_anime_06_working_age_22_r3c4.png,female_anime_06_working_age_22_r3c4.png,Female,Japanese,Anime,Adult,Female\Japanese_Anime\Adult
E:\aninovel\input_images\female_anime_06_working_age_23_r3c5.png,female_anime_06_working_age_23_r3c5.png,Female,Japanese,Anime,Adult,Female\Japanese_Anime\Adult
E:\aninovel\input_images\female_anime_06_working_age_24_r3c6.png,female_anime_06_working_age_24_r3c6.png,Female,Japanese,Anime,Adult,Female\Japanese_Anime\Adult
E:\aninovel\input_images\female_anime_06_working_age_25_r3c7.png,female_anime_06_working_age_25_r3c7.png,Female,Japanese,Anime,Adult,Female\Japanese_Anime\Adult
E:\aninovel\input_images\female_anime_06_working_age_26_r3c8.png,female_anime_06_working_age_26_r3c8.png,Female,Japanese,Anime,Adult,Female\Japanese_Anime\Adult
E:\aninovel\input_images\female_anime_06_working_age_27_r3c9.png,female_anime_06_working_age_27_r3c9.png,Female,Japanese,Anime,Adult,Female\Japanese_Anime\Adult
E:\aninovel\input_images\female_anime_06_working_age_28_r4c1.png,female_anime_06_working_age_28_r4c1.png,Female,Japanese,Anime,Adult,Female\Japanese_Anime\Adult
E:\aninovel\input_images\female_anime_06_working_age_29_r4c2.png,female_anime_06_working_age_29_r4c2.png,Female,Japanese,Anime,Adult,Female\Japanese_Anime\Adult
E:\aninovel\input_images\female_anime_06_working_age_30_r4c3.png,female_anime_06_working_age_30_r4c3.png,Female,Japanese,Anime,Adult,Female\Japanese_Anime\Adult
E:\aninovel\input_images\female_anime_06_working_age_31_r4c4.png,female_anime_06_working_age_31_r4c4.png,Female,Japanese,Anime,Adult,Female\Japanese_Anime\Adult
E:\aninovel\input_images\female_anime_06_working_age_32_r4c5.png,female_anime_06_working_age_32_r4c5.png,Female,Japanese,Anime,Adult,Female\Japanese_Anime\Adult
E:\aninovel\input_images\female_anime_06_working_age_33_r4c6.png,female_anime_06_working_age_33_r4c6.png,Female,Japanese,Anime,Adult,Female\Japanese_Anime\Adult
E:\aninovel\input_images\female_anime_06_working_age_34_r4c7.png,female_anime_06_working_age_34_r4c7.png,Female,Japanese,Anime,Adult,Female\Japanese_Anime\Adult
E:\aninovel\input_images\female_anime_06_working_age_35_r4c8.png,female_anime_06_working_age_35_r4c8.png,Female,Japanese,Anime,Adult,Female\Japanese_Anime\Adult
E:\aninovel\input_images\female_anime_06_working_age_36_r4c9.png,female_anime_06_working_age_36_r4c9.png,Female,Japanese,Anime,Adult,Female\Japanese_Anime\Adult
E:\aninovel\input_images\female_anime_06_working_age_37_r5c1.png,female_anime_06_working_age_37_r5c1.png,Female,Japanese,Anime,Adult,Female\Japanese_Anime\Adult
E:\aninovel\input_images\female_anime_06_working_age_38_r5c2.png,female_anime_06_working_age_38_r5c2.png,Female,Japanese,Anime,Adult,Female\Japanese_Anime\Adult
E:\aninovel\input_images\female_anime_06_working_age_39_r5c3.png,female_anime_06_working_age_39_r5c3.png,Female,Japanese,Anime,Adult,Female\Japanese_Anime\Adult
E:\aninovel\input_images\female_anime_06_working_age_40_r5c4.png,female_anime_06_working_age_40_r5c4.png,Female,Japanese,Anime,Adult,Female\Japanese_Anime\Adult
E:\aninovel\input_images\female_anime_06_working_age_41_r5c5.png,female_anime_06_working_age_41_r5c5.png,Female,Japanese,Anime,Adult,Female\Japanese_Anime\Adult
E:\aninovel\input_images\female_anime_06_working_age_42_r5c6.png,female_anime_06_working_age_42_r5c6.png,Female,Japanese,Anime,Adult,Female\Japanese_Anime\Adult
E:\aninovel\input_images\female_anime_06_working_age_43_r5c7.png,female_anime_06_working_age_43_r5c7.png,Female,Japanese,Anime,Adult,Female\Japanese_Anime\Adult
E:\aninovel\input_images\female_anime_06_working_age_44_r5c8.png,female_anime_06_working_age_44_r5c8.png,Female,Japanese,Anime,Adult,Female\Japanese_Anime\Adult
E:\aninovel\input_images\female_anime_06_working_age_45_r5c9.png,female_anime_06_working_age_45_r5c9.png,Female,Japanese,Anime,Adult,Female\Japanese_Anime\Adult
E:\aninovel\input_images\female_anime_06_working_age_46_r6c1.png,female_anime_06_working_age_46_r6c1.png,Female,Japanese,Anime,Adult,Female\Japanese_Anime\Adult
E:\aninovel\input_images\female_anime_06_working_age_47_r6c2.png,female_anime_06_working_age_47_r6c2.png,Female,Japanese,Anime,Adult,Female\Japanese_Anime\Adult
E:\aninovel\input_images\female_anime_06_working_age_48_r6c3.png,female_anime_06_working_age_48_r6c3.png,Female,Japanese,Anime,Adult,Female\Japanese_Anime\Adult
E:\aninovel\input_images\female_anime_06_working_age_49_r6c4.png,female_anime_06_working_age_49_r6c4.png,Female,Japanese,Anime,Adult,Female\Japanese_Anime\Adult
E:\aninovel\input_images\female_anime_06_working_age_50_r6c5.png,female_anime_06_working_age_50_r6c5.png,Female,Japanese,Anime,Adult,Female\Japanese_Anime\Adult
E:\aninovel\input_images\female_anime_06_working_age_51_r6c6.png,female_anime_06_working_age_51_r6c6.png,Female,Japanese,Anime,Adult,Female\Japanese_Anime\Adult
E:\aninovel\input_images\female_anime_06_working_age_52_r6c7.png,female_anime_06_working_age_52_r6c7.png,Female,Japanese,Anime,Adult,Female\Japanese_Anime\Adult
E:\aninovel\input_images\female_anime_06_working_age_53_r6c8.png,female_anime_06_working_age_53_r6c8.png,Female,Japanese,Anime,Adult,Female\Japanese_Anime\Adult
E:\aninovel\input_images\female_anime_06_working_age_54_r6c9.png,female_anime_06_working_age_54_r6c9.png,Female,Japanese,Anime,Adult,Female\Japanese_Anime\Adult
E:\aninovel\input_images\female_anime_06_working_age_55_r7c1.png,female_anime_06_working_age_55_r7c1.png,Female,Japanese,Anime,Adult,Female\Japanese_Anime\Adult
E:\aninovel\input_images\female_anime_06_working_age_56_r7c2.png,female_anime_06_working_age_56_r7c2.png,Female,Japanese,Anime,Adult,Female\Japanese_Anime\Adult
E:\aninovel\input_images\female_anime_06_working_age_57_r7c3.png,female_anime_06_working_age_57_r7c3.png,Female,Japanese,Anime,Adult,Female\Japanese_Anime\Adult
E:\aninovel\input_images\female_anime_06_working_age_58_r7c4.png,female_anime_06_working_age_58_r7c4.png,Female,Japanese,Anime,Adult,Female\Japanese_Anime\Adult
E:\aninovel\input_images\female_anime_06_working_age_59_r7c5.png,female_anime_06_working_age_59_r7c5.png,Female,Japanese,Anime,Adult,Female\Japanese_Anime\Adult
E:\aninovel\input_images\female_anime_06_working_age_60_r7c6.png,female_anime_06_working_age_60_r7c6.png,Female,Japanese,Anime,Adult,Female\Japanese_Anime\Adult
E:\aninovel\input_images\female_anime_06_working_age_61_r7c7.png,female_anime_06_working_age_61_r7c7.png,Female,Japanese,Anime,Adult,Female\Japanese_Anime\Adult
E:\aninovel\input_images\female_anime_06_working_age_62_r7c8.png,female_anime_06_working_age_62_r7c8.png,Female,Japanese,Anime,Adult,Female\Japanese_Anime\Adult
E:\aninovel\input_images\female_anime_06_working_age_63_r7c9.png,female_anime_06_working_age_63_r7c9.png,Female,Japanese,Anime,Adult,Female\Japanese_Anime\Adult
E:\aninovel\input_images\female_anime_07_elderly_01_r1c1.png,female_anime_07_elderly_01_r1c1.png,Female,Japanese,Anime,Senior,Female\Japanese_Anime\Senior
E:\aninovel\input_images\female_anime_07_elderly_02_r1c2.png,female_anime_07_elderly_02_r1c2.png,Female,Japanese,Anime,Senior,Female\Japanese_Anime\Senior
E:\aninovel\input_images\female_anime_07_elderly_03_r1c3.png,female_anime_07_elderly_03_r1c3.png,Female,Japanese,Anime,Senior,Female\Japanese_Anime\Senior
E:\aninovel\input_images\female_anime_07_elderly_04_r2c1.png,female_anime_07_elderly_04_r2c1.png,Female,Japanese,Anime,Senior,Female\Japanese_Anime\Senior
E:\aninovel\input_images\female_anime_07_elderly_05_r2c2.png,female_anime_07_elderly_05_r2c2.png,Female,Japanese,Anime,Senior,Female\Japanese_Anime\Senior
E:\aninovel\input_images\female_anime_07_elderly_06_r2c3.png,female_anime_07_elderly_06_r2c3.png,Female,Japanese,Anime,Senior,Female\Japanese_Anime\Senior
E:\aninovel\input_images\female_anime_07_elderly_07_r3c1.png,female_anime_07_elderly_07_r3c1.png,Female,Japanese,Anime,Senior,Female\Japanese_Anime\Senior
E:\aninovel\input_images\female_anime_07_elderly_08_r3c2.png,female_anime_07_elderly_08_r3c2.png,Female,Japanese,Anime,Senior,Female\Japanese_Anime\Senior
E:\aninovel\input_images\female_anime_07_elderly_09_r3c3.png,female_anime_07_elderly_09_r3c3.png,Female,Japanese,Anime,Senior,Female\Japanese_Anime\Senior
E:\aninovel\input_images\female_anime_07_elderly_10_r4c1.png,female_anime_07_elderly_10_r4c1.png,Female,Japanese,Anime,Senior,Female\Japanese_Anime\Senior
E:\aninovel\input_images\female_anime_07_elderly_11_r4c2.png,female_anime_07_elderly_11_r4c2.png,Female,Japanese,Anime,Senior,Female\Japanese_Anime\Senior
E:\aninovel\input_images\female_anime_07_elderly_12_r4c3.png,female_anime_07_elderly_12_r4c3.png,Female,Japanese,Anime,Senior,Female\Japanese_Anime\Senior
E:\aninovel\input_images\female_anime_07_elderly_13_r5c1.png,female_anime_07_elderly_13_r5c1.png,Female,Japanese,Anime,Senior,Female\Japanese_Anime\Senior
E:\aninovel\input_images\female_anime_07_elderly_14_r5c2.png,female_anime_07_elderly_14_r5c2.png,Female,Japanese,Anime,Senior,Female\Japanese_Anime\Senior
E:\aninovel\input_images\female_anime_07_elderly_15_r5c3.png,female_anime_07_elderly_15_r5c3.png,Female,Japanese,Anime,Senior,Female\Japanese_Anime\Senior
E:\aninovel\input_images\female_anime_07_elderly_16_r6c1.png,female_anime_07_elderly_16_r6c1.png,Female,Japanese,Anime,Senior,Female\Japanese_Anime\Senior
E:\aninovel\input_images\female_anime_07_elderly_17_r6c2.png,female_anime_07_elderly_17_r6c2.png,Female,Japanese,Anime,Senior,Female\Japanese_Anime\Senior
E:\aninovel\input_images\female_anime_07_elderly_18_r6c3.png,female_anime_07_elderly_18_r6c3.png,Female,Japanese,Anime,Senior,Female\Japanese_Anime\Senior
E:\aninovel\input_images\female_anime_07_elderly_19_r7c1.png,female_anime_07_elderly_19_r7c1.png,Female,Japanese,Anime,Senior,Female\Japanese_Anime\Senior
E:\aninovel\input_images\female_anime_07_elderly_20_r7c2.png,female_anime_07_elderly_20_r7c2.png,Female,Japanese,Anime,Senior,Female\Japanese_Anime\Senior
E:\aninovel\input_images\female_anime_07_elderly_21_r7c3.png,female_anime_07_elderly_21_r7c3.png,Female,Japanese,Anime,Senior,Female\Japanese_Anime\Senior
E:\aninovel\input_images\female_manga_kid_01_sakura_さくら.png,female_manga_kid_01_sakura_さくら.png,Female,Japanese,RetroManga,Child,Female\Japanese_RetroManga\Child
E:\aninovel\input_images\female_manga_kid_02_hiromi_ひろみ.png,female_manga_kid_02_hiromi_ひろみ.png,Female,Japanese,RetroManga,Child,Female\Japanese_RetroManga\Child
E:\aninovel\input_images\female_manga_kid_03_mika_みか.png,female_manga_kid_03_mika_みか.png,Female,Japanese,RetroManga,Child,Female\Japanese_RetroManga\Child
E:\aninovel\input_images\female_manga_kid_04_tomoko_ともこ.png,female_manga_kid_04_tomoko_ともこ.png,Female,Japanese,RetroManga,Child,Female\Japanese_RetroManga\Child
E:\aninovel\input_images\female_manga_kid_05_mai_まい.png,female_manga_kid_05_mai_まい.png,Female,Japanese,RetroManga,Child,Female\Japanese_RetroManga\Child
E:\aninovel\input_images\female_manga_kid_06_ayaka_あやか.png,female_manga_kid_06_ayaka_あやか.png,Female,Japanese,RetroManga,Child,Female\Japanese_RetroManga\Child
E:\aninovel\input_images\female_manga_kid_07_yukari_ゆかり.png,female_manga_kid_07_yukari_ゆかり.png,Female,Japanese,RetroManga,Child,Female\Japanese_RetroManga\Child
E:\aninovel\input_images\female_manga_kid_08_natsumi_なつみ.png,female_manga_kid_08_natsumi_なつみ.png,Female,Japanese,RetroManga,Child,Female\Japanese_RetroManga\Child
E:\aninovel\input_images\female_manga_kid_09_eri_えり.png,female_manga_kid_09_eri_えり.png,Female,Japanese,RetroManga,Child,Female\Japanese_RetroManga\Child
E:\aninovel\input_images\female_manga_kid_10_mayumi_まゆみ.png,female_manga_kid_10_mayumi_まゆみ.png,Female,Japanese,RetroManga,Child,Female\Japanese_RetroManga\Child
E:\aninovel\input_images\female_manga_kid_11_kaori_かおり.png,female_manga_kid_11_kaori_かおり.png,Female,Japanese,RetroManga,Child,Female\Japanese_RetroManga\Child
E:\aninovel\input_images\female_manga_kid_12_satomi_さとみ.png,female_manga_kid_12_satomi_さとみ.png,Female,Japanese,RetroManga,Child,Female\Japanese_RetroManga\Child
E:\aninovel\input_images\female_manga_kid_13_akiko_あきこ.png,female_manga_kid_13_akiko_あきこ.png,Female,Japanese,RetroManga,Child,Female\Japanese_RetroManga\Child
E:\aninovel\input_images\female_manga_kid_14_miho_みほ.png,female_manga_kid_14_miho_みほ.png,Female,Japanese,RetroManga,Child,Female\Japanese_RetroManga\Child
E:\aninovel\input_images\female_manga_kid_15_yumi_ゆみ.png,female_manga_kid_15_yumi_ゆみ.png,Female,Japanese,RetroManga,Child,Female\Japanese_RetroManga\Child
E:\aninovel\input_images\female_manga_kid_16_chiaki_ちあき.png,female_manga_kid_16_chiaki_ちあき.png,Female,Japanese,RetroManga,Child,Female\Japanese_RetroManga\Child
E:\aninovel\input_images\female_manga_kid_17_shiori_しおり.png,female_manga_kid_17_shiori_しおり.png,Female,Japanese,RetroManga,Child,Female\Japanese_RetroManga\Child
E:\aninovel\input_images\female_manga_kid_18_rika_りか.png,female_manga_kid_18_rika_りか.png,Female,Japanese,RetroManga,Child,Female\Japanese_RetroManga\Child
E:\aninovel\input_images\female_manga_kid_19_ai_あい.png,female_manga_kid_19_ai_あい.png,Female,Japanese,RetroManga,Child,Female\Japanese_RetroManga\Child
E:\aninovel\input_images\female_manga_kid_20_hinako_ひなこ.png,female_manga_kid_20_hinako_ひなこ.png,Female,Japanese,RetroManga,Child,Female\Japanese_RetroManga\Child
E:\aninovel\input_images\female_manga_kid_21_momoko_ももこ.png,female_manga_kid_21_momoko_ももこ.png,Female,Japanese,RetroManga,Child,Female\Japanese_RetroManga\Child
E:\aninovel\input_images\female_manga_kid_22_haruka_はるか.png,female_manga_kid_22_haruka_はるか.png,Female,Japanese,RetroManga,Child,Female\Japanese_RetroManga\Child
E:\aninovel\input_images\female_manga_kid_23_akari_あかり.png,female_manga_kid_23_akari_あかり.png,Female,Japanese,RetroManga,Child,Female\Japanese_RetroManga\Child
E:\aninovel\input_images\female_manga_kid_24_madoka_まどか.png,female_manga_kid_24_madoka_まどか.png,Female,Japanese,RetroManga,Child,Female\Japanese_RetroManga\Child
E:\aninovel\input_images\female_manga_kid_25_minami_みなみ.png,female_manga_kid_25_minami_みなみ.png,Female,Japanese,RetroManga,Child,Female\Japanese_RetroManga\Child
E:\aninovel\input_images\female_manga_kid_26_kotomi_ことみ.png,female_manga_kid_26_kotomi_ことみ.png,Female,Japanese,RetroManga,Child,Female\Japanese_RetroManga\Child
E:\aninovel\input_images\female_manga_kid_27_reina_れいな.png,female_manga_kid_27_reina_れいな.png,Female,Japanese,RetroManga,Child,Female\Japanese_RetroManga\Child
E:\aninovel\input_images\female_manga_kid_28_rin_りん.png,female_manga_kid_28_rin_りん.png,Female,Japanese,RetroManga,Child,Female\Japanese_RetroManga\Child
E:\aninovel\input_images\female_manga_kid_29_yuko_ゆうこ.png,female_manga_kid_29_yuko_ゆうこ.png,Female,Japanese,RetroManga,Child,Female\Japanese_RetroManga\Child
E:\aninovel\input_images\female_manga_kid_30_aya_あや.png,female_manga_kid_30_aya_あや.png,Female,Japanese,RetroManga,Child,Female\Japanese_RetroManga\Child
E:\aninovel\input_images\female_photo_01_baby_toddler_01_r1c1.png,female_photo_01_baby_toddler_01_r1c1.png,Female,White,Photo,Baby,Female\White_Photo\Baby
E:\aninovel\input_images\female_photo_01_baby_toddler_03_r2c1.png,female_photo_01_baby_toddler_03_r2c1.png,Female,White,Photo,Baby,Female\White_Photo\Baby
E:\aninovel\input_images\female_photo_01_baby_toddler_05_r3c1.png,female_photo_01_baby_toddler_05_r3c1.png,Female,White,Photo,Baby,Female\White_Photo\Baby
E:\aninovel\input_images\female_photo_01_baby_toddler_12_r6c2.png,female_photo_01_baby_toddler_12_r6c2.png,Female,White,Photo,Baby,Female\White_Photo\Baby
E:\aninovel\input_images\female_photo_01_baby_toddler_14_r7c2.png,female_photo_01_baby_toddler_14_r7c2.png,Female,White,Photo,Baby,Female\White_Photo\Baby
E:\aninovel\input_images\female_photo_01_baby_toddler_02_r1c2.png,female_photo_01_baby_toddler_02_r1c2.png,Female,Asian,Photo,Baby,Female\Asian_Photo\Baby
E:\aninovel\input_images\female_photo_01_baby_toddler_04_r2c2.png,female_photo_01_baby_toddler_04_r2c2.png,Female,Asian,Photo,Baby,Female\Asian_Photo\Baby
E:\aninovel\input_images\female_photo_01_baby_toddler_06_r3c2.png,female_photo_01_baby_toddler_06_r3c2.png,Female,Asian,Photo,Baby,Female\Asian_Photo\Baby
E:\aninovel\input_images\female_photo_01_baby_toddler_07_r4c1.png,female_photo_01_baby_toddler_07_r4c1.png,Female,Asian,Photo,Baby,Female\Asian_Photo\Baby
E:\aninovel\input_images\female_photo_01_baby_toddler_08_r4c2.png,female_photo_01_baby_toddler_08_r4c2.png,Female,Asian,Photo,Baby,Female\Asian_Photo\Baby
E:\aninovel\input_images\female_photo_01_baby_toddler_09_r5c1.png,female_photo_01_baby_toddler_09_r5c1.png,Female,Asian,Photo,Baby,Female\Asian_Photo\Baby
E:\aninovel\input_images\female_photo_01_baby_toddler_10_r5c2.png,female_photo_01_baby_toddler_10_r5c2.png,Female,Asian,Photo,Baby,Female\Asian_Photo\Baby
E:\aninovel\input_images\female_photo_01_baby_toddler_11_r6c1.png,female_photo_01_baby_toddler_11_r6c1.png,Female,Asian,Photo,Baby,Female\Asian_Photo\Baby
E:\aninovel\input_images\female_photo_01_baby_toddler_13_r7c1.png,female_photo_01_baby_toddler_13_r7c1.png,Female,Asian,Photo,Baby,Female\Asian_Photo\Baby
E:\aninovel\input_images\female_photo_01_baby_toddler_15_r8c1.png,female_photo_01_baby_toddler_15_r8c1.png,Female,Asian,Photo,Baby,Female\Asian_Photo\Baby
E:\aninovel\input_images\female_photo_01_baby_toddler_16_r8c2.png,female_photo_01_baby_toddler_16_r8c2.png,Female,Asian,Photo,Baby,Female\Asian_Photo\Baby
E:\aninovel\input_images\female_photo_02_elementary_01_r1c1.png,female_photo_02_elementary_01_r1c1.png,Female,Asian,Photo,Child,Female\Asian_Photo\Child
E:\aninovel\input_images\female_photo_02_elementary_02_r1c2.png,female_photo_02_elementary_02_r1c2.png,Female,Asian,Photo,Child,Female\Asian_Photo\Child
E:\aninovel\input_images\female_photo_02_elementary_03_r2c1.png,female_photo_02_elementary_03_r2c1.png,Female,Asian,Photo,Child,Female\Asian_Photo\Child
E:\aninovel\input_images\female_photo_02_elementary_05_r3c1.png,female_photo_02_elementary_05_r3c1.png,Female,Asian,Photo,Child,Female\Asian_Photo\Child
E:\aninovel\input_images\female_photo_02_elementary_08_r4c2.png,female_photo_02_elementary_08_r4c2.png,Female,Asian,Photo,Child,Female\Asian_Photo\Child
E:\aninovel\input_images\female_photo_02_elementary_10_r5c2.png,female_photo_02_elementary_10_r5c2.png,Female,Asian,Photo,Child,Female\Asian_Photo\Child
E:\aninovel\input_images\female_photo_02_elementary_11_r6c1.png,female_photo_02_elementary_11_r6c1.png,Female,Asian,Photo,Child,Female\Asian_Photo\Child
E:\aninovel\input_images\female_photo_02_elementary_13_r7c1.png,female_photo_02_elementary_13_r7c1.png,Female,Asian,Photo,Child,Female\Asian_Photo\Child
E:\aninovel\input_images\female_photo_02_elementary_15_r8c1.png,female_photo_02_elementary_15_r8c1.png,Female,Asian,Photo,Child,Female\Asian_Photo\Child
E:\aninovel\input_images\female_photo_02_elementary_04_r2c2.png,female_photo_02_elementary_04_r2c2.png,Female,White,Photo,Child,Female\White_Photo\Child
E:\aninovel\input_images\female_photo_02_elementary_06_r3c2.png,female_photo_02_elementary_06_r3c2.png,Female,White,Photo,Child,Female\White_Photo\Child
E:\aninovel\input_images\female_photo_02_elementary_07_r4c1.png,female_photo_02_elementary_07_r4c1.png,Female,White,Photo,Child,Female\White_Photo\Child
E:\aninovel\input_images\female_photo_02_elementary_09_r5c1.png,female_photo_02_elementary_09_r5c1.png,Female,White,Photo,Child,Female\White_Photo\Child
E:\aninovel\input_images\female_photo_02_elementary_12_r6c2.png,female_photo_02_elementary_12_r6c2.png,Female,White,Photo,Child,Female\White_Photo\Child
E:\aninovel\input_images\female_photo_02_elementary_14_r7c2.png,female_photo_02_elementary_14_r7c2.png,Female,White,Photo,Child,Female\White_Photo\Child
E:\aninovel\input_images\female_photo_02_elementary_16_r8c2.png,female_photo_02_elementary_16_r8c2.png,Female,White,Photo,Child,Female\White_Photo\Child
E:\aninovel\input_images\female_photo_03_middle_school_01_r1c1.png,female_photo_03_middle_school_01_r1c1.png,Female,White,Photo,Teen,Female\White_Photo\Teen
E:\aninovel\input_images\female_photo_03_middle_school_02_r1c2.png,female_photo_03_middle_school_02_r1c2.png,Female,White,Photo,Teen,Female\White_Photo\Teen
E:\aninovel\input_images\female_photo_03_middle_school_03_r2c1.png,female_photo_03_middle_school_03_r2c1.png,Female,White,Photo,Teen,Female\White_Photo\Teen
E:\aninovel\input_images\female_photo_03_middle_school_05_r3c1.png,female_photo_03_middle_school_05_r3c1.png,Female,White,Photo,Teen,Female\White_Photo\Teen
E:\aninovel\input_images\female_photo_03_middle_school_06_r3c2.png,female_photo_03_middle_school_06_r3c2.png,Female,White,Photo,Teen,Female\White_Photo\Teen
E:\aninovel\input_images\female_photo_03_middle_school_07_r4c1.png,female_photo_03_middle_school_07_r4c1.png,Female,White,Photo,Teen,Female\White_Photo\Teen
E:\aninovel\input_images\female_photo_03_middle_school_08_r4c2.png,female_photo_03_middle_school_08_r4c2.png,Female,White,Photo,Teen,Female\White_Photo\Teen
E:\aninovel\input_images\female_photo_03_middle_school_09_r5c1.png,female_photo_03_middle_school_09_r5c1.png,Female,White,Photo,Teen,Female\White_Photo\Teen
E:\aninovel\input_images\female_photo_03_middle_school_10_r5c2.png,female_photo_03_middle_school_10_r5c2.png,Female,White,Photo,Teen,Female\White_Photo\Teen
E:\aninovel\input_images\female_photo_03_middle_school_11_r6c1.png,female_photo_03_middle_school_11_r6c1.png,Female,White,Photo,Teen,Female\White_Photo\Teen
E:\aninovel\input_images\female_photo_03_middle_school_12_r6c2.png,female_photo_03_middle_school_12_r6c2.png,Female,White,Photo,Teen,Female\White_Photo\Teen
E:\aninovel\input_images\female_photo_03_middle_school_13_r7c1.png,female_photo_03_middle_school_13_r7c1.png,Female,White,Photo,Teen,Female\White_Photo\Teen
E:\aninovel\input_images\female_photo_03_middle_school_14_r7c2.png,female_photo_03_middle_school_14_r7c2.png,Female,White,Photo,Teen,Female\White_Photo\Teen
E:\aninovel\input_images\female_photo_03_middle_school_16_r8c2.png,female_photo_03_middle_school_16_r8c2.png,Female,White,Photo,Teen,Female\White_Photo\Teen
E:\aninovel\input_images\female_photo_04_high_school_03_r2c1.png,female_photo_04_high_school_03_r2c1.png,Female,White,Photo,Teen,Female\White_Photo\Teen
E:\aninovel\input_images\female_photo_04_high_school_04_r2c2.png,female_photo_04_high_school_04_r2c2.png,Female,White,Photo,Teen,Female\White_Photo\Teen
E:\aninovel\input_images\female_photo_04_high_school_07_r4c1.png,female_photo_04_high_school_07_r4c1.png,Female,White,Photo,Teen,Female\White_Photo\Teen
E:\aninovel\input_images\female_photo_04_high_school_11_r6c1.png,female_photo_04_high_school_11_r6c1.png,Female,White,Photo,Teen,Female\White_Photo\Teen
E:\aninovel\input_images\row006_col01_female.png,row006_col01_female.png,Female,White,Photo,Teen,Female\White_Photo\Teen
E:\aninovel\input_images\row006_col02_female.png,row006_col02_female.png,Female,White,Photo,Teen,Female\White_Photo\Teen
E:\aninovel\input_images\row006_col10_female.png,row006_col10_female.png,Female,White,Photo,Teen,Female\White_Photo\Teen
E:\aninovel\input_images\row006_col12_female.png,row006_col12_female.png,Female,White,Photo,Teen,Female\White_Photo\Teen
E:\aninovel\input_images\row016_col03_female.png,row016_col03_female.png,Female,White,Photo,Teen,Female\White_Photo\Teen
E:\aninovel\input_images\row016_col08_female.png,row016_col08_female.png,Female,White,Photo,Teen,Female\White_Photo\Teen
E:\aninovel\input_images\row026_col20_female.png,row026_col20_female.png,Female,White,Photo,Teen,Female\White_Photo\Teen
E:\aninovel\input_images\row036_col01_female.png,row036_col01_female.png,Female,White,Photo,Teen,Female\White_Photo\Teen
E:\aninovel\input_images\row036_col09_female.png,row036_col09_female.png,Female,White,Photo,Teen,Female\White_Photo\Teen
E:\aninovel\input_images\female_photo_03_middle_school_04_r2c2.png,female_photo_03_middle_school_04_r2c2.png,Female,Asian,Photo,Teen,Female\Asian_Photo\Teen
E:\aninovel\input_images\female_photo_03_middle_school_15_r8c1.png,female_photo_03_middle_school_15_r8c1.png,Female,Asian,Photo,Teen,Female\Asian_Photo\Teen
E:\aninovel\input_images\female_photo_04_high_school_01_r1c1.png,female_photo_04_high_school_01_r1c1.png,Female,Asian,Photo,Teen,Female\Asian_Photo\Teen
E:\aninovel\input_images\female_photo_04_high_school_02_r1c2.png,female_photo_04_high_school_02_r1c2.png,Female,Asian,Photo,Teen,Female\Asian_Photo\Teen
E:\aninovel\input_images\female_photo_04_high_school_05_r3c1.png,female_photo_04_high_school_05_r3c1.png,Female,Asian,Photo,Teen,Female\Asian_Photo\Teen
E:\aninovel\input_images\female_photo_04_high_school_06_r3c2.png,female_photo_04_high_school_06_r3c2.png,Female,Asian,Photo,Teen,Female\Asian_Photo\Teen
E:\aninovel\input_images\female_photo_04_high_school_08_r4c2.png,female_photo_04_high_school_08_r4c2.png,Female,Asian,Photo,Teen,Female\Asian_Photo\Teen
E:\aninovel\input_images\female_photo_04_high_school_09_r5c1.png,female_photo_04_high_school_09_r5c1.png,Female,Asian,Photo,Teen,Female\Asian_Photo\Teen
E:\aninovel\input_images\female_photo_04_high_school_10_r5c2.png,female_photo_04_high_school_10_r5c2.png,Female,Asian,Photo,Teen,Female\Asian_Photo\Teen
E:\aninovel\input_images\female_photo_04_high_school_12_r6c2.png,female_photo_04_high_school_12_r6c2.png,Female,Asian,Photo,Teen,Female\Asian_Photo\Teen
E:\aninovel\input_images\female_photo_04_high_school_13_r7c1.png,female_photo_04_high_school_13_r7c1.png,Female,Asian,Photo,Teen,Female\Asian_Photo\Teen
E:\aninovel\input_images\female_photo_04_high_school_14_r7c2.png,female_photo_04_high_school_14_r7c2.png,Female,Asian,Photo,Teen,Female\Asian_Photo\Teen
E:\aninovel\input_images\female_photo_04_high_school_15_r8c1.png,female_photo_04_high_school_15_r8c1.png,Female,Asian,Photo,Teen,Female\Asian_Photo\Teen
E:\aninovel\input_images\female_photo_04_high_school_16_r8c2.png,female_photo_04_high_school_16_r8c2.png,Female,Asian,Photo,Teen,Female\Asian_Photo\Teen
E:\aninovel\input_images\female_photo_05_college_01_r1c1.png,female_photo_05_college_01_r1c1.png,Female,White,Photo,YoungAdult,Female\White_Photo\YoungAdult
E:\aninovel\input_images\female_photo_05_college_08_r4c2.png,female_photo_05_college_08_r4c2.png,Female,White,Photo,YoungAdult,Female\White_Photo\YoungAdult
E:\aninovel\input_images\female_photo_05_college_10_r5c2.png,female_photo_05_college_10_r5c2.png,Female,White,Photo,YoungAdult,Female\White_Photo\YoungAdult
E:\aninovel\input_images\female_photo_05_college_12_r6c2.png,female_photo_05_college_12_r6c2.png,Female,White,Photo,YoungAdult,Female\White_Photo\YoungAdult
E:\aninovel\input_images\female_photo_05_college_16_r8c2.png,female_photo_05_college_16_r8c2.png,Female,White,Photo,YoungAdult,Female\White_Photo\YoungAdult
E:\aninovel\input_images\row016_col04_female.png,row016_col04_female.png,Female,White,Photo,YoungAdult,Female\White_Photo\YoungAdult
E:\aninovel\input_images\row016_col09_female.png,row016_col09_female.png,Female,White,Photo,YoungAdult,Female\White_Photo\YoungAdult
E:\aninovel\input_images\row026_col05_female.png,row026_col05_female.png,Female,White,Photo,YoungAdult,Female\White_Photo\YoungAdult
E:\aninovel\input_images\row026_col08_female.png,row026_col08_female.png,Female,White,Photo,YoungAdult,Female\White_Photo\YoungAdult
E:\aninovel\input_images\row026_col09_female.png,row026_col09_female.png,Female,White,Photo,YoungAdult,Female\White_Photo\YoungAdult
E:\aninovel\input_images\row026_col10_female.png,row026_col10_female.png,Female,White,Photo,YoungAdult,Female\White_Photo\YoungAdult
E:\aninovel\input_images\row026_col12_female.png,row026_col12_female.png,Female,White,Photo,YoungAdult,Female\White_Photo\YoungAdult
E:\aninovel\input_images\row026_col13_female.png,row026_col13_female.png,Female,White,Photo,YoungAdult,Female\White_Photo\YoungAdult
E:\aninovel\input_images\row026_col15_female.png,row026_col15_female.png,Female,White,Photo,YoungAdult,Female\White_Photo\YoungAdult
E:\aninovel\input_images\row026_col17_female.png,row026_col17_female.png,Female,White,Photo,YoungAdult,Female\White_Photo\YoungAdult
E:\aninovel\input_images\row026_col18_female.png,row026_col18_female.png,Female,White,Photo,YoungAdult,Female\White_Photo\YoungAdult
E:\aninovel\input_images\row036_col02_female.png,row036_col02_female.png,Female,White,Photo,YoungAdult,Female\White_Photo\YoungAdult
E:\aninovel\input_images\row036_col04_female.png,row036_col04_female.png,Female,White,Photo,YoungAdult,Female\White_Photo\YoungAdult
E:\aninovel\input_images\row036_col05_female.png,row036_col05_female.png,Female,White,Photo,YoungAdult,Female\White_Photo\YoungAdult
E:\aninovel\input_images\row036_col07_female.png,row036_col07_female.png,Female,White,Photo,YoungAdult,Female\White_Photo\YoungAdult
E:\aninovel\input_images\row036_col10_female.png,row036_col10_female.png,Female,White,Photo,YoungAdult,Female\White_Photo\YoungAdult
E:\aninovel\input_images\row036_col11_female.png,row036_col11_female.png,Female,White,Photo,YoungAdult,Female\White_Photo\YoungAdult
E:\aninovel\input_images\row036_col13_female.png,row036_col13_female.png,Female,White,Photo,YoungAdult,Female\White_Photo\YoungAdult
E:\aninovel\input_images\row036_col14_female.png,row036_col14_female.png,Female,White,Photo,YoungAdult,Female\White_Photo\YoungAdult
E:\aninovel\input_images\row036_col15_female.png,row036_col15_female.png,Female,White,Photo,YoungAdult,Female\White_Photo\YoungAdult
E:\aninovel\input_images\row036_col18_female.png,row036_col18_female.png,Female,White,Photo,YoungAdult,Female\White_Photo\YoungAdult
E:\aninovel\input_images\row036_col19_female.png,row036_col19_female.png,Female,White,Photo,YoungAdult,Female\White_Photo\YoungAdult
E:\aninovel\input_images\row036_col20_female.png,row036_col20_female.png,Female,White,Photo,YoungAdult,Female\White_Photo\YoungAdult
E:\aninovel\input_images\row046_col01_female.png,row046_col01_female.png,Female,White,Photo,YoungAdult,Female\White_Photo\YoungAdult
E:\aninovel\input_images\row046_col03_female.png,row046_col03_female.png,Female,White,Photo,YoungAdult,Female\White_Photo\YoungAdult
E:\aninovel\input_images\row046_col04_female.png,row046_col04_female.png,Female,White,Photo,YoungAdult,Female\White_Photo\YoungAdult
E:\aninovel\input_images\row046_col05_female.png,row046_col05_female.png,Female,White,Photo,YoungAdult,Female\White_Photo\YoungAdult
E:\aninovel\input_images\row046_col07_female.png,row046_col07_female.png,Female,White,Photo,YoungAdult,Female\White_Photo\YoungAdult
E:\aninovel\input_images\row046_col10_female.png,row046_col10_female.png,Female,White,Photo,YoungAdult,Female\White_Photo\YoungAdult
E:\aninovel\input_images\row046_col11_female.png,row046_col11_female.png,Female,White,Photo,YoungAdult,Female\White_Photo\YoungAdult
E:\aninovel\input_images\row046_col12_female.png,row046_col12_female.png,Female,White,Photo,YoungAdult,Female\White_Photo\YoungAdult
E:\aninovel\input_images\row046_col13_female.png,row046_col13_female.png,Female,White,Photo,YoungAdult,Female\White_Photo\YoungAdult
E:\aninovel\input_images\row046_col15_female.png,row046_col15_female.png,Female,White,Photo,YoungAdult,Female\White_Photo\YoungAdult
E:\aninovel\input_images\row046_col16_female.png,row046_col16_female.png,Female,White,Photo,YoungAdult,Female\White_Photo\YoungAdult
E:\aninovel\input_images\row046_col18_female.png,row046_col18_female.png,Female,White,Photo,YoungAdult,Female\White_Photo\YoungAdult
E:\aninovel\input_images\row046_col19_female.png,row046_col19_female.png,Female,White,Photo,YoungAdult,Female\White_Photo\YoungAdult
E:\aninovel\input_images\row046_col20_female.png,row046_col20_female.png,Female,White,Photo,YoungAdult,Female\White_Photo\YoungAdult
E:\aninovel\input_images\row056_col15_female.png,row056_col15_female.png,Female,White,Photo,YoungAdult,Female\White_Photo\YoungAdult
E:\aninovel\input_images\row086_col03_female.png,row086_col03_female.png,Female,White,Photo,YoungAdult,Female\White_Photo\YoungAdult
E:\aninovel\input_images\row086_col05_female.png,row086_col05_female.png,Female,White,Photo,YoungAdult,Female\White_Photo\YoungAdult
E:\aninovel\input_images\row086_col06_female.png,row086_col06_female.png,Female,White,Photo,YoungAdult,Female\White_Photo\YoungAdult
E:\aninovel\input_images\row086_col07_female.png,row086_col07_female.png,Female,White,Photo,YoungAdult,Female\White_Photo\YoungAdult
E:\aninovel\input_images\row086_col09_female.png,row086_col09_female.png,Female,White,Photo,YoungAdult,Female\White_Photo\YoungAdult
E:\aninovel\input_images\row086_col13_female.png,row086_col13_female.png,Female,White,Photo,YoungAdult,Female\White_Photo\YoungAdult
E:\aninovel\input_images\row086_col14_female.png,row086_col14_female.png,Female,White,Photo,YoungAdult,Female\White_Photo\YoungAdult
E:\aninovel\input_images\row086_col15_female.png,row086_col15_female.png,Female,White,Photo,YoungAdult,Female\White_Photo\YoungAdult
E:\aninovel\input_images\row086_col16_female.png,row086_col16_female.png,Female,White,Photo,YoungAdult,Female\White_Photo\YoungAdult
E:\aninovel\input_images\row086_col17_female.png,row086_col17_female.png,Female,White,Photo,YoungAdult,Female\White_Photo\YoungAdult
E:\aninovel\input_images\row086_col20_female.png,row086_col20_female.png,Female,White,Photo,YoungAdult,Female\White_Photo\YoungAdult
E:\aninovel\input_images\female_photo_05_college_02_r1c2.png,female_photo_05_college_02_r1c2.png,Female,Asian,Photo,YoungAdult,Female\Asian_Photo\YoungAdult
E:\aninovel\input_images\female_photo_05_college_03_r2c1.png,female_photo_05_college_03_r2c1.png,Female,Asian,Photo,YoungAdult,Female\Asian_Photo\YoungAdult
E:\aninovel\input_images\female_photo_05_college_04_r2c2.png,female_photo_05_college_04_r2c2.png,Female,Asian,Photo,YoungAdult,Female\Asian_Photo\YoungAdult
E:\aninovel\input_images\female_photo_05_college_05_r3c1.png,female_photo_05_college_05_r3c1.png,Female,Asian,Photo,YoungAdult,Female\Asian_Photo\YoungAdult
E:\aninovel\input_images\female_photo_05_college_06_r3c2.png,female_photo_05_college_06_r3c2.png,Female,Asian,Photo,YoungAdult,Female\Asian_Photo\YoungAdult
E:\aninovel\input_images\female_photo_05_college_07_r4c1.png,female_photo_05_college_07_r4c1.png,Female,Asian,Photo,YoungAdult,Female\Asian_Photo\YoungAdult
E:\aninovel\input_images\female_photo_05_college_09_r5c1.png,female_photo_05_college_09_r5c1.png,Female,Asian,Photo,YoungAdult,Female\Asian_Photo\YoungAdult
E:\aninovel\input_images\female_photo_05_college_11_r6c1.png,female_photo_05_college_11_r6c1.png,Female,Asian,Photo,YoungAdult,Female\Asian_Photo\YoungAdult
E:\aninovel\input_images\female_photo_05_college_13_r7c1.png,female_photo_05_college_13_r7c1.png,Female,Asian,Photo,YoungAdult,Female\Asian_Photo\YoungAdult
E:\aninovel\input_images\female_photo_05_college_14_r7c2.png,female_photo_05_college_14_r7c2.png,Female,Asian,Photo,YoungAdult,Female\Asian_Photo\YoungAdult
E:\aninovel\input_images\female_photo_05_college_15_r8c1.png,female_photo_05_college_15_r8c1.png,Female,Asian,Photo,YoungAdult,Female\Asian_Photo\YoungAdult
E:\aninovel\input_images\female_photo_06_working_age_01_r1c1.png,female_photo_06_working_age_01_r1c1.png,Female,Asian,Photo,Adult,Female\Asian_Photo\Adult
E:\aninovel\input_images\female_photo_06_working_age_05_r1c5.png,female_photo_06_working_age_05_r1c5.png,Female,Asian,Photo,Adult,Female\Asian_Photo\Adult
E:\aninovel\input_images\female_photo_06_working_age_07_r1c7.png,female_photo_06_working_age_07_r1c7.png,Female,Asian,Photo,Adult,Female\Asian_Photo\Adult
E:\aninovel\input_images\female_photo_06_working_age_09_r1c9.png,female_photo_06_working_age_09_r1c9.png,Female,Asian,Photo,Adult,Female\Asian_Photo\Adult
E:\aninovel\input_images\female_photo_06_working_age_12_r2c3.png,female_photo_06_working_age_12_r2c3.png,Female,Asian,Photo,Adult,Female\Asian_Photo\Adult
E:\aninovel\input_images\female_photo_06_working_age_18_r2c9.png,female_photo_06_working_age_18_r2c9.png,Female,Asian,Photo,Adult,Female\Asian_Photo\Adult
E:\aninovel\input_images\female_photo_06_working_age_23_r3c5.png,female_photo_06_working_age_23_r3c5.png,Female,Asian,Photo,Adult,Female\Asian_Photo\Adult
E:\aninovel\input_images\female_photo_06_working_age_26_r3c8.png,female_photo_06_working_age_26_r3c8.png,Female,Asian,Photo,Adult,Female\Asian_Photo\Adult
E:\aninovel\input_images\female_photo_06_working_age_34_r4c7.png,female_photo_06_working_age_34_r4c7.png,Female,Asian,Photo,Adult,Female\Asian_Photo\Adult
E:\aninovel\input_images\female_photo_06_working_age_35_r4c8.png,female_photo_06_working_age_35_r4c8.png,Female,Asian,Photo,Adult,Female\Asian_Photo\Adult
E:\aninovel\input_images\female_photo_06_working_age_38_r5c2.png,female_photo_06_working_age_38_r5c2.png,Female,Asian,Photo,Adult,Female\Asian_Photo\Adult
E:\aninovel\input_images\female_photo_06_working_age_45_r5c9.png,female_photo_06_working_age_45_r5c9.png,Female,Asian,Photo,Adult,Female\Asian_Photo\Adult
E:\aninovel\input_images\female_photo_06_working_age_52_r6c7.png,female_photo_06_working_age_52_r6c7.png,Female,Asian,Photo,Adult,Female\Asian_Photo\Adult
E:\aninovel\input_images\female_photo_06_working_age_53_r6c8.png,female_photo_06_working_age_53_r6c8.png,Female,Asian,Photo,Adult,Female\Asian_Photo\Adult
E:\aninovel\input_images\female_photo_06_working_age_57_r7c3.png,female_photo_06_working_age_57_r7c3.png,Female,Asian,Photo,Adult,Female\Asian_Photo\Adult
E:\aninovel\input_images\female_photo_06_working_age_58_r7c4.png,female_photo_06_working_age_58_r7c4.png,Female,Asian,Photo,Adult,Female\Asian_Photo\Adult
E:\aninovel\input_images\female_photo_06_working_age_59_r7c5.png,female_photo_06_working_age_59_r7c5.png,Female,Asian,Photo,Adult,Female\Asian_Photo\Adult
E:\aninovel\input_images\female_photo_06_working_age_61_r7c7.png,female_photo_06_working_age_61_r7c7.png,Female,Asian,Photo,Adult,Female\Asian_Photo\Adult
E:\aninovel\input_images\female_photo_06_working_age_62_r7c8.png,female_photo_06_working_age_62_r7c8.png,Female,Asian,Photo,Adult,Female\Asian_Photo\Adult
E:\aninovel\input_images\female_photo_06_working_age_63_r7c9.png,female_photo_06_working_age_63_r7c9.png,Female,Asian,Photo,Adult,Female\Asian_Photo\Adult
E:\aninovel\input_images\female_photo_06_working_age_66_r8c3.png,female_photo_06_working_age_66_r8c3.png,Female,Asian,Photo,Adult,Female\Asian_Photo\Adult
E:\aninovel\input_images\female_photo_06_working_age_70_r8c7.png,female_photo_06_working_age_70_r8c7.png,Female,Asian,Photo,Adult,Female\Asian_Photo\Adult
E:\aninovel\input_images\row096_col20_female.png,row096_col20_female.png,Female,Asian,Photo,Adult,Female\Asian_Photo\Adult
E:\aninovel\input_images\female_photo_06_working_age_02_r1c2.png,female_photo_06_working_age_02_r1c2.png,Female,White,Photo,Adult,Female\White_Photo\Adult
E:\aninovel\input_images\female_photo_06_working_age_03_r1c3.png,female_photo_06_working_age_03_r1c3.png,Female,White,Photo,Adult,Female\White_Photo\Adult
E:\aninovel\input_images\female_photo_06_working_age_06_r1c6.png,female_photo_06_working_age_06_r1c6.png,Female,White,Photo,Adult,Female\White_Photo\Adult
E:\aninovel\input_images\female_photo_06_working_age_08_r1c8.png,female_photo_06_working_age_08_r1c8.png,Female,White,Photo,Adult,Female\White_Photo\Adult
E:\aninovel\input_images\female_photo_06_working_age_11_r2c2.png,female_photo_06_working_age_11_r2c2.png,Female,White,Photo,Adult,Female\White_Photo\Adult
E:\aninovel\input_images\female_photo_06_working_age_13_r2c4.png,female_photo_06_working_age_13_r2c4.png,Female,White,Photo,Adult,Female\White_Photo\Adult
E:\aninovel\input_images\female_photo_06_working_age_16_r2c7.png,female_photo_06_working_age_16_r2c7.png,Female,White,Photo,Adult,Female\White_Photo\Adult
E:\aninovel\input_images\female_photo_06_working_age_17_r2c8.png,female_photo_06_working_age_17_r2c8.png,Female,White,Photo,Adult,Female\White_Photo\Adult
E:\aninovel\input_images\female_photo_06_working_age_19_r3c1.png,female_photo_06_working_age_19_r3c1.png,Female,White,Photo,Adult,Female\White_Photo\Adult
E:\aninovel\input_images\female_photo_06_working_age_20_r3c2.png,female_photo_06_working_age_20_r3c2.png,Female,White,Photo,Adult,Female\White_Photo\Adult
E:\aninovel\input_images\female_photo_06_working_age_22_r3c4.png,female_photo_06_working_age_22_r3c4.png,Female,White,Photo,Adult,Female\White_Photo\Adult
E:\aninovel\input_images\female_photo_06_working_age_27_r3c9.png,female_photo_06_working_age_27_r3c9.png,Female,White,Photo,Adult,Female\White_Photo\Adult
E:\aninovel\input_images\female_photo_06_working_age_28_r4c1.png,female_photo_06_working_age_28_r4c1.png,Female,White,Photo,Adult,Female\White_Photo\Adult
E:\aninovel\input_images\female_photo_06_working_age_29_r4c2.png,female_photo_06_working_age_29_r4c2.png,Female,White,Photo,Adult,Female\White_Photo\Adult
E:\aninovel\input_images\female_photo_06_working_age_30_r4c3.png,female_photo_06_working_age_30_r4c3.png,Female,White,Photo,Adult,Female\White_Photo\Adult
E:\aninovel\input_images\female_photo_06_working_age_31_r4c4.png,female_photo_06_working_age_31_r4c4.png,Female,White,Photo,Adult,Female\White_Photo\Adult
E:\aninovel\input_images\female_photo_06_working_age_32_r4c5.png,female_photo_06_working_age_32_r4c5.png,Female,White,Photo,Adult,Female\White_Photo\Adult
E:\aninovel\input_images\female_photo_06_working_age_33_r4c6.png,female_photo_06_working_age_33_r4c6.png,Female,White,Photo,Adult,Female\White_Photo\Adult
E:\aninovel\input_images\female_photo_06_working_age_36_r4c9.png,female_photo_06_working_age_36_r4c9.png,Female,White,Photo,Adult,Female\White_Photo\Adult
E:\aninovel\input_images\female_photo_06_working_age_37_r5c1.png,female_photo_06_working_age_37_r5c1.png,Female,White,Photo,Adult,Female\White_Photo\Adult
E:\aninovel\input_images\female_photo_06_working_age_39_r5c3.png,female_photo_06_working_age_39_r5c3.png,Female,White,Photo,Adult,Female\White_Photo\Adult
E:\aninovel\input_images\female_photo_06_working_age_40_r5c4.png,female_photo_06_working_age_40_r5c4.png,Female,White,Photo,Adult,Female\White_Photo\Adult
E:\aninovel\input_images\female_photo_06_working_age_41_r5c5.png,female_photo_06_working_age_41_r5c5.png,Female,White,Photo,Adult,Female\White_Photo\Adult
E:\aninovel\input_images\female_photo_06_working_age_46_r6c1.png,female_photo_06_working_age_46_r6c1.png,Female,White,Photo,Adult,Female\White_Photo\Adult
E:\aninovel\input_images\female_photo_06_working_age_47_r6c2.png,female_photo_06_working_age_47_r6c2.png,Female,White,Photo,Adult,Female\White_Photo\Adult
E:\aninovel\input_images\female_photo_06_working_age_48_r6c3.png,female_photo_06_working_age_48_r6c3.png,Female,White,Photo,Adult,Female\White_Photo\Adult
E:\aninovel\input_images\female_photo_06_working_age_49_r6c4.png,female_photo_06_working_age_49_r6c4.png,Female,White,Photo,Adult,Female\White_Photo\Adult
E:\aninovel\input_images\female_photo_06_working_age_50_r6c5.png,female_photo_06_working_age_50_r6c5.png,Female,White,Photo,Adult,Female\White_Photo\Adult
E:\aninovel\input_images\female_photo_06_working_age_51_r6c6.png,female_photo_06_working_age_51_r6c6.png,Female,White,Photo,Adult,Female\White_Photo\Adult
E:\aninovel\input_images\female_photo_06_working_age_54_r6c9.png,female_photo_06_working_age_54_r6c9.png,Female,White,Photo,Adult,Female\White_Photo\Adult
E:\aninovel\input_images\female_photo_06_working_age_55_r7c1.png,female_photo_06_working_age_55_r7c1.png,Female,White,Photo,Adult,Female\White_Photo\Adult
E:\aninovel\input_images\female_photo_06_working_age_56_r7c2.png,female_photo_06_working_age_56_r7c2.png,Female,White,Photo,Adult,Female\White_Photo\Adult
E:\aninovel\input_images\female_photo_06_working_age_60_r7c6.png,female_photo_06_working_age_60_r7c6.png,Female,White,Photo,Adult,Female\White_Photo\Adult
E:\aninovel\input_images\female_photo_06_working_age_64_r8c1.png,female_photo_06_working_age_64_r8c1.png,Female,White,Photo,Adult,Female\White_Photo\Adult
E:\aninovel\input_images\female_photo_06_working_age_67_r8c4.png,female_photo_06_working_age_67_r8c4.png,Female,White,Photo,Adult,Female\White_Photo\Adult
E:\aninovel\input_images\female_photo_06_working_age_68_r8c5.png,female_photo_06_working_age_68_r8c5.png,Female,White,Photo,Adult,Female\White_Photo\Adult
E:\aninovel\input_images\female_photo_06_working_age_69_r8c6.png,female_photo_06_working_age_69_r8c6.png,Female,White,Photo,Adult,Female\White_Photo\Adult
E:\aninovel\input_images\female_photo_06_working_age_71_r8c8.png,female_photo_06_working_age_71_r8c8.png,Female,White,Photo,Adult,Female\White_Photo\Adult
E:\aninovel\input_images\female_photo_06_working_age_72_r8c9.png,female_photo_06_working_age_72_r8c9.png,Female,White,Photo,Adult,Female\White_Photo\Adult
E:\aninovel\input_images\row046_col02_female.png,row046_col02_female.png,Female,White,Photo,Adult,Female\White_Photo\Adult
E:\aninovel\input_images\row056_col09_female.png,row056_col09_female.png,Female,White,Photo,Adult,Female\White_Photo\Adult
E:\aninovel\input_images\row056_col12_female.png,row056_col12_female.png,Female,White,Photo,Adult,Female\White_Photo\Adult
E:\aninovel\input_images\row066_col20_female.png,row066_col20_female.png,Female,White,Photo,Adult,Female\White_Photo\Adult
E:\aninovel\input_images\row076_col01_female.png,row076_col01_female.png,Female,White,Photo,Adult,Female\White_Photo\Adult
E:\aninovel\input_images\row076_col06_female.png,row076_col06_female.png,Female,White,Photo,Adult,Female\White_Photo\Adult
E:\aninovel\input_images\row076_col09_female.png,row076_col09_female.png,Female,White,Photo,Adult,Female\White_Photo\Adult
E:\aninovel\input_images\row076_col13_female.png,row076_col13_female.png,Female,White,Photo,Adult,Female\White_Photo\Adult
E:\aninovel\input_images\row076_col16_female.png,row076_col16_female.png,Female,White,Photo,Adult,Female\White_Photo\Adult
E:\aninovel\input_images\row076_col18_female.png,row076_col18_female.png,Female,White,Photo,Adult,Female\White_Photo\Adult
E:\aninovel\input_images\row086_col10_female.png,row086_col10_female.png,Female,White,Photo,Adult,Female\White_Photo\Adult
E:\aninovel\input_images\row086_col18_female.png,row086_col18_female.png,Female,White,Photo,Adult,Female\White_Photo\Adult
E:\aninovel\input_images\female_photo_06_working_age_04_r1c4.png,female_photo_06_working_age_04_r1c4.png,Female,MiddleEastern,Photo,Adult,Female\MiddleEastern_Photo\Adult
E:\aninovel\input_images\female_photo_06_working_age_10_r2c1.png,female_photo_06_working_age_10_r2c1.png,Female,MiddleEastern,Photo,Adult,Female\MiddleEastern_Photo\Adult
E:\aninovel\input_images\female_photo_06_working_age_14_r2c5.png,female_photo_06_working_age_14_r2c5.png,Female,MiddleEastern,Photo,Adult,Female\MiddleEastern_Photo\Adult
E:\aninovel\input_images\female_photo_06_working_age_15_r2c6.png,female_photo_06_working_age_15_r2c6.png,Female,MiddleEastern,Photo,Adult,Female\MiddleEastern_Photo\Adult
E:\aninovel\input_images\female_photo_06_working_age_21_r3c3.png,female_photo_06_working_age_21_r3c3.png,Female,MiddleEastern,Photo,Adult,Female\MiddleEastern_Photo\Adult
E:\aninovel\input_images\female_photo_06_working_age_24_r3c6.png,female_photo_06_working_age_24_r3c6.png,Female,MiddleEastern,Photo,Adult,Female\MiddleEastern_Photo\Adult
E:\aninovel\input_images\female_photo_06_working_age_42_r5c6.png,female_photo_06_working_age_42_r5c6.png,Female,MiddleEastern,Photo,Adult,Female\MiddleEastern_Photo\Adult
E:\aninovel\input_images\female_photo_06_working_age_43_r5c7.png,female_photo_06_working_age_43_r5c7.png,Female,MiddleEastern,Photo,Adult,Female\MiddleEastern_Photo\Adult
E:\aninovel\input_images\female_photo_06_working_age_44_r5c8.png,female_photo_06_working_age_44_r5c8.png,Female,MiddleEastern,Photo,Adult,Female\MiddleEastern_Photo\Adult
E:\aninovel\input_images\female_photo_06_working_age_25_r3c7.png,female_photo_06_working_age_25_r3c7.png,Female,Black,Photo,Adult,Female\Black_Photo\Adult
E:\aninovel\input_images\female_photo_06_working_age_65_r8c2.png,female_photo_06_working_age_65_r8c2.png,Female,Hispanic,Photo,Adult,Female\Hispanic_Photo\Adult
E:\aninovel\input_images\female_photo_07_elderly_01_r1c1.png,female_photo_07_elderly_01_r1c1.png,Female,White,Photo,Senior,Female\White_Photo\Senior
E:\aninovel\input_images\female_photo_07_elderly_02_r1c2.png,female_photo_07_elderly_02_r1c2.png,Female,White,Photo,Senior,Female\White_Photo\Senior
E:\aninovel\input_images\female_photo_07_elderly_04_r2c1.png,female_photo_07_elderly_04_r2c1.png,Female,White,Photo,Senior,Female\White_Photo\Senior
E:\aninovel\input_images\female_photo_07_elderly_05_r2c2.png,female_photo_07_elderly_05_r2c2.png,Female,White,Photo,Senior,Female\White_Photo\Senior
E:\aninovel\input_images\female_photo_07_elderly_07_r3c1.png,female_photo_07_elderly_07_r3c1.png,Female,White,Photo,Senior,Female\White_Photo\Senior
E:\aninovel\input_images\female_photo_07_elderly_08_r3c2.png,female_photo_07_elderly_08_r3c2.png,Female,White,Photo,Senior,Female\White_Photo\Senior
E:\aninovel\input_images\female_photo_07_elderly_09_r3c3.png,female_photo_07_elderly_09_r3c3.png,Female,White,Photo,Senior,Female\White_Photo\Senior
E:\aninovel\input_images\female_photo_07_elderly_10_r4c1.png,female_photo_07_elderly_10_r4c1.png,Female,White,Photo,Senior,Female\White_Photo\Senior
E:\aninovel\input_images\female_photo_07_elderly_13_r5c1.png,female_photo_07_elderly_13_r5c1.png,Female,White,Photo,Senior,Female\White_Photo\Senior
E:\aninovel\input_images\female_photo_07_elderly_14_r5c2.png,female_photo_07_elderly_14_r5c2.png,Female,White,Photo,Senior,Female\White_Photo\Senior
E:\aninovel\input_images\female_photo_07_elderly_15_r5c3.png,female_photo_07_elderly_15_r5c3.png,Female,White,Photo,Senior,Female\White_Photo\Senior
E:\aninovel\input_images\female_photo_07_elderly_16_r6c1.png,female_photo_07_elderly_16_r6c1.png,Female,White,Photo,Senior,Female\White_Photo\Senior
E:\aninovel\input_images\female_photo_07_elderly_18_r6c3.png,female_photo_07_elderly_18_r6c3.png,Female,White,Photo,Senior,Female\White_Photo\Senior
E:\aninovel\input_images\female_photo_07_elderly_19_r7c1.png,female_photo_07_elderly_19_r7c1.png,Female,White,Photo,Senior,Female\White_Photo\Senior
E:\aninovel\input_images\female_photo_07_elderly_21_r7c3.png,female_photo_07_elderly_21_r7c3.png,Female,White,Photo,Senior,Female\White_Photo\Senior
E:\aninovel\input_images\female_photo_07_elderly_22_r8c1.png,female_photo_07_elderly_22_r8c1.png,Female,White,Photo,Senior,Female\White_Photo\Senior
E:\aninovel\input_images\female_photo_07_elderly_24_r8c3.png,female_photo_07_elderly_24_r8c3.png,Female,White,Photo,Senior,Female\White_Photo\Senior
E:\aninovel\input_images\female_photo_07_elderly_03_r1c3.png,female_photo_07_elderly_03_r1c3.png,Female,SouthAsian,Photo,Senior,Female\SouthAsian_Photo\Senior
E:\aninovel\input_images\female_photo_07_elderly_06_r2c3.png,female_photo_07_elderly_06_r2c3.png,Female,MiddleEastern,Photo,Senior,Female\MiddleEastern_Photo\Senior
E:\aninovel\input_images\female_photo_07_elderly_12_r4c3.png,female_photo_07_elderly_12_r4c3.png,Female,MiddleEastern,Photo,Senior,Female\MiddleEastern_Photo\Senior
E:\aninovel\input_images\female_photo_07_elderly_11_r4c2.png,female_photo_07_elderly_11_r4c2.png,Female,Hispanic,Photo,Senior,Female\Hispanic_Photo\Senior
E:\aninovel\input_images\female_photo_07_elderly_17_r6c2.png,female_photo_07_elderly_17_r6c2.png,Female,Asian,Photo,Senior,Female\Asian_Photo\Senior
E:\aninovel\input_images\female_photo_07_elderly_20_r7c2.png,female_photo_07_elderly_20_r7c2.png,Female,Asian,Photo,Senior,Female\Asian_Photo\Senior
E:\aninovel\input_images\female_photo_07_elderly_23_r8c2.png,female_photo_07_elderly_23_r8c2.png,Female,Asian,Photo,Senior,Female\Asian_Photo\Senior
E:\aninovel\input_images\male_anime_01_Amano_Ren_天野蓮.png,male_anime_01_Amano_Ren_天野蓮.png,Male,Japanese,Anime,YoungAdult,Male\Japanese_Anime\YoungAdult
E:\aninovel\input_images\male_anime_01_Asahina_Yuma_朝比奈悠真.png,male_anime_01_Asahina_Yuma_朝比奈悠真.png,Male,Japanese,Anime,YoungAdult,Male\Japanese_Anime\YoungAdult
E:\aninovel\input_images\male_anime_02_Kageyama_Ren_影山蓮.png,male_anime_02_Kageyama_Ren_影山蓮.png,Male,Japanese,Anime,YoungAdult,Male\Japanese_Anime\YoungAdult
E:\aninovel\input_images\male_anime_02_Kiryu_Aoi_桐生蒼.png,male_anime_02_Kiryu_Aoi_桐生蒼.png,Male,Japanese,Anime,YoungAdult,Male\Japanese_Anime\YoungAdult
E:\aninovel\input_images\male_anime_03_Amagi_Minato_天城湊.png,male_anime_03_Amagi_Minato_天城湊.png,Male,Japanese,Anime,YoungAdult,Male\Japanese_Anime\YoungAdult
E:\aninovel\input_images\male_anime_03_Yuki_Haruto_結城陽斗.png,male_anime_03_Yuki_Haruto_結城陽斗.png,Male,Japanese,Anime,YoungAdult,Male\Japanese_Anime\YoungAdult
E:\aninovel\input_images\male_anime_04_Fuwa_Soma_不破蒼真.png,male_anime_04_Fuwa_Soma_不破蒼真.png,Male,Japanese,Anime,YoungAdult,Male\Japanese_Anime\YoungAdult
E:\aninovel\input_images\male_anime_04_Himuro_Rei_氷室零.png,male_anime_04_Himuro_Rei_氷室零.png,Male,Japanese,Anime,YoungAdult,Male\Japanese_Anime\YoungAdult
E:\aninovel\input_images\male_anime_05_college_01_r1c1.png,male_anime_05_college_01_r1c1.png,Male,Japanese,Anime,YoungAdult,Male\Japanese_Anime\YoungAdult
E:\aninovel\input_images\male_anime_05_college_02_r1c2.png,male_anime_05_college_02_r1c2.png,Male,Japanese,Anime,YoungAdult,Male\Japanese_Anime\YoungAdult
E:\aninovel\input_images\male_anime_05_college_03_r2c1.png,male_anime_05_college_03_r2c1.png,Male,Japanese,Anime,YoungAdult,Male\Japanese_Anime\YoungAdult
E:\aninovel\input_images\male_anime_05_college_04_r2c2.png,male_anime_05_college_04_r2c2.png,Male,Japanese,Anime,YoungAdult,Male\Japanese_Anime\YoungAdult
E:\aninovel\input_images\male_anime_05_college_05_r3c1.png,male_anime_05_college_05_r3c1.png,Male,Japanese,Anime,YoungAdult,Male\Japanese_Anime\YoungAdult
E:\aninovel\input_images\male_anime_05_college_06_r3c2.png,male_anime_05_college_06_r3c2.png,Male,Japanese,Anime,YoungAdult,Male\Japanese_Anime\YoungAdult
E:\aninovel\input_images\male_anime_05_college_07_r4c1.png,male_anime_05_college_07_r4c1.png,Male,Japanese,Anime,YoungAdult,Male\Japanese_Anime\YoungAdult
E:\aninovel\input_images\male_anime_05_college_08_r4c2.png,male_anime_05_college_08_r4c2.png,Male,Japanese,Anime,YoungAdult,Male\Japanese_Anime\YoungAdult
E:\aninovel\input_images\male_anime_05_college_09_r5c1.png,male_anime_05_college_09_r5c1.png,Male,Japanese,Anime,YoungAdult,Male\Japanese_Anime\YoungAdult
E:\aninovel\input_images\male_anime_05_college_10_r5c2.png,male_anime_05_college_10_r5c2.png,Male,Japanese,Anime,YoungAdult,Male\Japanese_Anime\YoungAdult
E:\aninovel\input_images\male_anime_05_college_11_r6c1.png,male_anime_05_college_11_r6c1.png,Male,Japanese,Anime,YoungAdult,Male\Japanese_Anime\YoungAdult
E:\aninovel\input_images\male_anime_05_college_12_r6c2.png,male_anime_05_college_12_r6c2.png,Male,Japanese,Anime,YoungAdult,Male\Japanese_Anime\YoungAdult
E:\aninovel\input_images\male_anime_05_college_13_r7c1.png,male_anime_05_college_13_r7c1.png,Male,Japanese,Anime,YoungAdult,Male\Japanese_Anime\YoungAdult
E:\aninovel\input_images\male_anime_05_college_14_r7c2.png,male_anime_05_college_14_r7c2.png,Male,Japanese,Anime,YoungAdult,Male\Japanese_Anime\YoungAdult
E:\aninovel\input_images\male_anime_05_college_15_r8c1.png,male_anime_05_college_15_r8c1.png,Male,Japanese,Anime,YoungAdult,Male\Japanese_Anime\YoungAdult
E:\aninovel\input_images\male_anime_05_college_16_r8c2.png,male_anime_05_college_16_r8c2.png,Male,Japanese,Anime,YoungAdult,Male\Japanese_Anime\YoungAdult
E:\aninovel\input_images\male_anime_05_Kanzaki_Minato_神崎湊.png,male_anime_05_Kanzaki_Minato_神崎湊.png,Male,Japanese,Anime,YoungAdult,Male\Japanese_Anime\YoungAdult
E:\aninovel\input_images\male_anime_05_Kurosaki_Ryo_黒崎亮.png,male_anime_05_Kurosaki_Ryo_黒崎亮.png,Male,Japanese,Anime,YoungAdult,Male\Japanese_Anime\YoungAdult
E:\aninovel\input_images\male_anime_06_Date_Shun_伊達駿.png,male_anime_06_Date_Shun_伊達駿.png,Male,Japanese,Anime,YoungAdult,Male\Japanese_Anime\YoungAdult
E:\aninovel\input_images\male_anime_06_Tachibana_Itsuki_立花樹.png,male_anime_06_Tachibana_Itsuki_立花樹.png,Male,Japanese,Anime,YoungAdult,Male\Japanese_Anime\YoungAdult
E:\aninovel\input_images\male_anime_07_Honjo_Takuma_炎城拓真.png,male_anime_07_Honjo_Takuma_炎城拓真.png,Male,Japanese,Anime,YoungAdult,Male\Japanese_Anime\YoungAdult
E:\aninovel\input_images\male_anime_07_Kanzaki_Itsuki_神崎樹.png,male_anime_07_Kanzaki_Itsuki_神崎樹.png,Male,Japanese,Anime,YoungAdult,Male\Japanese_Anime\YoungAdult
E:\aninovel\input_images\male_anime_08_Kazama_Kaito_風間海斗.png,male_anime_08_Kazama_Kaito_風間海斗.png,Male,Japanese,Anime,YoungAdult,Male\Japanese_Anime\YoungAdult
E:\aninovel\input_images\male_anime_08_Shiratori_Ritsu_白鳥律.png,male_anime_08_Shiratori_Ritsu_白鳥律.png,Male,Japanese,Anime,YoungAdult,Male\Japanese_Anime\YoungAdult
E:\aninovel\input_images\male_anime_09_Aizawa_Sho_相沢翔.png,male_anime_09_Aizawa_Sho_相沢翔.png,Male,Japanese,Anime,YoungAdult,Male\Japanese_Anime\YoungAdult
E:\aninovel\input_images\male_anime_09_Kujo_Sho_九条翔.png,male_anime_09_Kujo_Sho_九条翔.png,Male,Japanese,Anime,YoungAdult,Male\Japanese_Anime\YoungAdult
E:\aninovel\input_images\male_anime_10_Kiryu_Aito_桐生愛斗.png,male_anime_10_Kiryu_Aito_桐生愛斗.png,Male,Japanese,Anime,YoungAdult,Male\Japanese_Anime\YoungAdult
E:\aninovel\input_images\male_anime_10_Shiraishi_Kanade_白石奏.png,male_anime_10_Shiraishi_Kanade_白石奏.png,Male,Japanese,Anime,YoungAdult,Male\Japanese_Anime\YoungAdult
E:\aninovel\input_images\male_anime_11_Miura_Daichi_三浦大地.png,male_anime_11_Miura_Daichi_三浦大地.png,Male,Japanese,Anime,YoungAdult,Male\Japanese_Anime\YoungAdult
E:\aninovel\input_images\male_anime_11_Tachibana_Yamato_橘大和.png,male_anime_11_Tachibana_Yamato_橘大和.png,Male,Japanese,Anime,YoungAdult,Male\Japanese_Anime\YoungAdult
E:\aninovel\input_images\male_anime_12_Himuro_Rin_氷室凛.png,male_anime_12_Himuro_Rin_氷室凛.png,Male,Japanese,Anime,YoungAdult,Male\Japanese_Anime\YoungAdult
E:\aninovel\input_images\male_anime_12_Tachibana_Naoto_橘直人.png,male_anime_12_Tachibana_Naoto_橘直人.png,Male,Japanese,Anime,YoungAdult,Male\Japanese_Anime\YoungAdult
E:\aninovel\input_images\male_anime_13_Makabe_Yuma_真壁悠真.png,male_anime_13_Makabe_Yuma_真壁悠真.png,Male,Japanese,Anime,YoungAdult,Male\Japanese_Anime\YoungAdult
E:\aninovel\input_images\male_anime_13_Mikage_Haruto_御影晴人.png,male_anime_13_Mikage_Haruto_御影晴人.png,Male,Japanese,Anime,YoungAdult,Male\Japanese_Anime\YoungAdult
E:\aninovel\input_images\male_anime_14_Kazama_Sora_風間蒼空.png,male_anime_14_Kazama_Sora_風間蒼空.png,Male,Japanese,Anime,YoungAdult,Male\Japanese_Anime\YoungAdult
E:\aninovel\input_images\male_anime_14_Yozuki_Shion_夜月紫苑.png,male_anime_14_Yozuki_Shion_夜月紫苑.png,Male,Japanese,Anime,YoungAdult,Male\Japanese_Anime\YoungAdult
E:\aninovel\input_images\male_anime_15_Asahina_Haruka_朝比奈遥.png,male_anime_15_Asahina_Haruka_朝比奈遥.png,Male,Japanese,Anime,YoungAdult,Male\Japanese_Anime\YoungAdult
E:\aninovel\input_images\male_anime_15_Makabe_Yuto_真壁悠斗.png,male_anime_15_Makabe_Yuto_真壁悠斗.png,Male,Japanese,Anime,YoungAdult,Male\Japanese_Anime\YoungAdult
E:\aninovel\input_images\male_anime_16_Kujo_Haru_九条晴.png,male_anime_16_Kujo_Haru_九条晴.png,Male,Japanese,Anime,YoungAdult,Male\Japanese_Anime\YoungAdult
E:\aninovel\input_images\male_anime_16_Saito_Yuito_斎藤結人.png,male_anime_16_Saito_Yuito_斎藤結人.png,Male,Japanese,Anime,YoungAdult,Male\Japanese_Anime\YoungAdult
E:\aninovel\input_images\male_anime_17_Chiba_Sota_千葉奏汰.png,male_anime_17_Chiba_Sota_千葉奏汰.png,Male,Japanese,Anime,YoungAdult,Male\Japanese_Anime\YoungAdult
E:\aninovel\input_images\male_anime_17_Ichinose_Yamato_一ノ瀬大和.png,male_anime_17_Ichinose_Yamato_一ノ瀬大和.png,Male,Japanese,Anime,YoungAdult,Male\Japanese_Anime\YoungAdult
E:\aninovel\input_images\male_anime_18_Hasegawa_Minato_長谷川湊.png,male_anime_18_Hasegawa_Minato_長谷川湊.png,Male,Japanese,Anime,YoungAdult,Male\Japanese_Anime\YoungAdult
E:\aninovel\input_images\male_anime_18_Yukimura_Kazuki_雪村一樹.png,male_anime_18_Yukimura_Kazuki_雪村一樹.png,Male,Japanese,Anime,YoungAdult,Male\Japanese_Anime\YoungAdult
E:\aninovel\input_images\male_anime_19_Hino_Shogo_火野翔吾.png,male_anime_19_Hino_Shogo_火野翔吾.png,Male,Japanese,Anime,YoungAdult,Male\Japanese_Anime\YoungAdult
E:\aninovel\input_images\male_anime_19_Ichinose_Hayate_一ノ瀬颯.png,male_anime_19_Ichinose_Hayate_一ノ瀬颯.png,Male,Japanese,Anime,YoungAdult,Male\Japanese_Anime\YoungAdult
E:\aninovel\input_images\male_anime_20_Iori_Sho_伊織翔.png,male_anime_20_Iori_Sho_伊織翔.png,Male,Japanese,Anime,YoungAdult,Male\Japanese_Anime\YoungAdult
E:\aninovel\input_images\male_anime_20_Yuma_Shoma_遊馬翔真.png,male_anime_20_Yuma_Shoma_遊馬翔真.png,Male,Japanese,Anime,YoungAdult,Male\Japanese_Anime\YoungAdult
E:\aninovel\input_images\male_anime_21_Aizawa_Reno_相沢蓮央.png,male_anime_21_Aizawa_Reno_相沢蓮央.png,Male,Japanese,Anime,YoungAdult,Male\Japanese_Anime\YoungAdult
E:\aninovel\input_images\male_anime_21_Sakakibara_Yuto_榊原悠斗.png,male_anime_21_Sakakibara_Yuto_榊原悠斗.png,Male,Japanese,Anime,YoungAdult,Male\Japanese_Anime\YoungAdult
E:\aninovel\input_images\male_anime_22_Nanase_Naoki_七瀬直樹.png,male_anime_22_Nanase_Naoki_七瀬直樹.png,Male,Japanese,Anime,YoungAdult,Male\Japanese_Anime\YoungAdult
E:\aninovel\input_images\male_anime_22_Sena_Kazuma_瀬名和真.png,male_anime_22_Sena_Kazuma_瀬名和真.png,Male,Japanese,Anime,YoungAdult,Male\Japanese_Anime\YoungAdult
E:\aninovel\input_images\male_anime_23_Igarashi_Takeru_五十嵐尊.png,male_anime_23_Igarashi_Takeru_五十嵐尊.png,Male,Japanese,Anime,YoungAdult,Male\Japanese_Anime\YoungAdult
E:\aninovel\input_images\male_anime_23_Kisaragi_Rei_如月玲.png,male_anime_23_Kisaragi_Rei_如月玲.png,Male,Japanese,Anime,YoungAdult,Male\Japanese_Anime\YoungAdult
E:\aninovel\input_images\male_anime_24_Hatano_Hayato_羽多野隼人.png,male_anime_24_Hatano_Hayato_羽多野隼人.png,Male,Japanese,Anime,YoungAdult,Male\Japanese_Anime\YoungAdult
E:\aninovel\input_images\male_anime_24_Shiina_Riku_椎名陸.png,male_anime_24_Shiina_Riku_椎名陸.png,Male,Japanese,Anime,YoungAdult,Male\Japanese_Anime\YoungAdult
E:\aninovel\input_images\male_anime_25_Hyodo_Hayate_兵頭颯.png,male_anime_25_Hyodo_Hayate_兵頭颯.png,Male,Japanese,Anime,YoungAdult,Male\Japanese_Anime\YoungAdult
E:\aninovel\input_images\male_anime_25_Miura_Kaito_三浦海斗.png,male_anime_25_Miura_Kaito_三浦海斗.png,Male,Japanese,Anime,YoungAdult,Male\Japanese_Anime\YoungAdult
E:\aninovel\input_images\male_anime_26_Takamiya_Shun_鷹宮駿.png,male_anime_26_Takamiya_Shun_鷹宮駿.png,Male,Japanese,Anime,YoungAdult,Male\Japanese_Anime\YoungAdult
E:\aninovel\input_images\male_anime_26_Yozakura_Ryunosuke_夜桜龍之介.png,male_anime_26_Yozakura_Ryunosuke_夜桜龍之介.png,Male,Japanese,Anime,YoungAdult,Male\Japanese_Anime\YoungAdult
E:\aninovel\input_images\male_anime_27_Akagi_Ko_赤城煌.png,male_anime_27_Akagi_Ko_赤城煌.png,Male,Japanese,Anime,YoungAdult,Male\Japanese_Anime\YoungAdult
E:\aninovel\input_images\male_anime_27_Otaka_Reo_鳳澤怜央.png,male_anime_27_Otaka_Reo_鳳澤怜央.png,Male,Japanese,Anime,YoungAdult,Male\Japanese_Anime\YoungAdult
E:\aninovel\input_images\male_anime_28_Aoki_Yuma_青木悠真.png,male_anime_28_Aoki_Yuma_青木悠真.png,Male,Japanese,Anime,YoungAdult,Male\Japanese_Anime\YoungAdult
E:\aninovel\input_images\male_anime_28_Narumi_Sho_鳴海翔.png,male_anime_28_Narumi_Sho_鳴海翔.png,Male,Japanese,Anime,YoungAdult,Male\Japanese_Anime\YoungAdult
E:\aninovel\input_images\male_anime_29_Hanamura_Yosuke_花村陽介.png,male_anime_29_Hanamura_Yosuke_花村陽介.png,Male,Japanese,Anime,YoungAdult,Male\Japanese_Anime\YoungAdult
E:\aninovel\input_images\male_anime_29_Kamiya_Yota_神谷陽太.png,male_anime_29_Kamiya_Yota_神谷陽太.png,Male,Japanese,Anime,YoungAdult,Male\Japanese_Anime\YoungAdult
E:\aninovel\input_images\male_anime_30_Mizuki_Soma_水城蒼真.png,male_anime_30_Mizuki_Soma_水城蒼真.png,Male,Japanese,Anime,YoungAdult,Male\Japanese_Anime\YoungAdult
E:\aninovel\input_images\male_anime_30_Tsukishima_Ryo_月島涼.png,male_anime_30_Tsukishima_Ryo_月島涼.png,Male,Japanese,Anime,YoungAdult,Male\Japanese_Anime\YoungAdult
E:\aninovel\input_images\male_anime_01_baby_toddler_01_r1c1.png,male_anime_01_baby_toddler_01_r1c1.png,Male,Japanese,Anime,Baby,Male\Japanese_Anime\Baby
E:\aninovel\input_images\male_anime_01_baby_toddler_02_r1c2.png,male_anime_01_baby_toddler_02_r1c2.png,Male,Japanese,Anime,Baby,Male\Japanese_Anime\Baby
E:\aninovel\input_images\male_anime_01_baby_toddler_03_r2c1.png,male_anime_01_baby_toddler_03_r2c1.png,Male,Japanese,Anime,Baby,Male\Japanese_Anime\Baby
E:\aninovel\input_images\male_anime_01_baby_toddler_04_r2c2.png,male_anime_01_baby_toddler_04_r2c2.png,Male,Japanese,Anime,Baby,Male\Japanese_Anime\Baby
E:\aninovel\input_images\male_anime_01_baby_toddler_05_r3c1.png,male_anime_01_baby_toddler_05_r3c1.png,Male,Japanese,Anime,Baby,Male\Japanese_Anime\Baby
E:\aninovel\input_images\male_anime_01_baby_toddler_06_r3c2.png,male_anime_01_baby_toddler_06_r3c2.png,Male,Japanese,Anime,Baby,Male\Japanese_Anime\Baby
E:\aninovel\input_images\male_anime_01_baby_toddler_07_r4c1.png,male_anime_01_baby_toddler_07_r4c1.png,Male,Japanese,Anime,Baby,Male\Japanese_Anime\Baby
E:\aninovel\input_images\male_anime_01_baby_toddler_08_r4c2.png,male_anime_01_baby_toddler_08_r4c2.png,Male,Japanese,Anime,Baby,Male\Japanese_Anime\Baby
E:\aninovel\input_images\male_anime_01_baby_toddler_09_r5c1.png,male_anime_01_baby_toddler_09_r5c1.png,Male,Japanese,Anime,Baby,Male\Japanese_Anime\Baby
E:\aninovel\input_images\male_anime_01_baby_toddler_10_r5c2.png,male_anime_01_baby_toddler_10_r5c2.png,Male,Japanese,Anime,Baby,Male\Japanese_Anime\Baby
E:\aninovel\input_images\male_anime_01_baby_toddler_11_r6c1.png,male_anime_01_baby_toddler_11_r6c1.png,Male,Japanese,Anime,Baby,Male\Japanese_Anime\Baby
E:\aninovel\input_images\male_anime_01_baby_toddler_12_r6c2.png,male_anime_01_baby_toddler_12_r6c2.png,Male,Japanese,Anime,Baby,Male\Japanese_Anime\Baby
E:\aninovel\input_images\male_anime_01_baby_toddler_13_r7c1.png,male_anime_01_baby_toddler_13_r7c1.png,Male,Japanese,Anime,Baby,Male\Japanese_Anime\Baby
E:\aninovel\input_images\male_anime_01_baby_toddler_14_r7c2.png,male_anime_01_baby_toddler_14_r7c2.png,Male,Japanese,Anime,Baby,Male\Japanese_Anime\Baby
E:\aninovel\input_images\male_anime_01_baby_toddler_15_r8c1.png,male_anime_01_baby_toddler_15_r8c1.png,Male,Japanese,Anime,Baby,Male\Japanese_Anime\Baby
E:\aninovel\input_images\male_anime_01_baby_toddler_16_r8c2.png,male_anime_01_baby_toddler_16_r8c2.png,Male,Japanese,Anime,Baby,Male\Japanese_Anime\Baby
E:\aninovel\input_images\male_anime_02_elementary_01_r1c1.png,male_anime_02_elementary_01_r1c1.png,Male,Japanese,Anime,Child,Male\Japanese_Anime\Child
E:\aninovel\input_images\male_anime_02_elementary_02_r1c2.png,male_anime_02_elementary_02_r1c2.png,Male,Japanese,Anime,Child,Male\Japanese_Anime\Child
E:\aninovel\input_images\male_anime_02_elementary_03_r2c1.png,male_anime_02_elementary_03_r2c1.png,Male,Japanese,Anime,Child,Male\Japanese_Anime\Child
E:\aninovel\input_images\male_anime_02_elementary_04_r2c2.png,male_anime_02_elementary_04_r2c2.png,Male,Japanese,Anime,Child,Male\Japanese_Anime\Child
E:\aninovel\input_images\male_anime_02_elementary_05_r3c1.png,male_anime_02_elementary_05_r3c1.png,Male,Japanese,Anime,Child,Male\Japanese_Anime\Child
E:\aninovel\input_images\male_anime_02_elementary_06_r3c2.png,male_anime_02_elementary_06_r3c2.png,Male,Japanese,Anime,Child,Male\Japanese_Anime\Child
E:\aninovel\input_images\male_anime_02_elementary_07_r4c1.png,male_anime_02_elementary_07_r4c1.png,Male,Japanese,Anime,Child,Male\Japanese_Anime\Child
E:\aninovel\input_images\male_anime_02_elementary_08_r4c2.png,male_anime_02_elementary_08_r4c2.png,Male,Japanese,Anime,Child,Male\Japanese_Anime\Child
E:\aninovel\input_images\male_anime_02_elementary_09_r5c1.png,male_anime_02_elementary_09_r5c1.png,Male,Japanese,Anime,Child,Male\Japanese_Anime\Child
E:\aninovel\input_images\male_anime_02_elementary_10_r5c2.png,male_anime_02_elementary_10_r5c2.png,Male,Japanese,Anime,Child,Male\Japanese_Anime\Child
E:\aninovel\input_images\male_anime_02_elementary_11_r6c1.png,male_anime_02_elementary_11_r6c1.png,Male,Japanese,Anime,Child,Male\Japanese_Anime\Child
E:\aninovel\input_images\male_anime_02_elementary_12_r6c2.png,male_anime_02_elementary_12_r6c2.png,Male,Japanese,Anime,Child,Male\Japanese_Anime\Child
E:\aninovel\input_images\male_anime_02_elementary_13_r7c1.png,male_anime_02_elementary_13_r7c1.png,Male,Japanese,Anime,Child,Male\Japanese_Anime\Child
E:\aninovel\input_images\male_anime_02_elementary_14_r7c2.png,male_anime_02_elementary_14_r7c2.png,Male,Japanese,Anime,Child,Male\Japanese_Anime\Child
E:\aninovel\input_images\male_anime_02_elementary_15_r8c1.png,male_anime_02_elementary_15_r8c1.png,Male,Japanese,Anime,Child,Male\Japanese_Anime\Child
E:\aninovel\input_images\male_anime_02_elementary_16_r8c2.png,male_anime_02_elementary_16_r8c2.png,Male,Japanese,Anime,Child,Male\Japanese_Anime\Child
E:\aninovel\input_images\male_anime_03_middle_school_01_r1c1.png,male_anime_03_middle_school_01_r1c1.png,Male,Japanese,Anime,Teen,Male\Japanese_Anime\Teen
E:\aninovel\input_images\male_anime_03_middle_school_02_r1c2.png,male_anime_03_middle_school_02_r1c2.png,Male,Japanese,Anime,Teen,Male\Japanese_Anime\Teen
E:\aninovel\input_images\male_anime_03_middle_school_03_r2c1.png,male_anime_03_middle_school_03_r2c1.png,Male,Japanese,Anime,Teen,Male\Japanese_Anime\Teen
E:\aninovel\input_images\male_anime_03_middle_school_04_r2c2.png,male_anime_03_middle_school_04_r2c2.png,Male,Japanese,Anime,Teen,Male\Japanese_Anime\Teen
E:\aninovel\input_images\male_anime_03_middle_school_05_r3c1.png,male_anime_03_middle_school_05_r3c1.png,Male,Japanese,Anime,Teen,Male\Japanese_Anime\Teen
E:\aninovel\input_images\male_anime_03_middle_school_06_r3c2.png,male_anime_03_middle_school_06_r3c2.png,Male,Japanese,Anime,Teen,Male\Japanese_Anime\Teen
E:\aninovel\input_images\male_anime_03_middle_school_07_r4c1.png,male_anime_03_middle_school_07_r4c1.png,Male,Japanese,Anime,Teen,Male\Japanese_Anime\Teen
E:\aninovel\input_images\male_anime_03_middle_school_08_r4c2.png,male_anime_03_middle_school_08_r4c2.png,Male,Japanese,Anime,Teen,Male\Japanese_Anime\Teen
E:\aninovel\input_images\male_anime_03_middle_school_09_r5c1.png,male_anime_03_middle_school_09_r5c1.png,Male,Japanese,Anime,Teen,Male\Japanese_Anime\Teen
E:\aninovel\input_images\male_anime_03_middle_school_10_r5c2.png,male_anime_03_middle_school_10_r5c2.png,Male,Japanese,Anime,Teen,Male\Japanese_Anime\Teen
E:\aninovel\input_images\male_anime_03_middle_school_11_r6c1.png,male_anime_03_middle_school_11_r6c1.png,Male,Japanese,Anime,Teen,Male\Japanese_Anime\Teen
E:\aninovel\input_images\male_anime_03_middle_school_12_r6c2.png,male_anime_03_middle_school_12_r6c2.png,Male,Japanese,Anime,Teen,Male\Japanese_Anime\Teen
E:\aninovel\input_images\male_anime_03_middle_school_13_r7c1.png,male_anime_03_middle_school_13_r7c1.png,Male,Japanese,Anime,Teen,Male\Japanese_Anime\Teen
E:\aninovel\input_images\male_anime_03_middle_school_14_r7c2.png,male_anime_03_middle_school_14_r7c2.png,Male,Japanese,Anime,Teen,Male\Japanese_Anime\Teen
E:\aninovel\input_images\male_anime_03_middle_school_15_r8c1.png,male_anime_03_middle_school_15_r8c1.png,Male,Japanese,Anime,Teen,Male\Japanese_Anime\Teen
E:\aninovel\input_images\male_anime_03_middle_school_16_r8c2.png,male_anime_03_middle_school_16_r8c2.png,Male,Japanese,Anime,Teen,Male\Japanese_Anime\Teen
E:\aninovel\input_images\male_anime_04_high_school_01_r1c1.png,male_anime_04_high_school_01_r1c1.png,Male,Japanese,Anime,Teen,Male\Japanese_Anime\Teen
E:\aninovel\input_images\male_anime_04_high_school_02_r1c2.png,male_anime_04_high_school_02_r1c2.png,Male,Japanese,Anime,Teen,Male\Japanese_Anime\Teen
E:\aninovel\input_images\male_anime_04_high_school_03_r2c1.png,male_anime_04_high_school_03_r2c1.png,Male,Japanese,Anime,Teen,Male\Japanese_Anime\Teen
E:\aninovel\input_images\male_anime_04_high_school_04_r2c2.png,male_anime_04_high_school_04_r2c2.png,Male,Japanese,Anime,Teen,Male\Japanese_Anime\Teen
E:\aninovel\input_images\male_anime_04_high_school_05_r3c1.png,male_anime_04_high_school_05_r3c1.png,Male,Japanese,Anime,Teen,Male\Japanese_Anime\Teen
E:\aninovel\input_images\male_anime_04_high_school_06_r3c2.png,male_anime_04_high_school_06_r3c2.png,Male,Japanese,Anime,Teen,Male\Japanese_Anime\Teen
E:\aninovel\input_images\male_anime_04_high_school_07_r4c1.png,male_anime_04_high_school_07_r4c1.png,Male,Japanese,Anime,Teen,Male\Japanese_Anime\Teen
E:\aninovel\input_images\male_anime_04_high_school_08_r4c2.png,male_anime_04_high_school_08_r4c2.png,Male,Japanese,Anime,Teen,Male\Japanese_Anime\Teen
E:\aninovel\input_images\male_anime_04_high_school_09_r5c1.png,male_anime_04_high_school_09_r5c1.png,Male,Japanese,Anime,Teen,Male\Japanese_Anime\Teen
E:\aninovel\input_images\male_anime_04_high_school_10_r5c2.png,male_anime_04_high_school_10_r5c2.png,Male,Japanese,Anime,Teen,Male\Japanese_Anime\Teen
E:\aninovel\input_images\male_anime_04_high_school_11_r6c1.png,male_anime_04_high_school_11_r6c1.png,Male,Japanese,Anime,Teen,Male\Japanese_Anime\Teen
E:\aninovel\input_images\male_anime_04_high_school_12_r6c2.png,male_anime_04_high_school_12_r6c2.png,Male,Japanese,Anime,Teen,Male\Japanese_Anime\Teen
E:\aninovel\input_images\male_anime_04_high_school_13_r7c1.png,male_anime_04_high_school_13_r7c1.png,Male,Japanese,Anime,Teen,Male\Japanese_Anime\Teen
E:\aninovel\input_images\male_anime_04_high_school_14_r7c2.png,male_anime_04_high_school_14_r7c2.png,Male,Japanese,Anime,Teen,Male\Japanese_Anime\Teen
E:\aninovel\input_images\male_anime_04_high_school_15_r8c1.png,male_anime_04_high_school_15_r8c1.png,Male,Japanese,Anime,Teen,Male\Japanese_Anime\Teen
E:\aninovel\input_images\male_anime_04_high_school_16_r8c2.png,male_anime_04_high_school_16_r8c2.png,Male,Japanese,Anime,Teen,Male\Japanese_Anime\Teen
E:\aninovel\input_images\male_anime_06_working_age_01_r1c1.png,male_anime_06_working_age_01_r1c1.png,Male,Japanese,Anime,Adult,Male\Japanese_Anime\Adult
E:\aninovel\input_images\male_anime_06_working_age_02_r1c2.png,male_anime_06_working_age_02_r1c2.png,Male,Japanese,Anime,Adult,Male\Japanese_Anime\Adult
E:\aninovel\input_images\male_anime_06_working_age_03_r1c3.png,male_anime_06_working_age_03_r1c3.png,Male,Japanese,Anime,Adult,Male\Japanese_Anime\Adult
E:\aninovel\input_images\male_anime_06_working_age_04_r1c4.png,male_anime_06_working_age_04_r1c4.png,Male,Japanese,Anime,Adult,Male\Japanese_Anime\Adult
E:\aninovel\input_images\male_anime_06_working_age_05_r1c5.png,male_anime_06_working_age_05_r1c5.png,Male,Japanese,Anime,Adult,Male\Japanese_Anime\Adult
E:\aninovel\input_images\male_anime_06_working_age_06_r1c6.png,male_anime_06_working_age_06_r1c6.png,Male,Japanese,Anime,Adult,Male\Japanese_Anime\Adult
E:\aninovel\input_images\male_anime_06_working_age_07_r1c7.png,male_anime_06_working_age_07_r1c7.png,Male,Japanese,Anime,Adult,Male\Japanese_Anime\Adult
E:\aninovel\input_images\male_anime_06_working_age_08_r1c8.png,male_anime_06_working_age_08_r1c8.png,Male,Japanese,Anime,Adult,Male\Japanese_Anime\Adult
E:\aninovel\input_images\male_anime_06_working_age_09_r1c9.png,male_anime_06_working_age_09_r1c9.png,Male,Japanese,Anime,Adult,Male\Japanese_Anime\Adult
E:\aninovel\input_images\male_anime_06_working_age_10_r2c1.png,male_anime_06_working_age_10_r2c1.png,Male,Japanese,Anime,Adult,Male\Japanese_Anime\Adult
E:\aninovel\input_images\male_anime_06_working_age_11_r2c2.png,male_anime_06_working_age_11_r2c2.png,Male,Japanese,Anime,Adult,Male\Japanese_Anime\Adult
E:\aninovel\input_images\male_anime_06_working_age_12_r2c3.png,male_anime_06_working_age_12_r2c3.png,Male,Japanese,Anime,Adult,Male\Japanese_Anime\Adult
E:\aninovel\input_images\male_anime_06_working_age_13_r2c4.png,male_anime_06_working_age_13_r2c4.png,Male,Japanese,Anime,Adult,Male\Japanese_Anime\Adult
E:\aninovel\input_images\male_anime_06_working_age_14_r2c5.png,male_anime_06_working_age_14_r2c5.png,Male,Japanese,Anime,Adult,Male\Japanese_Anime\Adult
E:\aninovel\input_images\male_anime_06_working_age_15_r2c6.png,male_anime_06_working_age_15_r2c6.png,Male,Japanese,Anime,Adult,Male\Japanese_Anime\Adult
E:\aninovel\input_images\male_anime_06_working_age_16_r2c7.png,male_anime_06_working_age_16_r2c7.png,Male,Japanese,Anime,Adult,Male\Japanese_Anime\Adult
E:\aninovel\input_images\male_anime_06_working_age_17_r2c8.png,male_anime_06_working_age_17_r2c8.png,Male,Japanese,Anime,Adult,Male\Japanese_Anime\Adult
E:\aninovel\input_images\male_anime_06_working_age_18_r2c9.png,male_anime_06_working_age_18_r2c9.png,Male,Japanese,Anime,Adult,Male\Japanese_Anime\Adult
E:\aninovel\input_images\male_anime_06_working_age_19_r3c1.png,male_anime_06_working_age_19_r3c1.png,Male,Japanese,Anime,Adult,Male\Japanese_Anime\Adult
E:\aninovel\input_images\male_anime_06_working_age_20_r3c2.png,male_anime_06_working_age_20_r3c2.png,Male,Japanese,Anime,Adult,Male\Japanese_Anime\Adult
E:\aninovel\input_images\male_anime_06_working_age_21_r3c3.png,male_anime_06_working_age_21_r3c3.png,Male,Japanese,Anime,Adult,Male\Japanese_Anime\Adult
E:\aninovel\input_images\male_anime_06_working_age_22_r3c4.png,male_anime_06_working_age_22_r3c4.png,Male,Japanese,Anime,Adult,Male\Japanese_Anime\Adult
E:\aninovel\input_images\male_anime_06_working_age_23_r3c5.png,male_anime_06_working_age_23_r3c5.png,Male,Japanese,Anime,Adult,Male\Japanese_Anime\Adult
E:\aninovel\input_images\male_anime_06_working_age_24_r3c6.png,male_anime_06_working_age_24_r3c6.png,Male,Japanese,Anime,Adult,Male\Japanese_Anime\Adult
E:\aninovel\input_images\male_anime_06_working_age_25_r3c7.png,male_anime_06_working_age_25_r3c7.png,Male,Japanese,Anime,Adult,Male\Japanese_Anime\Adult
E:\aninovel\input_images\male_anime_06_working_age_26_r3c8.png,male_anime_06_working_age_26_r3c8.png,Male,Japanese,Anime,Adult,Male\Japanese_Anime\Adult
E:\aninovel\input_images\male_anime_06_working_age_27_r3c9.png,male_anime_06_working_age_27_r3c9.png,Male,Japanese,Anime,Adult,Male\Japanese_Anime\Adult
E:\aninovel\input_images\male_anime_06_working_age_28_r4c1.png,male_anime_06_working_age_28_r4c1.png,Male,Japanese,Anime,Adult,Male\Japanese_Anime\Adult
E:\aninovel\input_images\male_anime_06_working_age_29_r4c2.png,male_anime_06_working_age_29_r4c2.png,Male,Japanese,Anime,Adult,Male\Japanese_Anime\Adult
E:\aninovel\input_images\male_anime_06_working_age_30_r4c3.png,male_anime_06_working_age_30_r4c3.png,Male,Japanese,Anime,Adult,Male\Japanese_Anime\Adult
E:\aninovel\input_images\male_anime_06_working_age_31_r4c4.png,male_anime_06_working_age_31_r4c4.png,Male,Japanese,Anime,Adult,Male\Japanese_Anime\Adult
E:\aninovel\input_images\male_anime_06_working_age_32_r4c5.png,male_anime_06_working_age_32_r4c5.png,Male,Japanese,Anime,Adult,Male\Japanese_Anime\Adult
E:\aninovel\input_images\male_anime_06_working_age_33_r4c6.png,male_anime_06_working_age_33_r4c6.png,Male,Japanese,Anime,Adult,Male\Japanese_Anime\Adult
E:\aninovel\input_images\male_anime_06_working_age_34_r4c7.png,male_anime_06_working_age_34_r4c7.png,Male,Japanese,Anime,Adult,Male\Japanese_Anime\Adult
E:\aninovel\input_images\male_anime_06_working_age_35_r4c8.png,male_anime_06_working_age_35_r4c8.png,Male,Japanese,Anime,Adult,Male\Japanese_Anime\Adult
E:\aninovel\input_images\male_anime_06_working_age_36_r4c9.png,male_anime_06_working_age_36_r4c9.png,Male,Japanese,Anime,Adult,Male\Japanese_Anime\Adult
E:\aninovel\input_images\male_anime_06_working_age_37_r5c1.png,male_anime_06_working_age_37_r5c1.png,Male,Japanese,Anime,Adult,Male\Japanese_Anime\Adult
E:\aninovel\input_images\male_anime_06_working_age_38_r5c2.png,male_anime_06_working_age_38_r5c2.png,Male,Japanese,Anime,Adult,Male\Japanese_Anime\Adult
E:\aninovel\input_images\male_anime_06_working_age_39_r5c3.png,male_anime_06_working_age_39_r5c3.png,Male,Japanese,Anime,Adult,Male\Japanese_Anime\Adult
E:\aninovel\input_images\male_anime_06_working_age_40_r5c4.png,male_anime_06_working_age_40_r5c4.png,Male,Japanese,Anime,Adult,Male\Japanese_Anime\Adult
E:\aninovel\input_images\male_anime_06_working_age_41_r5c5.png,male_anime_06_working_age_41_r5c5.png,Male,Japanese,Anime,Adult,Male\Japanese_Anime\Adult
E:\aninovel\input_images\male_anime_06_working_age_42_r5c6.png,male_anime_06_working_age_42_r5c6.png,Male,Japanese,Anime,Adult,Male\Japanese_Anime\Adult
E:\aninovel\input_images\male_anime_06_working_age_43_r5c7.png,male_anime_06_working_age_43_r5c7.png,Male,Japanese,Anime,Adult,Male\Japanese_Anime\Adult
E:\aninovel\input_images\male_anime_06_working_age_44_r5c8.png,male_anime_06_working_age_44_r5c8.png,Male,Japanese,Anime,Adult,Male\Japanese_Anime\Adult
E:\aninovel\input_images\male_anime_06_working_age_45_r5c9.png,male_anime_06_working_age_45_r5c9.png,Male,Japanese,Anime,Adult,Male\Japanese_Anime\Adult
E:\aninovel\input_images\male_anime_06_working_age_46_r6c1.png,male_anime_06_working_age_46_r6c1.png,Male,Japanese,Anime,Adult,Male\Japanese_Anime\Adult
E:\aninovel\input_images\male_anime_06_working_age_47_r6c2.png,male_anime_06_working_age_47_r6c2.png,Male,Japanese,Anime,Adult,Male\Japanese_Anime\Adult
E:\aninovel\input_images\male_anime_06_working_age_48_r6c3.png,male_anime_06_working_age_48_r6c3.png,Male,Japanese,Anime,Adult,Male\Japanese_Anime\Adult
E:\aninovel\input_images\male_anime_06_working_age_49_r6c4.png,male_anime_06_working_age_49_r6c4.png,Male,Japanese,Anime,Adult,Male\Japanese_Anime\Adult
E:\aninovel\input_images\male_anime_06_working_age_50_r6c5.png,male_anime_06_working_age_50_r6c5.png,Male,Japanese,Anime,Adult,Male\Japanese_Anime\Adult
E:\aninovel\input_images\male_anime_06_working_age_51_r6c6.png,male_anime_06_working_age_51_r6c6.png,Male,Japanese,Anime,Adult,Male\Japanese_Anime\Adult
E:\aninovel\input_images\male_anime_06_working_age_52_r6c7.png,male_anime_06_working_age_52_r6c7.png,Male,Japanese,Anime,Adult,Male\Japanese_Anime\Adult
E:\aninovel\input_images\male_anime_06_working_age_53_r6c8.png,male_anime_06_working_age_53_r6c8.png,Male,Japanese,Anime,Adult,Male\Japanese_Anime\Adult
E:\aninovel\input_images\male_anime_06_working_age_54_r6c9.png,male_anime_06_working_age_54_r6c9.png,Male,Japanese,Anime,Adult,Male\Japanese_Anime\Adult
E:\aninovel\input_images\male_anime_06_working_age_55_r7c1.png,male_anime_06_working_age_55_r7c1.png,Male,Japanese,Anime,Adult,Male\Japanese_Anime\Adult
E:\aninovel\input_images\male_anime_06_working_age_56_r7c2.png,male_anime_06_working_age_56_r7c2.png,Male,Japanese,Anime,Adult,Male\Japanese_Anime\Adult
E:\aninovel\input_images\male_anime_06_working_age_57_r7c3.png,male_anime_06_working_age_57_r7c3.png,Male,Japanese,Anime,Adult,Male\Japanese_Anime\Adult
E:\aninovel\input_images\male_anime_06_working_age_58_r7c4.png,male_anime_06_working_age_58_r7c4.png,Male,Japanese,Anime,Adult,Male\Japanese_Anime\Adult
E:\aninovel\input_images\male_anime_06_working_age_59_r7c5.png,male_anime_06_working_age_59_r7c5.png,Male,Japanese,Anime,Adult,Male\Japanese_Anime\Adult
E:\aninovel\input_images\male_anime_06_working_age_60_r7c6.png,male_anime_06_working_age_60_r7c6.png,Male,Japanese,Anime,Adult,Male\Japanese_Anime\Adult
E:\aninovel\input_images\male_anime_06_working_age_61_r7c7.png,male_anime_06_working_age_61_r7c7.png,Male,Japanese,Anime,Adult,Male\Japanese_Anime\Adult
E:\aninovel\input_images\male_anime_06_working_age_62_r7c8.png,male_anime_06_working_age_62_r7c8.png,Male,Japanese,Anime,Adult,Male\Japanese_Anime\Adult
E:\aninovel\input_images\male_anime_06_working_age_63_r7c9.png,male_anime_06_working_age_63_r7c9.png,Male,Japanese,Anime,Adult,Male\Japanese_Anime\Adult
E:\aninovel\input_images\male_anime_06_working_age_64_r8c1.png,male_anime_06_working_age_64_r8c1.png,Male,Japanese,Anime,Adult,Male\Japanese_Anime\Adult
E:\aninovel\input_images\male_anime_06_working_age_65_r8c2.png,male_anime_06_working_age_65_r8c2.png,Male,Japanese,Anime,Adult,Male\Japanese_Anime\Adult
E:\aninovel\input_images\male_anime_06_working_age_66_r8c3.png,male_anime_06_working_age_66_r8c3.png,Male,Japanese,Anime,Adult,Male\Japanese_Anime\Adult
E:\aninovel\input_images\male_anime_06_working_age_67_r8c4.png,male_anime_06_working_age_67_r8c4.png,Male,Japanese,Anime,Adult,Male\Japanese_Anime\Adult
E:\aninovel\input_images\male_anime_06_working_age_68_r8c5.png,male_anime_06_working_age_68_r8c5.png,Male,Japanese,Anime,Adult,Male\Japanese_Anime\Adult
E:\aninovel\input_images\male_anime_06_working_age_69_r8c6.png,male_anime_06_working_age_69_r8c6.png,Male,Japanese,Anime,Adult,Male\Japanese_Anime\Adult
E:\aninovel\input_images\male_anime_06_working_age_70_r8c7.png,male_anime_06_working_age_70_r8c7.png,Male,Japanese,Anime,Adult,Male\Japanese_Anime\Adult
E:\aninovel\input_images\male_anime_06_working_age_71_r8c8.png,male_anime_06_working_age_71_r8c8.png,Male,Japanese,Anime,Adult,Male\Japanese_Anime\Adult
E:\aninovel\input_images\male_anime_06_working_age_72_r8c9.png,male_anime_06_working_age_72_r8c9.png,Male,Japanese,Anime,Adult,Male\Japanese_Anime\Adult
E:\aninovel\input_images\male_anime_07_elderly_01_r1c1.png,male_anime_07_elderly_01_r1c1.png,Male,Japanese,Anime,Senior,Male\Japanese_Anime\Senior
E:\aninovel\input_images\male_anime_07_elderly_02_r1c2.png,male_anime_07_elderly_02_r1c2.png,Male,Japanese,Anime,Senior,Male\Japanese_Anime\Senior
E:\aninovel\input_images\male_anime_07_elderly_03_r1c3.png,male_anime_07_elderly_03_r1c3.png,Male,Japanese,Anime,Senior,Male\Japanese_Anime\Senior
E:\aninovel\input_images\male_anime_07_elderly_04_r2c1.png,male_anime_07_elderly_04_r2c1.png,Male,Japanese,Anime,Senior,Male\Japanese_Anime\Senior
E:\aninovel\input_images\male_anime_07_elderly_05_r2c2.png,male_anime_07_elderly_05_r2c2.png,Male,Japanese,Anime,Senior,Male\Japanese_Anime\Senior
E:\aninovel\input_images\male_anime_07_elderly_06_r2c3.png,male_anime_07_elderly_06_r2c3.png,Male,Japanese,Anime,Senior,Male\Japanese_Anime\Senior
E:\aninovel\input_images\male_anime_07_elderly_07_r3c1.png,male_anime_07_elderly_07_r3c1.png,Male,Japanese,Anime,Senior,Male\Japanese_Anime\Senior
E:\aninovel\input_images\male_anime_07_elderly_08_r3c2.png,male_anime_07_elderly_08_r3c2.png,Male,Japanese,Anime,Senior,Male\Japanese_Anime\Senior
E:\aninovel\input_images\male_anime_07_elderly_09_r3c3.png,male_anime_07_elderly_09_r3c3.png,Male,Japanese,Anime,Senior,Male\Japanese_Anime\Senior
E:\aninovel\input_images\male_anime_07_elderly_10_r4c1.png,male_anime_07_elderly_10_r4c1.png,Male,Japanese,Anime,Senior,Male\Japanese_Anime\Senior
E:\aninovel\input_images\male_anime_07_elderly_11_r4c2.png,male_anime_07_elderly_11_r4c2.png,Male,Japanese,Anime,Senior,Male\Japanese_Anime\Senior
E:\aninovel\input_images\male_anime_07_elderly_12_r4c3.png,male_anime_07_elderly_12_r4c3.png,Male,Japanese,Anime,Senior,Male\Japanese_Anime\Senior
E:\aninovel\input_images\male_anime_07_elderly_13_r5c1.png,male_anime_07_elderly_13_r5c1.png,Male,Japanese,Anime,Senior,Male\Japanese_Anime\Senior
E:\aninovel\input_images\male_anime_07_elderly_14_r5c2.png,male_anime_07_elderly_14_r5c2.png,Male,Japanese,Anime,Senior,Male\Japanese_Anime\Senior
E:\aninovel\input_images\male_anime_07_elderly_15_r5c3.png,male_anime_07_elderly_15_r5c3.png,Male,Japanese,Anime,Senior,Male\Japanese_Anime\Senior
E:\aninovel\input_images\male_anime_07_elderly_16_r6c1.png,male_anime_07_elderly_16_r6c1.png,Male,Japanese,Anime,Senior,Male\Japanese_Anime\Senior
E:\aninovel\input_images\male_anime_07_elderly_17_r6c2.png,male_anime_07_elderly_17_r6c2.png,Male,Japanese,Anime,Senior,Male\Japanese_Anime\Senior
E:\aninovel\input_images\male_anime_07_elderly_18_r6c3.png,male_anime_07_elderly_18_r6c3.png,Male,Japanese,Anime,Senior,Male\Japanese_Anime\Senior
E:\aninovel\input_images\male_anime_07_elderly_19_r7c1.png,male_anime_07_elderly_19_r7c1.png,Male,Japanese,Anime,Senior,Male\Japanese_Anime\Senior
E:\aninovel\input_images\male_anime_07_elderly_20_r7c2.png,male_anime_07_elderly_20_r7c2.png,Male,Japanese,Anime,Senior,Male\Japanese_Anime\Senior
E:\aninovel\input_images\male_anime_07_elderly_21_r7c3.png,male_anime_07_elderly_21_r7c3.png,Male,Japanese,Anime,Senior,Male\Japanese_Anime\Senior
E:\aninovel\input_images\male_anime_07_elderly_22_r8c1.png,male_anime_07_elderly_22_r8c1.png,Male,Japanese,Anime,Senior,Male\Japanese_Anime\Senior
E:\aninovel\input_images\male_anime_07_elderly_23_r8c2.png,male_anime_07_elderly_23_r8c2.png,Male,Japanese,Anime,Senior,Male\Japanese_Anime\Senior
E:\aninovel\input_images\male_anime_07_elderly_24_r8c3.png,male_anime_07_elderly_24_r8c3.png,Male,Japanese,Anime,Senior,Male\Japanese_Anime\Senior
E:\aninovel\input_images\male_manga_kid_01_masao_まさお.png,male_manga_kid_01_masao_まさお.png,Male,Japanese,RetroManga,Child,Male\Japanese_RetroManga\Child
E:\aninovel\input_images\male_manga_kid_02_takuya_たくや.png,male_manga_kid_02_takuya_たくや.png,Male,Japanese,RetroManga,Child,Male\Japanese_RetroManga\Child
E:\aninovel\input_images\male_manga_kid_03_nobuo_のぶお.png,male_manga_kid_03_nobuo_のぶお.png,Male,Japanese,RetroManga,Child,Male\Japanese_RetroManga\Child
E:\aninovel\input_images\male_manga_kid_04_kenta_けんた.png,male_manga_kid_04_kenta_けんた.png,Male,Japanese,RetroManga,Child,Male\Japanese_RetroManga\Child
E:\aninovel\input_images\male_manga_kid_05_hiroshi_ひろし.png,male_manga_kid_05_hiroshi_ひろし.png,Male,Japanese,RetroManga,Child,Male\Japanese_RetroManga\Child
E:\aninovel\input_images\male_manga_kid_06_shinji_しんじ.png,male_manga_kid_06_shinji_しんじ.png,Male,Japanese,RetroManga,Child,Male\Japanese_RetroManga\Child
E:\aninovel\input_images\male_manga_kid_07_yuuki_ゆうき.png,male_manga_kid_07_yuuki_ゆうき.png,Male,Japanese,RetroManga,Child,Male\Japanese_RetroManga\Child
E:\aninovel\input_images\male_manga_kid_08_kohei_こうへい.png,male_manga_kid_08_kohei_こうへい.png,Male,Japanese,RetroManga,Child,Male\Japanese_RetroManga\Child
E:\aninovel\input_images\male_manga_kid_09_ryota_りょうた.png,male_manga_kid_09_ryota_りょうた.png,Male,Japanese,RetroManga,Child,Male\Japanese_RetroManga\Child
E:\aninovel\input_images\male_manga_kid_10_shun_しゅん.png,male_manga_kid_10_shun_しゅん.png,Male,Japanese,RetroManga,Child,Male\Japanese_RetroManga\Child
E:\aninovel\input_images\male_manga_kid_11_takeshi_たけし.png,male_manga_kid_11_takeshi_たけし.png,Male,Japanese,RetroManga,Child,Male\Japanese_RetroManga\Child
E:\aninovel\input_images\male_manga_kid_12_kazuya_かずや.png,male_manga_kid_12_kazuya_かずや.png,Male,Japanese,RetroManga,Child,Male\Japanese_RetroManga\Child
E:\aninovel\input_images\male_manga_kid_13_makoto_まこと.png,male_manga_kid_13_makoto_まこと.png,Male,Japanese,RetroManga,Child,Male\Japanese_RetroManga\Child
E:\aninovel\input_images\male_manga_kid_14_seiya_せいや.png,male_manga_kid_14_seiya_せいや.png,Male,Japanese,RetroManga,Child,Male\Japanese_RetroManga\Child
E:\aninovel\input_images\male_manga_kid_15_daiki_だいき.png,male_manga_kid_15_daiki_だいき.png,Male,Japanese,RetroManga,Child,Male\Japanese_RetroManga\Child
E:\aninovel\input_images\male_manga_kid_16_shogo_しょうご.png,male_manga_kid_16_shogo_しょうご.png,Male,Japanese,RetroManga,Child,Male\Japanese_RetroManga\Child
E:\aninovel\input_images\male_manga_kid_17_yuta_ゆうた.png,male_manga_kid_17_yuta_ゆうた.png,Male,Japanese,RetroManga,Child,Male\Japanese_RetroManga\Child
E:\aninovel\input_images\male_manga_kid_18_hideki_ひでき.png,male_manga_kid_18_hideki_ひでき.png,Male,Japanese,RetroManga,Child,Male\Japanese_RetroManga\Child
E:\aninovel\input_images\male_manga_kid_19_keita_けいた.png,male_manga_kid_19_keita_けいた.png,Male,Japanese,RetroManga,Child,Male\Japanese_RetroManga\Child
E:\aninovel\input_images\male_manga_kid_20_atsushi_あつし.png,male_manga_kid_20_atsushi_あつし.png,Male,Japanese,RetroManga,Child,Male\Japanese_RetroManga\Child
E:\aninovel\input_images\male_manga_kid_21_tatsuya_たつや.png,male_manga_kid_21_tatsuya_たつや.png,Male,Japanese,RetroManga,Child,Male\Japanese_RetroManga\Child
E:\aninovel\input_images\male_manga_kid_22_junichi_じゅんいち.png,male_manga_kid_22_junichi_じゅんいち.png,Male,Japanese,RetroManga,Child,Male\Japanese_RetroManga\Child
E:\aninovel\input_images\male_manga_kid_23_tomoki_ともき.png,male_manga_kid_23_tomoki_ともき.png,Male,Japanese,RetroManga,Child,Male\Japanese_RetroManga\Child
E:\aninovel\input_images\male_manga_kid_24_riku_りく.png,male_manga_kid_24_riku_りく.png,Male,Japanese,RetroManga,Child,Male\Japanese_RetroManga\Child
E:\aninovel\input_images\male_manga_kid_25_yuushi_ゆうし.png,male_manga_kid_25_yuushi_ゆうし.png,Male,Japanese,RetroManga,Child,Male\Japanese_RetroManga\Child
E:\aninovel\input_images\male_manga_kid_26_taichi_たいち.png,male_manga_kid_26_taichi_たいち.png,Male,Japanese,RetroManga,Child,Male\Japanese_RetroManga\Child
E:\aninovel\input_images\male_manga_kid_27_kengo_けんご.png,male_manga_kid_27_kengo_けんご.png,Male,Japanese,RetroManga,Child,Male\Japanese_RetroManga\Child
E:\aninovel\input_images\male_manga_kid_28_hiroki_ひろき.png,male_manga_kid_28_hiroki_ひろき.png,Male,Japanese,RetroManga,Child,Male\Japanese_RetroManga\Child
E:\aninovel\input_images\male_manga_kid_29_akira_あきら.png,male_manga_kid_29_akira_あきら.png,Male,Japanese,RetroManga,Child,Male\Japanese_RetroManga\Child
E:\aninovel\input_images\male_manga_kid_30_kota_こうた.png,male_manga_kid_30_kota_こうた.png,Male,Japanese,RetroManga,Child,Male\Japanese_RetroManga\Child
E:\aninovel\input_images\male_photo_01_baby_toddler_01_r1c1.png,male_photo_01_baby_toddler_01_r1c1.png,Male,Asian,Photo,Baby,Male\Asian_Photo\Baby
E:\aninovel\input_images\male_photo_01_baby_toddler_03_r2c1.png,male_photo_01_baby_toddler_03_r2c1.png,Male,Asian,Photo,Baby,Male\Asian_Photo\Baby
E:\aninovel\input_images\male_photo_01_baby_toddler_04_r2c2.png,male_photo_01_baby_toddler_04_r2c2.png,Male,Asian,Photo,Baby,Male\Asian_Photo\Baby
E:\aninovel\input_images\male_photo_01_baby_toddler_05_r3c1.png,male_photo_01_baby_toddler_05_r3c1.png,Male,Asian,Photo,Baby,Male\Asian_Photo\Baby
E:\aninovel\input_images\male_photo_01_baby_toddler_06_r3c2.png,male_photo_01_baby_toddler_06_r3c2.png,Male,Asian,Photo,Baby,Male\Asian_Photo\Baby
E:\aninovel\input_images\male_photo_01_baby_toddler_07_r4c1.png,male_photo_01_baby_toddler_07_r4c1.png,Male,Asian,Photo,Baby,Male\Asian_Photo\Baby
E:\aninovel\input_images\male_photo_01_baby_toddler_08_r4c2.png,male_photo_01_baby_toddler_08_r4c2.png,Male,Asian,Photo,Baby,Male\Asian_Photo\Baby
E:\aninovel\input_images\male_photo_01_baby_toddler_09_r5c1.png,male_photo_01_baby_toddler_09_r5c1.png,Male,Asian,Photo,Baby,Male\Asian_Photo\Baby
E:\aninovel\input_images\male_photo_01_baby_toddler_10_r5c2.png,male_photo_01_baby_toddler_10_r5c2.png,Male,Asian,Photo,Baby,Male\Asian_Photo\Baby
E:\aninovel\input_images\male_photo_01_baby_toddler_11_r6c1.png,male_photo_01_baby_toddler_11_r6c1.png,Male,Asian,Photo,Baby,Male\Asian_Photo\Baby
E:\aninovel\input_images\male_photo_01_baby_toddler_12_r6c2.png,male_photo_01_baby_toddler_12_r6c2.png,Male,Asian,Photo,Baby,Male\Asian_Photo\Baby
E:\aninovel\input_images\male_photo_01_baby_toddler_13_r7c1.png,male_photo_01_baby_toddler_13_r7c1.png,Male,Asian,Photo,Baby,Male\Asian_Photo\Baby
E:\aninovel\input_images\male_photo_01_baby_toddler_14_r7c2.png,male_photo_01_baby_toddler_14_r7c2.png,Male,Asian,Photo,Baby,Male\Asian_Photo\Baby
E:\aninovel\input_images\male_photo_01_baby_toddler_15_r8c1.png,male_photo_01_baby_toddler_15_r8c1.png,Male,Asian,Photo,Baby,Male\Asian_Photo\Baby
E:\aninovel\input_images\male_photo_01_baby_toddler_16_r8c2.png,male_photo_01_baby_toddler_16_r8c2.png,Male,Asian,Photo,Baby,Male\Asian_Photo\Baby
E:\aninovel\input_images\male_photo_01_baby_toddler_17_r9c1.png,male_photo_01_baby_toddler_17_r9c1.png,Male,Asian,Photo,Baby,Male\Asian_Photo\Baby
E:\aninovel\input_images\male_photo_01_baby_toddler_18_r9c2.png,male_photo_01_baby_toddler_18_r9c2.png,Male,Asian,Photo,Baby,Male\Asian_Photo\Baby
E:\aninovel\input_images\male_photo_01_baby_toddler_02_r1c2.png,male_photo_01_baby_toddler_02_r1c2.png,Male,White,Photo,Baby,Male\White_Photo\Baby
E:\aninovel\input_images\male_photo_02_elementary_01_r1c1.png,male_photo_02_elementary_01_r1c1.png,Male,White,Photo,Child,Male\White_Photo\Child
E:\aninovel\input_images\male_photo_02_elementary_02_r1c2.png,male_photo_02_elementary_02_r1c2.png,Male,Asian,Photo,Child,Male\Asian_Photo\Child
E:\aninovel\input_images\male_photo_02_elementary_03_r2c1.png,male_photo_02_elementary_03_r2c1.png,Male,Asian,Photo,Child,Male\Asian_Photo\Child
E:\aninovel\input_images\male_photo_02_elementary_04_r2c2.png,male_photo_02_elementary_04_r2c2.png,Male,Asian,Photo,Child,Male\Asian_Photo\Child
E:\aninovel\input_images\male_photo_02_elementary_05_r3c1.png,male_photo_02_elementary_05_r3c1.png,Male,Asian,Photo,Child,Male\Asian_Photo\Child
E:\aninovel\input_images\male_photo_02_elementary_06_r3c2.png,male_photo_02_elementary_06_r3c2.png,Male,Asian,Photo,Child,Male\Asian_Photo\Child
E:\aninovel\input_images\male_photo_02_elementary_07_r4c1.png,male_photo_02_elementary_07_r4c1.png,Male,Asian,Photo,Child,Male\Asian_Photo\Child
E:\aninovel\input_images\male_photo_02_elementary_08_r4c2.png,male_photo_02_elementary_08_r4c2.png,Male,Asian,Photo,Child,Male\Asian_Photo\Child
E:\aninovel\input_images\male_photo_02_elementary_09_r5c1.png,male_photo_02_elementary_09_r5c1.png,Male,Asian,Photo,Child,Male\Asian_Photo\Child
E:\aninovel\input_images\male_photo_02_elementary_10_r5c2.png,male_photo_02_elementary_10_r5c2.png,Male,Asian,Photo,Child,Male\Asian_Photo\Child
E:\aninovel\input_images\male_photo_02_elementary_11_r6c1.png,male_photo_02_elementary_11_r6c1.png,Male,Asian,Photo,Child,Male\Asian_Photo\Child
E:\aninovel\input_images\male_photo_02_elementary_12_r6c2.png,male_photo_02_elementary_12_r6c2.png,Male,Asian,Photo,Child,Male\Asian_Photo\Child
E:\aninovel\input_images\male_photo_02_elementary_13_r7c1.png,male_photo_02_elementary_13_r7c1.png,Male,Asian,Photo,Child,Male\Asian_Photo\Child
E:\aninovel\input_images\male_photo_02_elementary_14_r7c2.png,male_photo_02_elementary_14_r7c2.png,Male,Asian,Photo,Child,Male\Asian_Photo\Child
E:\aninovel\input_images\male_photo_02_elementary_15_r8c1.png,male_photo_02_elementary_15_r8c1.png,Male,Asian,Photo,Child,Male\Asian_Photo\Child
E:\aninovel\input_images\male_photo_02_elementary_16_r8c2.png,male_photo_02_elementary_16_r8c2.png,Male,Asian,Photo,Child,Male\Asian_Photo\Child
E:\aninovel\input_images\male_photo_02_elementary_17_r9c1.png,male_photo_02_elementary_17_r9c1.png,Male,Asian,Photo,Child,Male\Asian_Photo\Child
E:\aninovel\input_images\male_photo_02_elementary_18_r9c2.png,male_photo_02_elementary_18_r9c2.png,Male,Asian,Photo,Child,Male\Asian_Photo\Child
E:\aninovel\input_images\male_photo_03_middle_school_01_r1c1.png,male_photo_03_middle_school_01_r1c1.png,Male,White,Photo,Teen,Male\White_Photo\Teen
E:\aninovel\input_images\male_photo_03_middle_school_02_r1c2.png,male_photo_03_middle_school_02_r1c2.png,Male,White,Photo,Teen,Male\White_Photo\Teen
E:\aninovel\input_images\male_photo_03_middle_school_03_r2c1.png,male_photo_03_middle_school_03_r2c1.png,Male,White,Photo,Teen,Male\White_Photo\Teen
E:\aninovel\input_images\male_photo_03_middle_school_04_r2c2.png,male_photo_03_middle_school_04_r2c2.png,Male,White,Photo,Teen,Male\White_Photo\Teen
E:\aninovel\input_images\male_photo_03_middle_school_07_r4c1.png,male_photo_03_middle_school_07_r4c1.png,Male,White,Photo,Teen,Male\White_Photo\Teen
E:\aninovel\input_images\male_photo_03_middle_school_08_r4c2.png,male_photo_03_middle_school_08_r4c2.png,Male,White,Photo,Teen,Male\White_Photo\Teen
E:\aninovel\input_images\male_photo_03_middle_school_09_r5c1.png,male_photo_03_middle_school_09_r5c1.png,Male,White,Photo,Teen,Male\White_Photo\Teen
E:\aninovel\input_images\male_photo_03_middle_school_10_r5c2.png,male_photo_03_middle_school_10_r5c2.png,Male,White,Photo,Teen,Male\White_Photo\Teen
E:\aninovel\input_images\male_photo_03_middle_school_11_r6c1.png,male_photo_03_middle_school_11_r6c1.png,Male,White,Photo,Teen,Male\White_Photo\Teen
E:\aninovel\input_images\male_photo_03_middle_school_12_r6c2.png,male_photo_03_middle_school_12_r6c2.png,Male,White,Photo,Teen,Male\White_Photo\Teen
E:\aninovel\input_images\male_photo_03_middle_school_14_r7c2.png,male_photo_03_middle_school_14_r7c2.png,Male,White,Photo,Teen,Male\White_Photo\Teen
E:\aninovel\input_images\male_photo_03_middle_school_15_r8c1.png,male_photo_03_middle_school_15_r8c1.png,Male,White,Photo,Teen,Male\White_Photo\Teen
E:\aninovel\input_images\male_photo_03_middle_school_16_r8c2.png,male_photo_03_middle_school_16_r8c2.png,Male,White,Photo,Teen,Male\White_Photo\Teen
E:\aninovel\input_images\male_photo_03_middle_school_17_r9c1.png,male_photo_03_middle_school_17_r9c1.png,Male,White,Photo,Teen,Male\White_Photo\Teen
E:\aninovel\input_images\male_photo_03_middle_school_18_r9c2.png,male_photo_03_middle_school_18_r9c2.png,Male,White,Photo,Teen,Male\White_Photo\Teen
E:\aninovel\input_images\male_photo_04_high_school_01_r1c1.png,male_photo_04_high_school_01_r1c1.png,Male,White,Photo,Teen,Male\White_Photo\Teen
E:\aninovel\input_images\male_photo_04_high_school_02_r1c2.png,male_photo_04_high_school_02_r1c2.png,Male,White,Photo,Teen,Male\White_Photo\Teen
E:\aninovel\input_images\male_photo_04_high_school_03_r2c1.png,male_photo_04_high_school_03_r2c1.png,Male,White,Photo,Teen,Male\White_Photo\Teen
E:\aninovel\input_images\male_photo_04_high_school_04_r2c2.png,male_photo_04_high_school_04_r2c2.png,Male,White,Photo,Teen,Male\White_Photo\Teen
E:\aninovel\input_images\male_photo_04_high_school_05_r3c1.png,male_photo_04_high_school_05_r3c1.png,Male,White,Photo,Teen,Male\White_Photo\Teen
E:\aninovel\input_images\male_photo_04_high_school_06_r3c2.png,male_photo_04_high_school_06_r3c2.png,Male,White,Photo,Teen,Male\White_Photo\Teen
E:\aninovel\input_images\male_photo_04_high_school_07_r4c1.png,male_photo_04_high_school_07_r4c1.png,Male,White,Photo,Teen,Male\White_Photo\Teen
E:\aninovel\input_images\male_photo_04_high_school_08_r4c2.png,male_photo_04_high_school_08_r4c2.png,Male,White,Photo,Teen,Male\White_Photo\Teen
E:\aninovel\input_images\male_photo_04_high_school_09_r5c1.png,male_photo_04_high_school_09_r5c1.png,Male,White,Photo,Teen,Male\White_Photo\Teen
E:\aninovel\input_images\male_photo_04_high_school_11_r6c1.png,male_photo_04_high_school_11_r6c1.png,Male,White,Photo,Teen,Male\White_Photo\Teen
E:\aninovel\input_images\male_photo_04_high_school_12_r6c2.png,male_photo_04_high_school_12_r6c2.png,Male,White,Photo,Teen,Male\White_Photo\Teen
E:\aninovel\input_images\male_photo_04_high_school_14_r7c2.png,male_photo_04_high_school_14_r7c2.png,Male,White,Photo,Teen,Male\White_Photo\Teen
E:\aninovel\input_images\male_photo_04_high_school_15_r8c1.png,male_photo_04_high_school_15_r8c1.png,Male,White,Photo,Teen,Male\White_Photo\Teen
E:\aninovel\input_images\male_photo_04_high_school_16_r8c2.png,male_photo_04_high_school_16_r8c2.png,Male,White,Photo,Teen,Male\White_Photo\Teen
E:\aninovel\input_images\male_photo_04_high_school_17_r9c1.png,male_photo_04_high_school_17_r9c1.png,Male,White,Photo,Teen,Male\White_Photo\Teen
E:\aninovel\input_images\male_photo_04_high_school_18_r9c2.png,male_photo_04_high_school_18_r9c2.png,Male,White,Photo,Teen,Male\White_Photo\Teen
E:\aninovel\input_images\row005_col12_male.png,row005_col12_male.png,Male,White,Photo,Teen,Male\White_Photo\Teen
E:\aninovel\input_images\row005_col14_male.png,row005_col14_male.png,Male,White,Photo,Teen,Male\White_Photo\Teen
E:\aninovel\input_images\row025_col01_male.png,row025_col01_male.png,Male,White,Photo,Teen,Male\White_Photo\Teen
E:\aninovel\input_images\row025_col05_male.png,row025_col05_male.png,Male,White,Photo,Teen,Male\White_Photo\Teen
E:\aninovel\input_images\row025_col11_male.png,row025_col11_male.png,Male,White,Photo,Teen,Male\White_Photo\Teen
E:\aninovel\input_images\row025_col15_male.png,row025_col15_male.png,Male,White,Photo,Teen,Male\White_Photo\Teen
E:\aninovel\input_images\row025_col16_male.png,row025_col16_male.png,Male,White,Photo,Teen,Male\White_Photo\Teen
E:\aninovel\input_images\row025_col18_male.png,row025_col18_male.png,Male,White,Photo,Teen,Male\White_Photo\Teen
E:\aninovel\input_images\row035_col11_male.png,row035_col11_male.png,Male,White,Photo,Teen,Male\White_Photo\Teen
E:\aninovel\input_images\male_photo_03_middle_school_05_r3c1.png,male_photo_03_middle_school_05_r3c1.png,Male,Asian,Photo,Teen,Male\Asian_Photo\Teen
E:\aninovel\input_images\male_photo_03_middle_school_06_r3c2.png,male_photo_03_middle_school_06_r3c2.png,Male,Asian,Photo,Teen,Male\Asian_Photo\Teen
E:\aninovel\input_images\male_photo_03_middle_school_13_r7c1.png,male_photo_03_middle_school_13_r7c1.png,Male,Asian,Photo,Teen,Male\Asian_Photo\Teen
E:\aninovel\input_images\male_photo_04_high_school_10_r5c2.png,male_photo_04_high_school_10_r5c2.png,Male,Asian,Photo,Teen,Male\Asian_Photo\Teen
E:\aninovel\input_images\male_photo_04_high_school_13_r7c1.png,male_photo_04_high_school_13_r7c1.png,Male,Asian,Photo,Teen,Male\Asian_Photo\Teen
E:\aninovel\input_images\male_photo_05_college_01_r1c1.png,male_photo_05_college_01_r1c1.png,Male,White,Photo,YoungAdult,Male\White_Photo\YoungAdult
E:\aninovel\input_images\male_photo_05_college_02_r1c2.png,male_photo_05_college_02_r1c2.png,Male,White,Photo,YoungAdult,Male\White_Photo\YoungAdult
E:\aninovel\input_images\male_photo_05_college_03_r2c1.png,male_photo_05_college_03_r2c1.png,Male,White,Photo,YoungAdult,Male\White_Photo\YoungAdult
E:\aninovel\input_images\male_photo_05_college_04_r2c2.png,male_photo_05_college_04_r2c2.png,Male,White,Photo,YoungAdult,Male\White_Photo\YoungAdult
E:\aninovel\input_images\male_photo_05_college_05_r3c1.png,male_photo_05_college_05_r3c1.png,Male,White,Photo,YoungAdult,Male\White_Photo\YoungAdult
E:\aninovel\input_images\male_photo_05_college_06_r3c2.png,male_photo_05_college_06_r3c2.png,Male,White,Photo,YoungAdult,Male\White_Photo\YoungAdult
E:\aninovel\input_images\male_photo_05_college_07_r4c1.png,male_photo_05_college_07_r4c1.png,Male,White,Photo,YoungAdult,Male\White_Photo\YoungAdult
E:\aninovel\input_images\male_photo_05_college_08_r4c2.png,male_photo_05_college_08_r4c2.png,Male,White,Photo,YoungAdult,Male\White_Photo\YoungAdult
E:\aninovel\input_images\male_photo_05_college_09_r5c1.png,male_photo_05_college_09_r5c1.png,Male,White,Photo,YoungAdult,Male\White_Photo\YoungAdult
E:\aninovel\input_images\male_photo_05_college_10_r5c2.png,male_photo_05_college_10_r5c2.png,Male,White,Photo,YoungAdult,Male\White_Photo\YoungAdult
E:\aninovel\input_images\male_photo_05_college_12_r6c2.png,male_photo_05_college_12_r6c2.png,Male,White,Photo,YoungAdult,Male\White_Photo\YoungAdult
E:\aninovel\input_images\male_photo_05_college_13_r7c1.png,male_photo_05_college_13_r7c1.png,Male,White,Photo,YoungAdult,Male\White_Photo\YoungAdult
E:\aninovel\input_images\male_photo_05_college_15_r8c1.png,male_photo_05_college_15_r8c1.png,Male,White,Photo,YoungAdult,Male\White_Photo\YoungAdult
E:\aninovel\input_images\male_photo_05_college_16_r8c2.png,male_photo_05_college_16_r8c2.png,Male,White,Photo,YoungAdult,Male\White_Photo\YoungAdult
E:\aninovel\input_images\male_photo_05_college_17_r9c1.png,male_photo_05_college_17_r9c1.png,Male,White,Photo,YoungAdult,Male\White_Photo\YoungAdult
E:\aninovel\input_images\row025_col02_male.png,row025_col02_male.png,Male,White,Photo,YoungAdult,Male\White_Photo\YoungAdult
E:\aninovel\input_images\row025_col04_male.png,row025_col04_male.png,Male,White,Photo,YoungAdult,Male\White_Photo\YoungAdult
E:\aninovel\input_images\row025_col06_male.png,row025_col06_male.png,Male,White,Photo,YoungAdult,Male\White_Photo\YoungAdult
E:\aninovel\input_images\row025_col08_male.png,row025_col08_male.png,Male,White,Photo,YoungAdult,Male\White_Photo\YoungAdult
E:\aninovel\input_images\row025_col09_male.png,row025_col09_male.png,Male,White,Photo,YoungAdult,Male\White_Photo\YoungAdult
E:\aninovel\input_images\row025_col10_male.png,row025_col10_male.png,Male,White,Photo,YoungAdult,Male\White_Photo\YoungAdult
E:\aninovel\input_images\row025_col12_male.png,row025_col12_male.png,Male,White,Photo,YoungAdult,Male\White_Photo\YoungAdult
E:\aninovel\input_images\row025_col14_male.png,row025_col14_male.png,Male,White,Photo,YoungAdult,Male\White_Photo\YoungAdult
E:\aninovel\input_images\row025_col17_male.png,row025_col17_male.png,Male,White,Photo,YoungAdult,Male\White_Photo\YoungAdult
E:\aninovel\input_images\row025_col19_male.png,row025_col19_male.png,Male,White,Photo,YoungAdult,Male\White_Photo\YoungAdult
E:\aninovel\input_images\row025_col20_male.png,row025_col20_male.png,Male,White,Photo,YoungAdult,Male\White_Photo\YoungAdult
E:\aninovel\input_images\row035_col01_male.png,row035_col01_male.png,Male,White,Photo,YoungAdult,Male\White_Photo\YoungAdult
E:\aninovel\input_images\row035_col02_male.png,row035_col02_male.png,Male,White,Photo,YoungAdult,Male\White_Photo\YoungAdult
E:\aninovel\input_images\row035_col03_male.png,row035_col03_male.png,Male,White,Photo,YoungAdult,Male\White_Photo\YoungAdult
E:\aninovel\input_images\row035_col04_male.png,row035_col04_male.png,Male,White,Photo,YoungAdult,Male\White_Photo\YoungAdult
E:\aninovel\input_images\row035_col05_male.png,row035_col05_male.png,Male,White,Photo,YoungAdult,Male\White_Photo\YoungAdult
E:\aninovel\input_images\row035_col06_male.png,row035_col06_male.png,Male,White,Photo,YoungAdult,Male\White_Photo\YoungAdult
E:\aninovel\input_images\row035_col07_male.png,row035_col07_male.png,Male,White,Photo,YoungAdult,Male\White_Photo\YoungAdult
E:\aninovel\input_images\row035_col08_male.png,row035_col08_male.png,Male,White,Photo,YoungAdult,Male\White_Photo\YoungAdult
E:\aninovel\input_images\row035_col09_male.png,row035_col09_male.png,Male,White,Photo,YoungAdult,Male\White_Photo\YoungAdult
E:\aninovel\input_images\row035_col10_male.png,row035_col10_male.png,Male,White,Photo,YoungAdult,Male\White_Photo\YoungAdult
E:\aninovel\input_images\row035_col12_male.png,row035_col12_male.png,Male,White,Photo,YoungAdult,Male\White_Photo\YoungAdult
E:\aninovel\input_images\row035_col13_male.png,row035_col13_male.png,Male,White,Photo,YoungAdult,Male\White_Photo\YoungAdult
E:\aninovel\input_images\row035_col14_male.png,row035_col14_male.png,Male,White,Photo,YoungAdult,Male\White_Photo\YoungAdult
E:\aninovel\input_images\row035_col15_male.png,row035_col15_male.png,Male,White,Photo,YoungAdult,Male\White_Photo\YoungAdult
E:\aninovel\input_images\row035_col16_male.png,row035_col16_male.png,Male,White,Photo,YoungAdult,Male\White_Photo\YoungAdult
E:\aninovel\input_images\row035_col17_male.png,row035_col17_male.png,Male,White,Photo,YoungAdult,Male\White_Photo\YoungAdult
E:\aninovel\input_images\row035_col18_male.png,row035_col18_male.png,Male,White,Photo,YoungAdult,Male\White_Photo\YoungAdult
E:\aninovel\input_images\row035_col19_male.png,row035_col19_male.png,Male,White,Photo,YoungAdult,Male\White_Photo\YoungAdult
E:\aninovel\input_images\row035_col20_male.png,row035_col20_male.png,Male,White,Photo,YoungAdult,Male\White_Photo\YoungAdult
E:\aninovel\input_images\row039_col20_male.png,row039_col20_male.png,Male,White,Photo,YoungAdult,Male\White_Photo\YoungAdult
E:\aninovel\input_images\row045_col01_male.png,row045_col01_male.png,Male,White,Photo,YoungAdult,Male\White_Photo\YoungAdult
E:\aninovel\input_images\row045_col02_male.png,row045_col02_male.png,Male,White,Photo,YoungAdult,Male\White_Photo\YoungAdult
E:\aninovel\input_images\row045_col03_male.png,row045_col03_male.png,Male,White,Photo,YoungAdult,Male\White_Photo\YoungAdult
E:\aninovel\input_images\row045_col04_male.png,row045_col04_male.png,Male,White,Photo,YoungAdult,Male\White_Photo\YoungAdult
E:\aninovel\input_images\row045_col05_male.png,row045_col05_male.png,Male,White,Photo,YoungAdult,Male\White_Photo\YoungAdult
E:\aninovel\input_images\row045_col06_male.png,row045_col06_male.png,Male,White,Photo,YoungAdult,Male\White_Photo\YoungAdult
E:\aninovel\input_images\row045_col07_male.png,row045_col07_male.png,Male,White,Photo,YoungAdult,Male\White_Photo\YoungAdult
E:\aninovel\input_images\row045_col08_male.png,row045_col08_male.png,Male,White,Photo,YoungAdult,Male\White_Photo\YoungAdult
E:\aninovel\input_images\row045_col10_male.png,row045_col10_male.png,Male,White,Photo,YoungAdult,Male\White_Photo\YoungAdult
E:\aninovel\input_images\row045_col11_male.png,row045_col11_male.png,Male,White,Photo,YoungAdult,Male\White_Photo\YoungAdult
E:\aninovel\input_images\row045_col12_male.png,row045_col12_male.png,Male,White,Photo,YoungAdult,Male\White_Photo\YoungAdult
E:\aninovel\input_images\row045_col13_male.png,row045_col13_male.png,Male,White,Photo,YoungAdult,Male\White_Photo\YoungAdult
E:\aninovel\input_images\row045_col14_male.png,row045_col14_male.png,Male,White,Photo,YoungAdult,Male\White_Photo\YoungAdult
E:\aninovel\input_images\row045_col15_male.png,row045_col15_male.png,Male,White,Photo,YoungAdult,Male\White_Photo\YoungAdult
E:\aninovel\input_images\row045_col16_male.png,row045_col16_male.png,Male,White,Photo,YoungAdult,Male\White_Photo\YoungAdult
E:\aninovel\input_images\row045_col17_male.png,row045_col17_male.png,Male,White,Photo,YoungAdult,Male\White_Photo\YoungAdult
E:\aninovel\input_images\row045_col18_male.png,row045_col18_male.png,Male,White,Photo,YoungAdult,Male\White_Photo\YoungAdult
E:\aninovel\input_images\row045_col19_male.png,row045_col19_male.png,Male,White,Photo,YoungAdult,Male\White_Photo\YoungAdult
E:\aninovel\input_images\row045_col20_male.png,row045_col20_male.png,Male,White,Photo,YoungAdult,Male\White_Photo\YoungAdult
E:\aninovel\input_images\row055_col03_male.png,row055_col03_male.png,Male,White,Photo,YoungAdult,Male\White_Photo\YoungAdult
E:\aninovel\input_images\row055_col04_male.png,row055_col04_male.png,Male,White,Photo,YoungAdult,Male\White_Photo\YoungAdult
E:\aninovel\input_images\row065_col12_male.png,row065_col12_male.png,Male,White,Photo,YoungAdult,Male\White_Photo\YoungAdult
E:\aninovel\input_images\row085_col01_male.png,row085_col01_male.png,Male,White,Photo,YoungAdult,Male\White_Photo\YoungAdult
E:\aninovel\input_images\row085_col04_male.png,row085_col04_male.png,Male,White,Photo,YoungAdult,Male\White_Photo\YoungAdult
E:\aninovel\input_images\row085_col05_male.png,row085_col05_male.png,Male,White,Photo,YoungAdult,Male\White_Photo\YoungAdult
E:\aninovel\input_images\row085_col06_male.png,row085_col06_male.png,Male,White,Photo,YoungAdult,Male\White_Photo\YoungAdult
E:\aninovel\input_images\row085_col07_male.png,row085_col07_male.png,Male,White,Photo,YoungAdult,Male\White_Photo\YoungAdult
E:\aninovel\input_images\row085_col08_male.png,row085_col08_male.png,Male,White,Photo,YoungAdult,Male\White_Photo\YoungAdult
E:\aninovel\input_images\row085_col09_male.png,row085_col09_male.png,Male,White,Photo,YoungAdult,Male\White_Photo\YoungAdult
E:\aninovel\input_images\row085_col10_male.png,row085_col10_male.png,Male,White,Photo,YoungAdult,Male\White_Photo\YoungAdult
E:\aninovel\input_images\row085_col11_male.png,row085_col11_male.png,Male,White,Photo,YoungAdult,Male\White_Photo\YoungAdult
E:\aninovel\input_images\row085_col12_male.png,row085_col12_male.png,Male,White,Photo,YoungAdult,Male\White_Photo\YoungAdult
E:\aninovel\input_images\row085_col13_male.png,row085_col13_male.png,Male,White,Photo,YoungAdult,Male\White_Photo\YoungAdult
E:\aninovel\input_images\row085_col14_male.png,row085_col14_male.png,Male,White,Photo,YoungAdult,Male\White_Photo\YoungAdult
E:\aninovel\input_images\row085_col15_male.png,row085_col15_male.png,Male,White,Photo,YoungAdult,Male\White_Photo\YoungAdult
E:\aninovel\input_images\row085_col16_male.png,row085_col16_male.png,Male,White,Photo,YoungAdult,Male\White_Photo\YoungAdult
E:\aninovel\input_images\row085_col17_male.png,row085_col17_male.png,Male,White,Photo,YoungAdult,Male\White_Photo\YoungAdult
E:\aninovel\input_images\row085_col18_male.png,row085_col18_male.png,Male,White,Photo,YoungAdult,Male\White_Photo\YoungAdult
E:\aninovel\input_images\row085_col19_male.png,row085_col19_male.png,Male,White,Photo,YoungAdult,Male\White_Photo\YoungAdult
E:\aninovel\input_images\male_photo_05_college_11_r6c1.png,male_photo_05_college_11_r6c1.png,Male,Asian,Photo,YoungAdult,Male\Asian_Photo\YoungAdult
E:\aninovel\input_images\male_photo_05_college_14_r7c2.png,male_photo_05_college_14_r7c2.png,Male,Asian,Photo,YoungAdult,Male\Asian_Photo\YoungAdult
E:\aninovel\input_images\male_photo_05_college_18_r9c2.png,male_photo_05_college_18_r9c2.png,Male,Asian,Photo,YoungAdult,Male\Asian_Photo\YoungAdult
E:\aninovel\input_images\row095_col02_male.png,row095_col02_male.png,Male,Asian,Photo,YoungAdult,Male\Asian_Photo\YoungAdult
E:\aninovel\input_images\row095_col03_male.png,row095_col03_male.png,Male,Asian,Photo,YoungAdult,Male\Asian_Photo\YoungAdult
E:\aninovel\input_images\row095_col06_male.png,row095_col06_male.png,Male,Asian,Photo,YoungAdult,Male\Asian_Photo\YoungAdult
E:\aninovel\input_images\row095_col15_male.png,row095_col15_male.png,Male,Asian,Photo,YoungAdult,Male\Asian_Photo\YoungAdult
E:\aninovel\input_images\male_photo_06_working_age_01_r1c1.png,male_photo_06_working_age_01_r1c1.png,Male,MiddleEastern,Photo,Adult,Male\MiddleEastern_Photo\Adult
E:\aninovel\input_images\male_photo_06_working_age_02_r1c2.png,male_photo_06_working_age_02_r1c2.png,Male,MiddleEastern,Photo,Adult,Male\MiddleEastern_Photo\Adult
E:\aninovel\input_images\male_photo_06_working_age_03_r1c3.png,male_photo_06_working_age_03_r1c3.png,Male,MiddleEastern,Photo,Adult,Male\MiddleEastern_Photo\Adult
E:\aninovel\input_images\male_photo_06_working_age_05_r1c5.png,male_photo_06_working_age_05_r1c5.png,Male,MiddleEastern,Photo,Adult,Male\MiddleEastern_Photo\Adult
E:\aninovel\input_images\male_photo_06_working_age_06_r1c6.png,male_photo_06_working_age_06_r1c6.png,Male,MiddleEastern,Photo,Adult,Male\MiddleEastern_Photo\Adult
E:\aninovel\input_images\male_photo_06_working_age_07_r1c7.png,male_photo_06_working_age_07_r1c7.png,Male,MiddleEastern,Photo,Adult,Male\MiddleEastern_Photo\Adult
E:\aninovel\input_images\male_photo_06_working_age_08_r1c8.png,male_photo_06_working_age_08_r1c8.png,Male,MiddleEastern,Photo,Adult,Male\MiddleEastern_Photo\Adult
E:\aninovel\input_images\male_photo_06_working_age_09_r1c9.png,male_photo_06_working_age_09_r1c9.png,Male,MiddleEastern,Photo,Adult,Male\MiddleEastern_Photo\Adult
E:\aninovel\input_images\male_photo_06_working_age_11_r2c2.png,male_photo_06_working_age_11_r2c2.png,Male,MiddleEastern,Photo,Adult,Male\MiddleEastern_Photo\Adult
E:\aninovel\input_images\male_photo_06_working_age_12_r2c3.png,male_photo_06_working_age_12_r2c3.png,Male,MiddleEastern,Photo,Adult,Male\MiddleEastern_Photo\Adult
E:\aninovel\input_images\male_photo_06_working_age_13_r2c4.png,male_photo_06_working_age_13_r2c4.png,Male,MiddleEastern,Photo,Adult,Male\MiddleEastern_Photo\Adult
E:\aninovel\input_images\male_photo_06_working_age_16_r2c7.png,male_photo_06_working_age_16_r2c7.png,Male,MiddleEastern,Photo,Adult,Male\MiddleEastern_Photo\Adult
E:\aninovel\input_images\male_photo_06_working_age_17_r2c8.png,male_photo_06_working_age_17_r2c8.png,Male,MiddleEastern,Photo,Adult,Male\MiddleEastern_Photo\Adult
E:\aninovel\input_images\male_photo_06_working_age_19_r3c1.png,male_photo_06_working_age_19_r3c1.png,Male,MiddleEastern,Photo,Adult,Male\MiddleEastern_Photo\Adult
E:\aninovel\input_images\male_photo_06_working_age_20_r3c2.png,male_photo_06_working_age_20_r3c2.png,Male,MiddleEastern,Photo,Adult,Male\MiddleEastern_Photo\Adult
E:\aninovel\input_images\male_photo_06_working_age_22_r3c4.png,male_photo_06_working_age_22_r3c4.png,Male,MiddleEastern,Photo,Adult,Male\MiddleEastern_Photo\Adult
E:\aninovel\input_images\male_photo_06_working_age_24_r3c6.png,male_photo_06_working_age_24_r3c6.png,Male,MiddleEastern,Photo,Adult,Male\MiddleEastern_Photo\Adult
E:\aninovel\input_images\male_photo_06_working_age_26_r3c8.png,male_photo_06_working_age_26_r3c8.png,Male,MiddleEastern,Photo,Adult,Male\MiddleEastern_Photo\Adult
E:\aninovel\input_images\male_photo_06_working_age_27_r3c9.png,male_photo_06_working_age_27_r3c9.png,Male,MiddleEastern,Photo,Adult,Male\MiddleEastern_Photo\Adult
E:\aninovel\input_images\male_photo_06_working_age_29_r4c2.png,male_photo_06_working_age_29_r4c2.png,Male,MiddleEastern,Photo,Adult,Male\MiddleEastern_Photo\Adult
E:\aninovel\input_images\male_photo_06_working_age_31_r4c4.png,male_photo_06_working_age_31_r4c4.png,Male,MiddleEastern,Photo,Adult,Male\MiddleEastern_Photo\Adult
E:\aninovel\input_images\male_photo_06_working_age_33_r4c6.png,male_photo_06_working_age_33_r4c6.png,Male,MiddleEastern,Photo,Adult,Male\MiddleEastern_Photo\Adult
E:\aninovel\input_images\male_photo_06_working_age_37_r5c1.png,male_photo_06_working_age_37_r5c1.png,Male,MiddleEastern,Photo,Adult,Male\MiddleEastern_Photo\Adult
E:\aninovel\input_images\male_photo_06_working_age_39_r5c3.png,male_photo_06_working_age_39_r5c3.png,Male,MiddleEastern,Photo,Adult,Male\MiddleEastern_Photo\Adult
E:\aninovel\input_images\male_photo_06_working_age_40_r5c4.png,male_photo_06_working_age_40_r5c4.png,Male,MiddleEastern,Photo,Adult,Male\MiddleEastern_Photo\Adult
E:\aninovel\input_images\male_photo_06_working_age_41_r5c5.png,male_photo_06_working_age_41_r5c5.png,Male,MiddleEastern,Photo,Adult,Male\MiddleEastern_Photo\Adult
E:\aninovel\input_images\male_photo_06_working_age_42_r5c6.png,male_photo_06_working_age_42_r5c6.png,Male,MiddleEastern,Photo,Adult,Male\MiddleEastern_Photo\Adult
E:\aninovel\input_images\male_photo_06_working_age_43_r5c7.png,male_photo_06_working_age_43_r5c7.png,Male,MiddleEastern,Photo,Adult,Male\MiddleEastern_Photo\Adult
E:\aninovel\input_images\male_photo_06_working_age_44_r5c8.png,male_photo_06_working_age_44_r5c8.png,Male,MiddleEastern,Photo,Adult,Male\MiddleEastern_Photo\Adult
E:\aninovel\input_images\male_photo_06_working_age_45_r5c9.png,male_photo_06_working_age_45_r5c9.png,Male,MiddleEastern,Photo,Adult,Male\MiddleEastern_Photo\Adult
E:\aninovel\input_images\male_photo_06_working_age_48_r6c3.png,male_photo_06_working_age_48_r6c3.png,Male,MiddleEastern,Photo,Adult,Male\MiddleEastern_Photo\Adult
E:\aninovel\input_images\male_photo_06_working_age_49_r6c4.png,male_photo_06_working_age_49_r6c4.png,Male,MiddleEastern,Photo,Adult,Male\MiddleEastern_Photo\Adult
E:\aninovel\input_images\male_photo_06_working_age_50_r6c5.png,male_photo_06_working_age_50_r6c5.png,Male,MiddleEastern,Photo,Adult,Male\MiddleEastern_Photo\Adult
E:\aninovel\input_images\male_photo_06_working_age_51_r6c6.png,male_photo_06_working_age_51_r6c6.png,Male,MiddleEastern,Photo,Adult,Male\MiddleEastern_Photo\Adult
E:\aninovel\input_images\male_photo_06_working_age_52_r6c7.png,male_photo_06_working_age_52_r6c7.png,Male,MiddleEastern,Photo,Adult,Male\MiddleEastern_Photo\Adult
E:\aninovel\input_images\male_photo_06_working_age_53_r6c8.png,male_photo_06_working_age_53_r6c8.png,Male,MiddleEastern,Photo,Adult,Male\MiddleEastern_Photo\Adult
E:\aninovel\input_images\male_photo_06_working_age_55_r7c1.png,male_photo_06_working_age_55_r7c1.png,Male,MiddleEastern,Photo,Adult,Male\MiddleEastern_Photo\Adult
E:\aninovel\input_images\male_photo_06_working_age_57_r7c3.png,male_photo_06_working_age_57_r7c3.png,Male,MiddleEastern,Photo,Adult,Male\MiddleEastern_Photo\Adult
E:\aninovel\input_images\male_photo_06_working_age_58_r7c4.png,male_photo_06_working_age_58_r7c4.png,Male,MiddleEastern,Photo,Adult,Male\MiddleEastern_Photo\Adult
E:\aninovel\input_images\male_photo_06_working_age_59_r7c5.png,male_photo_06_working_age_59_r7c5.png,Male,MiddleEastern,Photo,Adult,Male\MiddleEastern_Photo\Adult
E:\aninovel\input_images\male_photo_06_working_age_61_r7c7.png,male_photo_06_working_age_61_r7c7.png,Male,MiddleEastern,Photo,Adult,Male\MiddleEastern_Photo\Adult
E:\aninovel\input_images\male_photo_06_working_age_62_r7c8.png,male_photo_06_working_age_62_r7c8.png,Male,MiddleEastern,Photo,Adult,Male\MiddleEastern_Photo\Adult
E:\aninovel\input_images\male_photo_06_working_age_63_r7c9.png,male_photo_06_working_age_63_r7c9.png,Male,MiddleEastern,Photo,Adult,Male\MiddleEastern_Photo\Adult
E:\aninovel\input_images\male_photo_06_working_age_64_r8c1.png,male_photo_06_working_age_64_r8c1.png,Male,MiddleEastern,Photo,Adult,Male\MiddleEastern_Photo\Adult
E:\aninovel\input_images\male_photo_06_working_age_66_r8c3.png,male_photo_06_working_age_66_r8c3.png,Male,MiddleEastern,Photo,Adult,Male\MiddleEastern_Photo\Adult
E:\aninovel\input_images\male_photo_06_working_age_67_r8c4.png,male_photo_06_working_age_67_r8c4.png,Male,MiddleEastern,Photo,Adult,Male\MiddleEastern_Photo\Adult
E:\aninovel\input_images\male_photo_06_working_age_70_r8c7.png,male_photo_06_working_age_70_r8c7.png,Male,MiddleEastern,Photo,Adult,Male\MiddleEastern_Photo\Adult
E:\aninovel\input_images\male_photo_06_working_age_72_r8c9.png,male_photo_06_working_age_72_r8c9.png,Male,MiddleEastern,Photo,Adult,Male\MiddleEastern_Photo\Adult
E:\aninovel\input_images\male_photo_06_working_age_73_r9c1.png,male_photo_06_working_age_73_r9c1.png,Male,MiddleEastern,Photo,Adult,Male\MiddleEastern_Photo\Adult
E:\aninovel\input_images\male_photo_06_working_age_75_r9c3.png,male_photo_06_working_age_75_r9c3.png,Male,MiddleEastern,Photo,Adult,Male\MiddleEastern_Photo\Adult
E:\aninovel\input_images\male_photo_06_working_age_76_r9c4.png,male_photo_06_working_age_76_r9c4.png,Male,MiddleEastern,Photo,Adult,Male\MiddleEastern_Photo\Adult
E:\aninovel\input_images\male_photo_06_working_age_79_r9c7.png,male_photo_06_working_age_79_r9c7.png,Male,MiddleEastern,Photo,Adult,Male\MiddleEastern_Photo\Adult
E:\aninovel\input_images\male_photo_06_working_age_80_r9c8.png,male_photo_06_working_age_80_r9c8.png,Male,MiddleEastern,Photo,Adult,Male\MiddleEastern_Photo\Adult
E:\aninovel\input_images\male_photo_06_working_age_81_r9c9.png,male_photo_06_working_age_81_r9c9.png,Male,MiddleEastern,Photo,Adult,Male\MiddleEastern_Photo\Adult
E:\aninovel\input_images\male_photo_06_working_age_04_r1c4.png,male_photo_06_working_age_04_r1c4.png,Male,White,Photo,Adult,Male\White_Photo\Adult
E:\aninovel\input_images\male_photo_06_working_age_15_r2c6.png,male_photo_06_working_age_15_r2c6.png,Male,White,Photo,Adult,Male\White_Photo\Adult
E:\aninovel\input_images\male_photo_06_working_age_18_r2c9.png,male_photo_06_working_age_18_r2c9.png,Male,White,Photo,Adult,Male\White_Photo\Adult
E:\aninovel\input_images\male_photo_06_working_age_21_r3c3.png,male_photo_06_working_age_21_r3c3.png,Male,White,Photo,Adult,Male\White_Photo\Adult
E:\aninovel\input_images\male_photo_06_working_age_25_r3c7.png,male_photo_06_working_age_25_r3c7.png,Male,White,Photo,Adult,Male\White_Photo\Adult
E:\aninovel\input_images\male_photo_06_working_age_34_r4c7.png,male_photo_06_working_age_34_r4c7.png,Male,White,Photo,Adult,Male\White_Photo\Adult
E:\aninovel\input_images\male_photo_06_working_age_35_r4c8.png,male_photo_06_working_age_35_r4c8.png,Male,White,Photo,Adult,Male\White_Photo\Adult
E:\aninovel\input_images\male_photo_06_working_age_36_r4c9.png,male_photo_06_working_age_36_r4c9.png,Male,White,Photo,Adult,Male\White_Photo\Adult
E:\aninovel\input_images\male_photo_06_working_age_46_r6c1.png,male_photo_06_working_age_46_r6c1.png,Male,White,Photo,Adult,Male\White_Photo\Adult
E:\aninovel\input_images\male_photo_06_working_age_68_r8c5.png,male_photo_06_working_age_68_r8c5.png,Male,White,Photo,Adult,Male\White_Photo\Adult
E:\aninovel\input_images\male_photo_06_working_age_69_r8c6.png,male_photo_06_working_age_69_r8c6.png,Male,White,Photo,Adult,Male\White_Photo\Adult
E:\aninovel\input_images\male_photo_06_working_age_71_r8c8.png,male_photo_06_working_age_71_r8c8.png,Male,White,Photo,Adult,Male\White_Photo\Adult
E:\aninovel\input_images\male_photo_06_working_age_74_r9c2.png,male_photo_06_working_age_74_r9c2.png,Male,White,Photo,Adult,Male\White_Photo\Adult
E:\aninovel\input_images\male_photo_06_working_age_78_r9c6.png,male_photo_06_working_age_78_r9c6.png,Male,White,Photo,Adult,Male\White_Photo\Adult
E:\aninovel\input_images\row055_col06_male.png,row055_col06_male.png,Male,White,Photo,Adult,Male\White_Photo\Adult
E:\aninovel\input_images\row055_col15_male.png,row055_col15_male.png,Male,White,Photo,Adult,Male\White_Photo\Adult
E:\aninovel\input_images\row061_col09_male.png,row061_col09_male.png,Male,White,Photo,Adult,Male\White_Photo\Adult
E:\aninovel\input_images\row065_col04_male.png,row065_col04_male.png,Male,White,Photo,Adult,Male\White_Photo\Adult
E:\aninovel\input_images\row065_col08_male.png,row065_col08_male.png,Male,White,Photo,Adult,Male\White_Photo\Adult
E:\aninovel\input_images\row065_col14_male.png,row065_col14_male.png,Male,White,Photo,Adult,Male\White_Photo\Adult
E:\aninovel\input_images\row075_col02_male.png,row075_col02_male.png,Male,White,Photo,Adult,Male\White_Photo\Adult
E:\aninovel\input_images\row075_col07_male.png,row075_col07_male.png,Male,White,Photo,Adult,Male\White_Photo\Adult
E:\aninovel\input_images\row075_col08_male.png,row075_col08_male.png,Male,White,Photo,Adult,Male\White_Photo\Adult
E:\aninovel\input_images\row075_col10_male.png,row075_col10_male.png,Male,White,Photo,Adult,Male\White_Photo\Adult
E:\aninovel\input_images\row075_col17_male.png,row075_col17_male.png,Male,White,Photo,Adult,Male\White_Photo\Adult
E:\aninovel\input_images\row075_col18_male.png,row075_col18_male.png,Male,White,Photo,Adult,Male\White_Photo\Adult
E:\aninovel\input_images\male_photo_06_working_age_10_r2c1.png,male_photo_06_working_age_10_r2c1.png,Male,Asian,Photo,Adult,Male\Asian_Photo\Adult
E:\aninovel\input_images\male_photo_06_working_age_28_r4c1.png,male_photo_06_working_age_28_r4c1.png,Male,Asian,Photo,Adult,Male\Asian_Photo\Adult
E:\aninovel\input_images\male_photo_06_working_age_30_r4c3.png,male_photo_06_working_age_30_r4c3.png,Male,Asian,Photo,Adult,Male\Asian_Photo\Adult
E:\aninovel\input_images\male_photo_06_working_age_32_r4c5.png,male_photo_06_working_age_32_r4c5.png,Male,Asian,Photo,Adult,Male\Asian_Photo\Adult
E:\aninovel\input_images\male_photo_06_working_age_56_r7c2.png,male_photo_06_working_age_56_r7c2.png,Male,Asian,Photo,Adult,Male\Asian_Photo\Adult
E:\aninovel\input_images\male_photo_06_working_age_60_r7c6.png,male_photo_06_working_age_60_r7c6.png,Male,Asian,Photo,Adult,Male\Asian_Photo\Adult
E:\aninovel\input_images\male_photo_06_working_age_65_r8c2.png,male_photo_06_working_age_65_r8c2.png,Male,Asian,Photo,Adult,Male\Asian_Photo\Adult
E:\aninovel\input_images\male_photo_06_working_age_14_r2c5.png,male_photo_06_working_age_14_r2c5.png,Male,Hispanic,Photo,Adult,Male\Hispanic_Photo\Adult
E:\aninovel\input_images\male_photo_06_working_age_23_r3c5.png,male_photo_06_working_age_23_r3c5.png,Male,Hispanic,Photo,Adult,Male\Hispanic_Photo\Adult
E:\aninovel\input_images\male_photo_06_working_age_38_r5c2.png,male_photo_06_working_age_38_r5c2.png,Male,Hispanic,Photo,Adult,Male\Hispanic_Photo\Adult
E:\aninovel\input_images\male_photo_06_working_age_47_r6c2.png,male_photo_06_working_age_47_r6c2.png,Male,Hispanic,Photo,Adult,Male\Hispanic_Photo\Adult
E:\aninovel\input_images\male_photo_06_working_age_77_r9c5.png,male_photo_06_working_age_77_r9c5.png,Male,Hispanic,Photo,Adult,Male\Hispanic_Photo\Adult
E:\aninovel\input_images\male_photo_06_working_age_54_r6c9.png,male_photo_06_working_age_54_r6c9.png,Male,SouthAsian,Photo,Adult,Male\SouthAsian_Photo\Adult
E:\aninovel\input_images\male_photo_07_elderly_01_r1c1.png,male_photo_07_elderly_01_r1c1.png,Male,MiddleEastern,Photo,Senior,Male\MiddleEastern_Photo\Senior
E:\aninovel\input_images\male_photo_07_elderly_02_r1c2.png,male_photo_07_elderly_02_r1c2.png,Male,MiddleEastern,Photo,Senior,Male\MiddleEastern_Photo\Senior
E:\aninovel\input_images\male_photo_07_elderly_03_r1c3.png,male_photo_07_elderly_03_r1c3.png,Male,MiddleEastern,Photo,Senior,Male\MiddleEastern_Photo\Senior
E:\aninovel\input_images\male_photo_07_elderly_04_r2c1.png,male_photo_07_elderly_04_r2c1.png,Male,MiddleEastern,Photo,Senior,Male\MiddleEastern_Photo\Senior
E:\aninovel\input_images\male_photo_07_elderly_05_r2c2.png,male_photo_07_elderly_05_r2c2.png,Male,MiddleEastern,Photo,Senior,Male\MiddleEastern_Photo\Senior
E:\aninovel\input_images\male_photo_07_elderly_12_r4c3.png,male_photo_07_elderly_12_r4c3.png,Male,MiddleEastern,Photo,Senior,Male\MiddleEastern_Photo\Senior
E:\aninovel\input_images\male_photo_07_elderly_13_r5c1.png,male_photo_07_elderly_13_r5c1.png,Male,MiddleEastern,Photo,Senior,Male\MiddleEastern_Photo\Senior
E:\aninovel\input_images\male_photo_07_elderly_18_r6c3.png,male_photo_07_elderly_18_r6c3.png,Male,MiddleEastern,Photo,Senior,Male\MiddleEastern_Photo\Senior
E:\aninovel\input_images\male_photo_07_elderly_23_r8c2.png,male_photo_07_elderly_23_r8c2.png,Male,MiddleEastern,Photo,Senior,Male\MiddleEastern_Photo\Senior
E:\aninovel\input_images\male_photo_07_elderly_24_r8c3.png,male_photo_07_elderly_24_r8c3.png,Male,MiddleEastern,Photo,Senior,Male\MiddleEastern_Photo\Senior
E:\aninovel\input_images\male_photo_07_elderly_26_r9c2.png,male_photo_07_elderly_26_r9c2.png,Male,MiddleEastern,Photo,Senior,Male\MiddleEastern_Photo\Senior
E:\aninovel\input_images\male_photo_07_elderly_27_r9c3.png,male_photo_07_elderly_27_r9c3.png,Male,MiddleEastern,Photo,Senior,Male\MiddleEastern_Photo\Senior
E:\aninovel\input_images\male_photo_07_elderly_06_r2c3.png,male_photo_07_elderly_06_r2c3.png,Male,Asian,Photo,Senior,Male\Asian_Photo\Senior
E:\aninovel\input_images\male_photo_07_elderly_07_r3c1.png,male_photo_07_elderly_07_r3c1.png,Male,Asian,Photo,Senior,Male\Asian_Photo\Senior
E:\aninovel\input_images\male_photo_07_elderly_09_r3c3.png,male_photo_07_elderly_09_r3c3.png,Male,Asian,Photo,Senior,Male\Asian_Photo\Senior
E:\aninovel\input_images\male_photo_07_elderly_11_r4c2.png,male_photo_07_elderly_11_r4c2.png,Male,Asian,Photo,Senior,Male\Asian_Photo\Senior
E:\aninovel\input_images\male_photo_07_elderly_14_r5c2.png,male_photo_07_elderly_14_r5c2.png,Male,Asian,Photo,Senior,Male\Asian_Photo\Senior
E:\aninovel\input_images\male_photo_07_elderly_16_r6c1.png,male_photo_07_elderly_16_r6c1.png,Male,Asian,Photo,Senior,Male\Asian_Photo\Senior
E:\aninovel\input_images\male_photo_07_elderly_17_r6c2.png,male_photo_07_elderly_17_r6c2.png,Male,Asian,Photo,Senior,Male\Asian_Photo\Senior
E:\aninovel\input_images\male_photo_07_elderly_21_r7c3.png,male_photo_07_elderly_21_r7c3.png,Male,Asian,Photo,Senior,Male\Asian_Photo\Senior
E:\aninovel\input_images\male_photo_07_elderly_22_r8c1.png,male_photo_07_elderly_22_r8c1.png,Male,Asian,Photo,Senior,Male\Asian_Photo\Senior
E:\aninovel\input_images\male_photo_07_elderly_08_r3c2.png,male_photo_07_elderly_08_r3c2.png,Male,White,Photo,Senior,Male\White_Photo\Senior
E:\aninovel\input_images\male_photo_07_elderly_15_r5c3.png,male_photo_07_elderly_15_r5c3.png,Male,White,Photo,Senior,Male\White_Photo\Senior
E:\aninovel\input_images\male_photo_07_elderly_19_r7c1.png,male_photo_07_elderly_19_r7c1.png,Male,White,Photo,Senior,Male\White_Photo\Senior
E:\aninovel\input_images\male_photo_07_elderly_20_r7c2.png,male_photo_07_elderly_20_r7c2.png,Male,White,Photo,Senior,Male\White_Photo\Senior
E:\aninovel\input_images\male_photo_07_elderly_25_r9c1.png,male_photo_07_elderly_25_r9c1.png,Male,White,Photo,Senior,Male\White_Photo\Senior
E:\aninovel\input_images\male_photo_07_elderly_10_r4c1.png,male_photo_07_elderly_10_r4c1.png,Male,Black,Photo,Senior,Male\Black_Photo\Senior
E:\aninovel\input_images\row001_col01_male.png,row001_col01_male.png,Male,White,RetroManga,Teen,Male\White_RetroManga\Teen
E:\aninovel\input_images\row001_col10_male.png,row001_col10_male.png,Male,White,RetroManga,Teen,Male\White_RetroManga\Teen
E:\aninovel\input_images\row003_col02_male.png,row003_col02_male.png,Male,White,RetroManga,Teen,Male\White_RetroManga\Teen
E:\aninovel\input_images\row011_col05_male.png,row011_col05_male.png,Male,White,RetroManga,Teen,Male\White_RetroManga\Teen
E:\aninovel\input_images\row017_col13_male.png,row017_col13_male.png,Male,White,RetroManga,Teen,Male\White_RetroManga\Teen
E:\aninovel\input_images\row031_col19_male.png,row031_col19_male.png,Male,White,RetroManga,Teen,Male\White_RetroManga\Teen
E:\aninovel\input_images\row001_col02_male.png,row001_col02_male.png,Male,White,Anime,YoungAdult,Male\White_Anime\YoungAdult
E:\aninovel\input_images\row001_col14_male.png,row001_col14_male.png,Male,White,Anime,YoungAdult,Male\White_Anime\YoungAdult
E:\aninovel\input_images\row003_col01_male.png,row003_col01_male.png,Male,White,Anime,YoungAdult,Male\White_Anime\YoungAdult
E:\aninovel\input_images\row003_col12_male.png,row003_col12_male.png,Male,White,Anime,YoungAdult,Male\White_Anime\YoungAdult
E:\aninovel\input_images\row003_col16_male.png,row003_col16_male.png,Male,White,Anime,YoungAdult,Male\White_Anime\YoungAdult
E:\aninovel\input_images\row003_col17_male.png,row003_col17_male.png,Male,White,Anime,YoungAdult,Male\White_Anime\YoungAdult
E:\aninovel\input_images\row003_col18_male.png,row003_col18_male.png,Male,White,Anime,YoungAdult,Male\White_Anime\YoungAdult
E:\aninovel\input_images\row011_col04_male.png,row011_col04_male.png,Male,White,Anime,YoungAdult,Male\White_Anime\YoungAdult
E:\aninovel\input_images\row011_col08_male.png,row011_col08_male.png,Male,White,Anime,YoungAdult,Male\White_Anime\YoungAdult
E:\aninovel\input_images\row011_col19_male.png,row011_col19_male.png,Male,White,Anime,YoungAdult,Male\White_Anime\YoungAdult
E:\aninovel\input_images\row013_col01_male.png,row013_col01_male.png,Male,White,Anime,YoungAdult,Male\White_Anime\YoungAdult
E:\aninovel\input_images\row013_col03_male.png,row013_col03_male.png,Male,White,Anime,YoungAdult,Male\White_Anime\YoungAdult
E:\aninovel\input_images\row013_col06_male.png,row013_col06_male.png,Male,White,Anime,YoungAdult,Male\White_Anime\YoungAdult
E:\aninovel\input_images\row013_col07_male.png,row013_col07_male.png,Male,White,Anime,YoungAdult,Male\White_Anime\YoungAdult
E:\aninovel\input_images\row013_col16_male.png,row013_col16_male.png,Male,White,Anime,YoungAdult,Male\White_Anime\YoungAdult
E:\aninovel\input_images\row013_col17_male.png,row013_col17_male.png,Male,White,Anime,YoungAdult,Male\White_Anime\YoungAdult
E:\aninovel\input_images\row013_col18_male.png,row013_col18_male.png,Male,White,Anime,YoungAdult,Male\White_Anime\YoungAdult
E:\aninovel\input_images\row021_col06_male.png,row021_col06_male.png,Male,White,Anime,YoungAdult,Male\White_Anime\YoungAdult
E:\aninovel\input_images\row021_col08_male.png,row021_col08_male.png,Male,White,Anime,YoungAdult,Male\White_Anime\YoungAdult
E:\aninovel\input_images\row021_col17_male.png,row021_col17_male.png,Male,White,Anime,YoungAdult,Male\White_Anime\YoungAdult
E:\aninovel\input_images\row023_col04_male.png,row023_col04_male.png,Male,White,Anime,YoungAdult,Male\White_Anime\YoungAdult
E:\aninovel\input_images\row023_col05_male.png,row023_col05_male.png,Male,White,Anime,YoungAdult,Male\White_Anime\YoungAdult
E:\aninovel\input_images\row023_col06_male.png,row023_col06_male.png,Male,White,Anime,YoungAdult,Male\White_Anime\YoungAdult
E:\aninovel\input_images\row023_col08_male.png,row023_col08_male.png,Male,White,Anime,YoungAdult,Male\White_Anime\YoungAdult
E:\aninovel\input_images\row023_col09_male.png,row023_col09_male.png,Male,White,Anime,YoungAdult,Male\White_Anime\YoungAdult
E:\aninovel\input_images\row023_col14_male.png,row023_col14_male.png,Male,White,Anime,YoungAdult,Male\White_Anime\YoungAdult
E:\aninovel\input_images\row023_col18_male.png,row023_col18_male.png,Male,White,Anime,YoungAdult,Male\White_Anime\YoungAdult
E:\aninovel\input_images\row023_col19_male.png,row023_col19_male.png,Male,White,Anime,YoungAdult,Male\White_Anime\YoungAdult
E:\aninovel\input_images\row027_col02_male.png,row027_col02_male.png,Male,White,Anime,YoungAdult,Male\White_Anime\YoungAdult
E:\aninovel\input_images\row027_col06_male.png,row027_col06_male.png,Male,White,Anime,YoungAdult,Male\White_Anime\YoungAdult
E:\aninovel\input_images\row031_col01_male.png,row031_col01_male.png,Male,White,Anime,YoungAdult,Male\White_Anime\YoungAdult
E:\aninovel\input_images\row031_col07_male.png,row031_col07_male.png,Male,White,Anime,YoungAdult,Male\White_Anime\YoungAdult
E:\aninovel\input_images\row031_col08_male.png,row031_col08_male.png,Male,White,Anime,YoungAdult,Male\White_Anime\YoungAdult
E:\aninovel\input_images\row031_col09_male.png,row031_col09_male.png,Male,White,Anime,YoungAdult,Male\White_Anime\YoungAdult
E:\aninovel\input_images\row031_col12_male.png,row031_col12_male.png,Male,White,Anime,YoungAdult,Male\White_Anime\YoungAdult
E:\aninovel\input_images\row031_col13_male.png,row031_col13_male.png,Male,White,Anime,YoungAdult,Male\White_Anime\YoungAdult
E:\aninovel\input_images\row033_col04_male.png,row033_col04_male.png,Male,White,Anime,YoungAdult,Male\White_Anime\YoungAdult
E:\aninovel\input_images\row033_col08_male.png,row033_col08_male.png,Male,White,Anime,YoungAdult,Male\White_Anime\YoungAdult
E:\aninovel\input_images\row033_col12_male.png,row033_col12_male.png,Male,White,Anime,YoungAdult,Male\White_Anime\YoungAdult
E:\aninovel\input_images\row033_col14_male.png,row033_col14_male.png,Male,White,Anime,YoungAdult,Male\White_Anime\YoungAdult
E:\aninovel\input_images\row041_col03_male.png,row041_col03_male.png,Male,White,Anime,YoungAdult,Male\White_Anime\YoungAdult
E:\aninovel\input_images\row041_col06_male.png,row041_col06_male.png,Male,White,Anime,YoungAdult,Male\White_Anime\YoungAdult
E:\aninovel\input_images\row041_col07_male.png,row041_col07_male.png,Male,White,Anime,YoungAdult,Male\White_Anime\YoungAdult
E:\aninovel\input_images\row041_col08_male.png,row041_col08_male.png,Male,White,Anime,YoungAdult,Male\White_Anime\YoungAdult
E:\aninovel\input_images\row041_col10_male.png,row041_col10_male.png,Male,White,Anime,YoungAdult,Male\White_Anime\YoungAdult
E:\aninovel\input_images\row041_col13_male.png,row041_col13_male.png,Male,White,Anime,YoungAdult,Male\White_Anime\YoungAdult
E:\aninovel\input_images\row041_col15_male.png,row041_col15_male.png,Male,White,Anime,YoungAdult,Male\White_Anime\YoungAdult
E:\aninovel\input_images\row041_col16_male.png,row041_col16_male.png,Male,White,Anime,YoungAdult,Male\White_Anime\YoungAdult
E:\aninovel\input_images\row041_col17_male.png,row041_col17_male.png,Male,White,Anime,YoungAdult,Male\White_Anime\YoungAdult
E:\aninovel\input_images\row043_col01_male.png,row043_col01_male.png,Male,White,Anime,YoungAdult,Male\White_Anime\YoungAdult
E:\aninovel\input_images\row043_col02_male.png,row043_col02_male.png,Male,White,Anime,YoungAdult,Male\White_Anime\YoungAdult
E:\aninovel\input_images\row043_col04_male.png,row043_col04_male.png,Male,White,Anime,YoungAdult,Male\White_Anime\YoungAdult
E:\aninovel\input_images\row043_col08_male.png,row043_col08_male.png,Male,White,Anime,YoungAdult,Male\White_Anime\YoungAdult
E:\aninovel\input_images\row043_col09_male.png,row043_col09_male.png,Male,White,Anime,YoungAdult,Male\White_Anime\YoungAdult
E:\aninovel\input_images\row043_col14_male.png,row043_col14_male.png,Male,White,Anime,YoungAdult,Male\White_Anime\YoungAdult
E:\aninovel\input_images\row043_col15_male.png,row043_col15_male.png,Male,White,Anime,YoungAdult,Male\White_Anime\YoungAdult
E:\aninovel\input_images\row043_col16_male.png,row043_col16_male.png,Male,White,Anime,YoungAdult,Male\White_Anime\YoungAdult
E:\aninovel\input_images\row043_col18_male.png,row043_col18_male.png,Male,White,Anime,YoungAdult,Male\White_Anime\YoungAdult
E:\aninovel\input_images\row043_col19_male.png,row043_col19_male.png,Male,White,Anime,YoungAdult,Male\White_Anime\YoungAdult
E:\aninovel\input_images\row043_col20_male.png,row043_col20_male.png,Male,White,Anime,YoungAdult,Male\White_Anime\YoungAdult
E:\aninovel\input_images\row051_col18_male.png,row051_col18_male.png,Male,White,Anime,YoungAdult,Male\White_Anime\YoungAdult
E:\aninovel\input_images\row053_col02_male.png,row053_col02_male.png,Male,White,Anime,YoungAdult,Male\White_Anime\YoungAdult
E:\aninovel\input_images\row053_col04_male.png,row053_col04_male.png,Male,White,Anime,YoungAdult,Male\White_Anime\YoungAdult
E:\aninovel\input_images\row053_col05_male.png,row053_col05_male.png,Male,White,Anime,YoungAdult,Male\White_Anime\YoungAdult
E:\aninovel\input_images\row053_col08_male.png,row053_col08_male.png,Male,White,Anime,YoungAdult,Male\White_Anime\YoungAdult
E:\aninovel\input_images\row053_col11_male.png,row053_col11_male.png,Male,White,Anime,YoungAdult,Male\White_Anime\YoungAdult
E:\aninovel\input_images\row053_col16_male.png,row053_col16_male.png,Male,White,Anime,YoungAdult,Male\White_Anime\YoungAdult
E:\aninovel\input_images\row081_col01_male.png,row081_col01_male.png,Male,White,Anime,YoungAdult,Male\White_Anime\YoungAdult
E:\aninovel\input_images\row081_col06_male.png,row081_col06_male.png,Male,White,Anime,YoungAdult,Male\White_Anime\YoungAdult
E:\aninovel\input_images\row081_col13_male.png,row081_col13_male.png,Male,White,Anime,YoungAdult,Male\White_Anime\YoungAdult
E:\aninovel\input_images\row081_col17_male.png,row081_col17_male.png,Male,White,Anime,YoungAdult,Male\White_Anime\YoungAdult
E:\aninovel\input_images\row081_col18_male.png,row081_col18_male.png,Male,White,Anime,YoungAdult,Male\White_Anime\YoungAdult
E:\aninovel\input_images\row083_col01_male.png,row083_col01_male.png,Male,White,Anime,YoungAdult,Male\White_Anime\YoungAdult
E:\aninovel\input_images\row083_col05_male.png,row083_col05_male.png,Male,White,Anime,YoungAdult,Male\White_Anime\YoungAdult
E:\aninovel\input_images\row083_col06_male.png,row083_col06_male.png,Male,White,Anime,YoungAdult,Male\White_Anime\YoungAdult
E:\aninovel\input_images\row083_col09_male.png,row083_col09_male.png,Male,White,Anime,YoungAdult,Male\White_Anime\YoungAdult
E:\aninovel\input_images\row083_col12_male.png,row083_col12_male.png,Male,White,Anime,YoungAdult,Male\White_Anime\YoungAdult
E:\aninovel\input_images\row083_col16_male.png,row083_col16_male.png,Male,White,Anime,YoungAdult,Male\White_Anime\YoungAdult
E:\aninovel\input_images\row083_col17_male.png,row083_col17_male.png,Male,White,Anime,YoungAdult,Male\White_Anime\YoungAdult
E:\aninovel\input_images\row083_col18_male.png,row083_col18_male.png,Male,White,Anime,YoungAdult,Male\White_Anime\YoungAdult
E:\aninovel\input_images\row083_col19_male.png,row083_col19_male.png,Male,White,Anime,YoungAdult,Male\White_Anime\YoungAdult
E:\aninovel\input_images\row091_col02_male.png,row091_col02_male.png,Male,White,Anime,YoungAdult,Male\White_Anime\YoungAdult
E:\aninovel\input_images\row093_col16_male.png,row093_col16_male.png,Male,White,Anime,YoungAdult,Male\White_Anime\YoungAdult
E:\aninovel\input_images\row093_col18_male.png,row093_col18_male.png,Male,White,Anime,YoungAdult,Male\White_Anime\YoungAdult
E:\aninovel\input_images\row001_col03_male.png,row001_col03_male.png,Male,White,RetroManga,Adult,Male\White_RetroManga\Adult
E:\aninovel\input_images\row001_col15_male.png,row001_col15_male.png,Male,White,RetroManga,Adult,Male\White_RetroManga\Adult
E:\aninovel\input_images\row003_col07_male.png,row003_col07_male.png,Male,White,RetroManga,Adult,Male\White_RetroManga\Adult
E:\aninovel\input_images\row011_col16_male.png,row011_col16_male.png,Male,White,RetroManga,Adult,Male\White_RetroManga\Adult
E:\aninovel\input_images\row021_col14_male.png,row021_col14_male.png,Male,White,RetroManga,Adult,Male\White_RetroManga\Adult
E:\aninovel\input_images\row031_col04_male.png,row031_col04_male.png,Male,White,RetroManga,Adult,Male\White_RetroManga\Adult
E:\aninovel\input_images\row031_col20_male.png,row031_col20_male.png,Male,White,RetroManga,Adult,Male\White_RetroManga\Adult
E:\aninovel\input_images\row051_col03_male.png,row051_col03_male.png,Male,White,RetroManga,Adult,Male\White_RetroManga\Adult
E:\aninovel\input_images\row051_col14_male.png,row051_col14_male.png,Male,White,RetroManga,Adult,Male\White_RetroManga\Adult
E:\aninovel\input_images\row051_col16_male.png,row051_col16_male.png,Male,White,RetroManga,Adult,Male\White_RetroManga\Adult
E:\aninovel\input_images\row051_col17_male.png,row051_col17_male.png,Male,White,RetroManga,Adult,Male\White_RetroManga\Adult
E:\aninovel\input_images\row051_col20_male.png,row051_col20_male.png,Male,White,RetroManga,Adult,Male\White_RetroManga\Adult
E:\aninovel\input_images\row061_col01_male.png,row061_col01_male.png,Male,White,RetroManga,Adult,Male\White_RetroManga\Adult
E:\aninovel\input_images\row061_col06_male.png,row061_col06_male.png,Male,White,RetroManga,Adult,Male\White_RetroManga\Adult
E:\aninovel\input_images\row061_col11_male.png,row061_col11_male.png,Male,White,RetroManga,Adult,Male\White_RetroManga\Adult
E:\aninovel\input_images\row061_col12_male.png,row061_col12_male.png,Male,White,RetroManga,Adult,Male\White_RetroManga\Adult
E:\aninovel\input_images\row061_col15_male.png,row061_col15_male.png,Male,White,RetroManga,Adult,Male\White_RetroManga\Adult
E:\aninovel\input_images\row061_col20_male.png,row061_col20_male.png,Male,White,RetroManga,Adult,Male\White_RetroManga\Adult
E:\aninovel\input_images\row063_col04_male.png,row063_col04_male.png,Male,White,RetroManga,Adult,Male\White_RetroManga\Adult
E:\aninovel\input_images\row071_col01_male.png,row071_col01_male.png,Male,White,RetroManga,Adult,Male\White_RetroManga\Adult
E:\aninovel\input_images\row081_col08_male.png,row081_col08_male.png,Male,White,RetroManga,Adult,Male\White_RetroManga\Adult
E:\aninovel\input_images\row087_col09_male.png,row087_col09_male.png,Male,White,RetroManga,Adult,Male\White_RetroManga\Adult
E:\aninovel\input_images\row093_col17_male.png,row093_col17_male.png,Male,White,RetroManga,Adult,Male\White_RetroManga\Adult
E:\aninovel\input_images\row001_col04_male.png,row001_col04_male.png,Male,White,Anime,Teen,Male\White_Anime\Teen
E:\aninovel\input_images\row001_col18_male.png,row001_col18_male.png,Male,White,Anime,Teen,Male\White_Anime\Teen
E:\aninovel\input_images\row003_col03_male.png,row003_col03_male.png,Male,White,Anime,Teen,Male\White_Anime\Teen
E:\aninovel\input_images\row011_col02_male.png,row011_col02_male.png,Male,White,Anime,Teen,Male\White_Anime\Teen
E:\aninovel\input_images\row011_col12_male.png,row011_col12_male.png,Male,White,Anime,Teen,Male\White_Anime\Teen
E:\aninovel\input_images\row033_col05_male.png,row033_col05_male.png,Male,White,Anime,Teen,Male\White_Anime\Teen
E:\aninovel\input_images\row033_col19_male.png,row033_col19_male.png,Male,White,Anime,Teen,Male\White_Anime\Teen
E:\aninovel\input_images\row001_col05_male.png,row001_col05_male.png,Male,Asian,RetroManga,YoungAdult,Male\Asian_RetroManga\YoungAdult
E:\aninovel\input_images\row093_col20_male.png,row093_col20_male.png,Male,Asian,RetroManga,YoungAdult,Male\Asian_RetroManga\YoungAdult
E:\aninovel\input_images\row001_col06_male.png,row001_col06_male.png,Male,Asian,RetroManga,Teen,Male\Asian_RetroManga\Teen
E:\aninovel\input_images\row001_col20_male.png,row001_col20_male.png,Male,Asian,RetroManga,Teen,Male\Asian_RetroManga\Teen
E:\aninovel\input_images\row001_col07_male.png,row001_col07_male.png,Male,White,Painterly,Teen,Male\White_Painterly\Teen
E:\aninovel\input_images\row003_col06_male.png,row003_col06_male.png,Male,White,Painterly,Teen,Male\White_Painterly\Teen
E:\aninovel\input_images\row003_col15_male.png,row003_col15_male.png,Male,White,Painterly,Teen,Male\White_Painterly\Teen
E:\aninovel\input_images\row005_col02_male.png,row005_col02_male.png,Male,White,Painterly,Teen,Male\White_Painterly\Teen
E:\aninovel\input_images\row005_col04_male.png,row005_col04_male.png,Male,White,Painterly,Teen,Male\White_Painterly\Teen
E:\aninovel\input_images\row005_col05_male.png,row005_col05_male.png,Male,White,Painterly,Teen,Male\White_Painterly\Teen
E:\aninovel\input_images\row005_col06_male.png,row005_col06_male.png,Male,White,Painterly,Teen,Male\White_Painterly\Teen
E:\aninovel\input_images\row005_col08_male.png,row005_col08_male.png,Male,White,Painterly,Teen,Male\White_Painterly\Teen
E:\aninovel\input_images\row005_col10_male.png,row005_col10_male.png,Male,White,Painterly,Teen,Male\White_Painterly\Teen
E:\aninovel\input_images\row005_col13_male.png,row005_col13_male.png,Male,White,Painterly,Teen,Male\White_Painterly\Teen
E:\aninovel\input_images\row005_col15_male.png,row005_col15_male.png,Male,White,Painterly,Teen,Male\White_Painterly\Teen
E:\aninovel\input_images\row005_col16_male.png,row005_col16_male.png,Male,White,Painterly,Teen,Male\White_Painterly\Teen
E:\aninovel\input_images\row005_col17_male.png,row005_col17_male.png,Male,White,Painterly,Teen,Male\White_Painterly\Teen
E:\aninovel\input_images\row005_col20_male.png,row005_col20_male.png,Male,White,Painterly,Teen,Male\White_Painterly\Teen
E:\aninovel\input_images\row007_col01_male.png,row007_col01_male.png,Male,White,Painterly,Teen,Male\White_Painterly\Teen
E:\aninovel\input_images\row007_col02_male.png,row007_col02_male.png,Male,White,Painterly,Teen,Male\White_Painterly\Teen
E:\aninovel\input_images\row007_col04_male.png,row007_col04_male.png,Male,White,Painterly,Teen,Male\White_Painterly\Teen
E:\aninovel\input_images\row007_col08_male.png,row007_col08_male.png,Male,White,Painterly,Teen,Male\White_Painterly\Teen
E:\aninovel\input_images\row007_col12_male.png,row007_col12_male.png,Male,White,Painterly,Teen,Male\White_Painterly\Teen
E:\aninovel\input_images\row007_col19_male.png,row007_col19_male.png,Male,White,Painterly,Teen,Male\White_Painterly\Teen
E:\aninovel\input_images\row009_col01_male.png,row009_col01_male.png,Male,White,Painterly,Teen,Male\White_Painterly\Teen
E:\aninovel\input_images\row009_col03_male.png,row009_col03_male.png,Male,White,Painterly,Teen,Male\White_Painterly\Teen
E:\aninovel\input_images\row009_col05_male.png,row009_col05_male.png,Male,White,Painterly,Teen,Male\White_Painterly\Teen
E:\aninovel\input_images\row009_col10_male.png,row009_col10_male.png,Male,White,Painterly,Teen,Male\White_Painterly\Teen
E:\aninovel\input_images\row009_col12_male.png,row009_col12_male.png,Male,White,Painterly,Teen,Male\White_Painterly\Teen
E:\aninovel\input_images\row009_col13_male.png,row009_col13_male.png,Male,White,Painterly,Teen,Male\White_Painterly\Teen
E:\aninovel\input_images\row009_col15_male.png,row009_col15_male.png,Male,White,Painterly,Teen,Male\White_Painterly\Teen
E:\aninovel\input_images\row009_col17_male.png,row009_col17_male.png,Male,White,Painterly,Teen,Male\White_Painterly\Teen
E:\aninovel\input_images\row009_col18_male.png,row009_col18_male.png,Male,White,Painterly,Teen,Male\White_Painterly\Teen
E:\aninovel\input_images\row009_col20_male.png,row009_col20_male.png,Male,White,Painterly,Teen,Male\White_Painterly\Teen
E:\aninovel\input_images\row015_col01_male.png,row015_col01_male.png,Male,White,Painterly,Teen,Male\White_Painterly\Teen
E:\aninovel\input_images\row015_col03_male.png,row015_col03_male.png,Male,White,Painterly,Teen,Male\White_Painterly\Teen
E:\aninovel\input_images\row015_col06_male.png,row015_col06_male.png,Male,White,Painterly,Teen,Male\White_Painterly\Teen
E:\aninovel\input_images\row015_col08_male.png,row015_col08_male.png,Male,White,Painterly,Teen,Male\White_Painterly\Teen
E:\aninovel\input_images\row015_col09_male.png,row015_col09_male.png,Male,White,Painterly,Teen,Male\White_Painterly\Teen
E:\aninovel\input_images\row015_col10_male.png,row015_col10_male.png,Male,White,Painterly,Teen,Male\White_Painterly\Teen
E:\aninovel\input_images\row015_col11_male.png,row015_col11_male.png,Male,White,Painterly,Teen,Male\White_Painterly\Teen
E:\aninovel\input_images\row015_col13_male.png,row015_col13_male.png,Male,White,Painterly,Teen,Male\White_Painterly\Teen
E:\aninovel\input_images\row015_col16_male.png,row015_col16_male.png,Male,White,Painterly,Teen,Male\White_Painterly\Teen
E:\aninovel\input_images\row015_col19_male.png,row015_col19_male.png,Male,White,Painterly,Teen,Male\White_Painterly\Teen
E:\aninovel\input_images\row015_col20_male.png,row015_col20_male.png,Male,White,Painterly,Teen,Male\White_Painterly\Teen
E:\aninovel\input_images\row017_col07_male.png,row017_col07_male.png,Male,White,Painterly,Teen,Male\White_Painterly\Teen
E:\aninovel\input_images\row017_col10_male.png,row017_col10_male.png,Male,White,Painterly,Teen,Male\White_Painterly\Teen
E:\aninovel\input_images\row017_col14_male.png,row017_col14_male.png,Male,White,Painterly,Teen,Male\White_Painterly\Teen
E:\aninovel\input_images\row017_col17_male.png,row017_col17_male.png,Male,White,Painterly,Teen,Male\White_Painterly\Teen
E:\aninovel\input_images\row019_col03_male.png,row019_col03_male.png,Male,White,Painterly,Teen,Male\White_Painterly\Teen
E:\aninovel\input_images\row019_col11_male.png,row019_col11_male.png,Male,White,Painterly,Teen,Male\White_Painterly\Teen
E:\aninovel\input_images\row019_col15_male.png,row019_col15_male.png,Male,White,Painterly,Teen,Male\White_Painterly\Teen
E:\aninovel\input_images\row019_col17_male.png,row019_col17_male.png,Male,White,Painterly,Teen,Male\White_Painterly\Teen
E:\aninovel\input_images\row019_col18_male.png,row019_col18_male.png,Male,White,Painterly,Teen,Male\White_Painterly\Teen
E:\aninovel\input_images\row025_col13_male.png,row025_col13_male.png,Male,White,Painterly,Teen,Male\White_Painterly\Teen
E:\aninovel\input_images\row027_col07_male.png,row027_col07_male.png,Male,White,Painterly,Teen,Male\White_Painterly\Teen
E:\aninovel\input_images\row027_col18_male.png,row027_col18_male.png,Male,White,Painterly,Teen,Male\White_Painterly\Teen
E:\aninovel\input_images\row029_col17_male.png,row029_col17_male.png,Male,White,Painterly,Teen,Male\White_Painterly\Teen
E:\aninovel\input_images\row029_col19_male.png,row029_col19_male.png,Male,White,Painterly,Teen,Male\White_Painterly\Teen
E:\aninovel\input_images\row029_col20_male.png,row029_col20_male.png,Male,White,Painterly,Teen,Male\White_Painterly\Teen
E:\aninovel\input_images\row037_col11_male.png,row037_col11_male.png,Male,White,Painterly,Teen,Male\White_Painterly\Teen
E:\aninovel\input_images\row001_col08_male.png,row001_col08_male.png,Male,White,RetroManga,YoungAdult,Male\White_RetroManga\YoungAdult
E:\aninovel\input_images\row001_col09_male.png,row001_col09_male.png,Male,White,RetroManga,YoungAdult,Male\White_RetroManga\YoungAdult
E:\aninovel\input_images\row003_col19_male.png,row003_col19_male.png,Male,White,RetroManga,YoungAdult,Male\White_RetroManga\YoungAdult
E:\aninovel\input_images\row011_col09_male.png,row011_col09_male.png,Male,White,RetroManga,YoungAdult,Male\White_RetroManga\YoungAdult
E:\aninovel\input_images\row011_col11_male.png,row011_col11_male.png,Male,White,RetroManga,YoungAdult,Male\White_RetroManga\YoungAdult
E:\aninovel\input_images\row011_col20_male.png,row011_col20_male.png,Male,White,RetroManga,YoungAdult,Male\White_RetroManga\YoungAdult
E:\aninovel\input_images\row017_col18_male.png,row017_col18_male.png,Male,White,RetroManga,YoungAdult,Male\White_RetroManga\YoungAdult
E:\aninovel\input_images\row021_col05_male.png,row021_col05_male.png,Male,White,RetroManga,YoungAdult,Male\White_RetroManga\YoungAdult
E:\aninovel\input_images\row021_col11_male.png,row021_col11_male.png,Male,White,RetroManga,YoungAdult,Male\White_RetroManga\YoungAdult
E:\aninovel\input_images\row021_col19_male.png,row021_col19_male.png,Male,White,RetroManga,YoungAdult,Male\White_RetroManga\YoungAdult
E:\aninovel\input_images\row021_col20_male.png,row021_col20_male.png,Male,White,RetroManga,YoungAdult,Male\White_RetroManga\YoungAdult
E:\aninovel\input_images\row027_col04_male.png,row027_col04_male.png,Male,White,RetroManga,YoungAdult,Male\White_RetroManga\YoungAdult
E:\aninovel\input_images\row027_col09_male.png,row027_col09_male.png,Male,White,RetroManga,YoungAdult,Male\White_RetroManga\YoungAdult
E:\aninovel\input_images\row031_col05_male.png,row031_col05_male.png,Male,White,RetroManga,YoungAdult,Male\White_RetroManga\YoungAdult
E:\aninovel\input_images\row037_col04_male.png,row037_col04_male.png,Male,White,RetroManga,YoungAdult,Male\White_RetroManga\YoungAdult
E:\aninovel\input_images\row041_col02_male.png,row041_col02_male.png,Male,White,RetroManga,YoungAdult,Male\White_RetroManga\YoungAdult
E:\aninovel\input_images\row041_col05_male.png,row041_col05_male.png,Male,White,RetroManga,YoungAdult,Male\White_RetroManga\YoungAdult
E:\aninovel\input_images\row041_col09_male.png,row041_col09_male.png,Male,White,RetroManga,YoungAdult,Male\White_RetroManga\YoungAdult
E:\aninovel\input_images\row041_col11_male.png,row041_col11_male.png,Male,White,RetroManga,YoungAdult,Male\White_RetroManga\YoungAdult
E:\aninovel\input_images\row041_col20_male.png,row041_col20_male.png,Male,White,RetroManga,YoungAdult,Male\White_RetroManga\YoungAdult
E:\aninovel\input_images\row047_col02_male.png,row047_col02_male.png,Male,White,RetroManga,YoungAdult,Male\White_RetroManga\YoungAdult
E:\aninovel\input_images\row051_col01_male.png,row051_col01_male.png,Male,White,RetroManga,YoungAdult,Male\White_RetroManga\YoungAdult
E:\aninovel\input_images\row051_col04_male.png,row051_col04_male.png,Male,White,RetroManga,YoungAdult,Male\White_RetroManga\YoungAdult
E:\aninovel\input_images\row051_col05_male.png,row051_col05_male.png,Male,White,RetroManga,YoungAdult,Male\White_RetroManga\YoungAdult
E:\aninovel\input_images\row051_col06_male.png,row051_col06_male.png,Male,White,RetroManga,YoungAdult,Male\White_RetroManga\YoungAdult
E:\aninovel\input_images\row051_col09_male.png,row051_col09_male.png,Male,White,RetroManga,YoungAdult,Male\White_RetroManga\YoungAdult
E:\aninovel\input_images\row051_col13_male.png,row051_col13_male.png,Male,White,RetroManga,YoungAdult,Male\White_RetroManga\YoungAdult
E:\aninovel\input_images\row053_col19_male.png,row053_col19_male.png,Male,White,RetroManga,YoungAdult,Male\White_RetroManga\YoungAdult
E:\aninovel\input_images\row061_col19_male.png,row061_col19_male.png,Male,White,RetroManga,YoungAdult,Male\White_RetroManga\YoungAdult
E:\aninovel\input_images\row081_col04_male.png,row081_col04_male.png,Male,White,RetroManga,YoungAdult,Male\White_RetroManga\YoungAdult
E:\aninovel\input_images\row081_col05_male.png,row081_col05_male.png,Male,White,RetroManga,YoungAdult,Male\White_RetroManga\YoungAdult
E:\aninovel\input_images\row081_col11_male.png,row081_col11_male.png,Male,White,RetroManga,YoungAdult,Male\White_RetroManga\YoungAdult
E:\aninovel\input_images\row081_col16_male.png,row081_col16_male.png,Male,White,RetroManga,YoungAdult,Male\White_RetroManga\YoungAdult
E:\aninovel\input_images\row081_col19_male.png,row081_col19_male.png,Male,White,RetroManga,YoungAdult,Male\White_RetroManga\YoungAdult
E:\aninovel\input_images\row091_col11_male.png,row091_col11_male.png,Male,White,RetroManga,YoungAdult,Male\White_RetroManga\YoungAdult
E:\aninovel\input_images\row091_col13_male.png,row091_col13_male.png,Male,White,RetroManga,YoungAdult,Male\White_RetroManga\YoungAdult
E:\aninovel\input_images\row001_col11_male.png,row001_col11_male.png,Male,Asian,Anime,YoungAdult,Male\Asian_Anime\YoungAdult
E:\aninovel\input_images\row003_col04_male.png,row003_col04_male.png,Male,Asian,Anime,YoungAdult,Male\Asian_Anime\YoungAdult
E:\aninovel\input_images\row011_col13_male.png,row011_col13_male.png,Male,Asian,Anime,YoungAdult,Male\Asian_Anime\YoungAdult
E:\aninovel\input_images\row013_col11_male.png,row013_col11_male.png,Male,Asian,Anime,YoungAdult,Male\Asian_Anime\YoungAdult
E:\aninovel\input_images\row043_col05_male.png,row043_col05_male.png,Male,Asian,Anime,YoungAdult,Male\Asian_Anime\YoungAdult
E:\aninovel\input_images\row001_col12_male.png,row001_col12_male.png,Male,MiddleEastern,Anime,YoungAdult,Male\MiddleEastern_Anime\YoungAdult
E:\aninovel\input_images\row017_col01_male.png,row017_col01_male.png,Male,MiddleEastern,Anime,YoungAdult,Male\MiddleEastern_Anime\YoungAdult
E:\aninovel\input_images\row021_col01_male.png,row021_col01_male.png,Male,MiddleEastern,Anime,YoungAdult,Male\MiddleEastern_Anime\YoungAdult
E:\aninovel\input_images\row043_col03_male.png,row043_col03_male.png,Male,MiddleEastern,Anime,YoungAdult,Male\MiddleEastern_Anime\YoungAdult
E:\aninovel\input_images\row043_col12_male.png,row043_col12_male.png,Male,MiddleEastern,Anime,YoungAdult,Male\MiddleEastern_Anime\YoungAdult
E:\aninovel\input_images\row043_col13_male.png,row043_col13_male.png,Male,MiddleEastern,Anime,YoungAdult,Male\MiddleEastern_Anime\YoungAdult
E:\aninovel\input_images\row047_col01_male.png,row047_col01_male.png,Male,MiddleEastern,Anime,YoungAdult,Male\MiddleEastern_Anime\YoungAdult
E:\aninovel\input_images\row047_col13_male.png,row047_col13_male.png,Male,MiddleEastern,Anime,YoungAdult,Male\MiddleEastern_Anime\YoungAdult
E:\aninovel\input_images\row051_col12_male.png,row051_col12_male.png,Male,MiddleEastern,Anime,YoungAdult,Male\MiddleEastern_Anime\YoungAdult
E:\aninovel\input_images\row053_col13_male.png,row053_col13_male.png,Male,MiddleEastern,Anime,YoungAdult,Male\MiddleEastern_Anime\YoungAdult
E:\aninovel\input_images\row053_col18_male.png,row053_col18_male.png,Male,MiddleEastern,Anime,YoungAdult,Male\MiddleEastern_Anime\YoungAdult
E:\aninovel\input_images\row081_col07_male.png,row081_col07_male.png,Male,MiddleEastern,Anime,YoungAdult,Male\MiddleEastern_Anime\YoungAdult
E:\aninovel\input_images\row083_col02_male.png,row083_col02_male.png,Male,MiddleEastern,Anime,YoungAdult,Male\MiddleEastern_Anime\YoungAdult
E:\aninovel\input_images\row083_col15_male.png,row083_col15_male.png,Male,MiddleEastern,Anime,YoungAdult,Male\MiddleEastern_Anime\YoungAdult
E:\aninovel\input_images\row083_col20_male.png,row083_col20_male.png,Male,MiddleEastern,Anime,YoungAdult,Male\MiddleEastern_Anime\YoungAdult
E:\aninovel\input_images\row091_col05_male.png,row091_col05_male.png,Male,MiddleEastern,Anime,YoungAdult,Male\MiddleEastern_Anime\YoungAdult
E:\aninovel\input_images\row091_col07_male.png,row091_col07_male.png,Male,MiddleEastern,Anime,YoungAdult,Male\MiddleEastern_Anime\YoungAdult
E:\aninovel\input_images\row091_col08_male.png,row091_col08_male.png,Male,MiddleEastern,Anime,YoungAdult,Male\MiddleEastern_Anime\YoungAdult
E:\aninovel\input_images\row091_col12_male.png,row091_col12_male.png,Male,MiddleEastern,Anime,YoungAdult,Male\MiddleEastern_Anime\YoungAdult
E:\aninovel\input_images\row091_col14_male.png,row091_col14_male.png,Male,MiddleEastern,Anime,YoungAdult,Male\MiddleEastern_Anime\YoungAdult
E:\aninovel\input_images\row091_col15_male.png,row091_col15_male.png,Male,MiddleEastern,Anime,YoungAdult,Male\MiddleEastern_Anime\YoungAdult
E:\aninovel\input_images\row093_col02_male.png,row093_col02_male.png,Male,MiddleEastern,Anime,YoungAdult,Male\MiddleEastern_Anime\YoungAdult
E:\aninovel\input_images\row093_col03_male.png,row093_col03_male.png,Male,MiddleEastern,Anime,YoungAdult,Male\MiddleEastern_Anime\YoungAdult
E:\aninovel\input_images\row093_col08_male.png,row093_col08_male.png,Male,MiddleEastern,Anime,YoungAdult,Male\MiddleEastern_Anime\YoungAdult
E:\aninovel\input_images\row093_col11_male.png,row093_col11_male.png,Male,MiddleEastern,Anime,YoungAdult,Male\MiddleEastern_Anime\YoungAdult
E:\aninovel\input_images\row093_col13_male.png,row093_col13_male.png,Male,MiddleEastern,Anime,YoungAdult,Male\MiddleEastern_Anime\YoungAdult
E:\aninovel\input_images\row093_col15_male.png,row093_col15_male.png,Male,MiddleEastern,Anime,YoungAdult,Male\MiddleEastern_Anime\YoungAdult
E:\aninovel\input_images\row097_col01_male.png,row097_col01_male.png,Male,MiddleEastern,Anime,YoungAdult,Male\MiddleEastern_Anime\YoungAdult
E:\aninovel\input_images\row001_col13_male.png,row001_col13_male.png,Male,Asian,Anime,Teen,Male\Asian_Anime\Teen
E:\aninovel\input_images\row003_col05_male.png,row003_col05_male.png,Male,Asian,Anime,Teen,Male\Asian_Anime\Teen
E:\aninovel\input_images\row001_col16_male.png,row001_col16_male.png,Male,Asian,RetroManga,Child,Male\Asian_RetroManga\Child
E:\aninovel\input_images\row001_col17_male.png,row001_col17_male.png,Male,Asian,Pastel,Adult,Male\Asian_Pastel\Adult
E:\aninovel\input_images\row001_col19_male.png,row001_col19_male.png,Male,MiddleEastern,RetroManga,Child,Male\MiddleEastern_RetroManga\Child
E:\aninovel\input_images\row002_col01_female.png,row002_col01_female.png,Female,White,Anime,Adult,Female\White_Anime\Adult
E:\aninovel\input_images\row004_col04_female.png,row004_col04_female.png,Female,White,Anime,Adult,Female\White_Anime\Adult
E:\aninovel\input_images\row004_col06_female.png,row004_col06_female.png,Female,White,Anime,Adult,Female\White_Anime\Adult
E:\aninovel\input_images\row004_col10_female.png,row004_col10_female.png,Female,White,Anime,Adult,Female\White_Anime\Adult
E:\aninovel\input_images\row004_col15_female.png,row004_col15_female.png,Female,White,Anime,Adult,Female\White_Anime\Adult
E:\aninovel\input_images\row004_col16_female.png,row004_col16_female.png,Female,White,Anime,Adult,Female\White_Anime\Adult
E:\aninovel\input_images\row012_col07_female.png,row012_col07_female.png,Female,White,Anime,Adult,Female\White_Anime\Adult
E:\aninovel\input_images\row012_col08_female.png,row012_col08_female.png,Female,White,Anime,Adult,Female\White_Anime\Adult
E:\aninovel\input_images\row012_col10_female.png,row012_col10_female.png,Female,White,Anime,Adult,Female\White_Anime\Adult
E:\aninovel\input_images\row012_col12_female.png,row012_col12_female.png,Female,White,Anime,Adult,Female\White_Anime\Adult
E:\aninovel\input_images\row012_col20_female.png,row012_col20_female.png,Female,White,Anime,Adult,Female\White_Anime\Adult
E:\aninovel\input_images\row014_col03_female.png,row014_col03_female.png,Female,White,Anime,Adult,Female\White_Anime\Adult
E:\aninovel\input_images\row014_col05_female.png,row014_col05_female.png,Female,White,Anime,Adult,Female\White_Anime\Adult
E:\aninovel\input_images\row014_col06_female.png,row014_col06_female.png,Female,White,Anime,Adult,Female\White_Anime\Adult
E:\aninovel\input_images\row014_col08_female.png,row014_col08_female.png,Female,White,Anime,Adult,Female\White_Anime\Adult
E:\aninovel\input_images\row014_col09_female.png,row014_col09_female.png,Female,White,Anime,Adult,Female\White_Anime\Adult
E:\aninovel\input_images\row014_col10_female.png,row014_col10_female.png,Female,White,Anime,Adult,Female\White_Anime\Adult
E:\aninovel\input_images\row014_col12_female.png,row014_col12_female.png,Female,White,Anime,Adult,Female\White_Anime\Adult
E:\aninovel\input_images\row014_col16_female.png,row014_col16_female.png,Female,White,Anime,Adult,Female\White_Anime\Adult
E:\aninovel\input_images\row014_col17_female.png,row014_col17_female.png,Female,White,Anime,Adult,Female\White_Anime\Adult
E:\aninovel\input_images\row014_col18_female.png,row014_col18_female.png,Female,White,Anime,Adult,Female\White_Anime\Adult
E:\aninovel\input_images\row014_col19_female.png,row014_col19_female.png,Female,White,Anime,Adult,Female\White_Anime\Adult
E:\aninovel\input_images\row022_col03_female.png,row022_col03_female.png,Female,White,Anime,Adult,Female\White_Anime\Adult
E:\aninovel\input_images\row022_col05_female.png,row022_col05_female.png,Female,White,Anime,Adult,Female\White_Anime\Adult
E:\aninovel\input_images\row022_col10_female.png,row022_col10_female.png,Female,White,Anime,Adult,Female\White_Anime\Adult
E:\aninovel\input_images\row022_col11_female.png,row022_col11_female.png,Female,White,Anime,Adult,Female\White_Anime\Adult
E:\aninovel\input_images\row022_col13_female.png,row022_col13_female.png,Female,White,Anime,Adult,Female\White_Anime\Adult
E:\aninovel\input_images\row022_col17_female.png,row022_col17_female.png,Female,White,Anime,Adult,Female\White_Anime\Adult
E:\aninovel\input_images\row022_col19_female.png,row022_col19_female.png,Female,White,Anime,Adult,Female\White_Anime\Adult
E:\aninovel\input_images\row024_col03_female.png,row024_col03_female.png,Female,White,Anime,Adult,Female\White_Anime\Adult
E:\aninovel\input_images\row024_col04_female.png,row024_col04_female.png,Female,White,Anime,Adult,Female\White_Anime\Adult
E:\aninovel\input_images\row024_col05_female.png,row024_col05_female.png,Female,White,Anime,Adult,Female\White_Anime\Adult
E:\aninovel\input_images\row024_col06_female.png,row024_col06_female.png,Female,White,Anime,Adult,Female\White_Anime\Adult
E:\aninovel\input_images\row024_col09_female.png,row024_col09_female.png,Female,White,Anime,Adult,Female\White_Anime\Adult
E:\aninovel\input_images\row024_col11_female.png,row024_col11_female.png,Female,White,Anime,Adult,Female\White_Anime\Adult
E:\aninovel\input_images\row024_col14_female.png,row024_col14_female.png,Female,White,Anime,Adult,Female\White_Anime\Adult
E:\aninovel\input_images\row024_col19_female.png,row024_col19_female.png,Female,White,Anime,Adult,Female\White_Anime\Adult
E:\aninovel\input_images\row032_col01_female.png,row032_col01_female.png,Female,White,Anime,Adult,Female\White_Anime\Adult
E:\aninovel\input_images\row032_col05_female.png,row032_col05_female.png,Female,White,Anime,Adult,Female\White_Anime\Adult
E:\aninovel\input_images\row032_col09_female.png,row032_col09_female.png,Female,White,Anime,Adult,Female\White_Anime\Adult
E:\aninovel\input_images\row032_col10_female.png,row032_col10_female.png,Female,White,Anime,Adult,Female\White_Anime\Adult
E:\aninovel\input_images\row032_col12_female.png,row032_col12_female.png,Female,White,Anime,Adult,Female\White_Anime\Adult
E:\aninovel\input_images\row032_col14_female.png,row032_col14_female.png,Female,White,Anime,Adult,Female\White_Anime\Adult
E:\aninovel\input_images\row032_col17_female.png,row032_col17_female.png,Female,White,Anime,Adult,Female\White_Anime\Adult
E:\aninovel\input_images\row034_col02_female.png,row034_col02_female.png,Female,White,Anime,Adult,Female\White_Anime\Adult
E:\aninovel\input_images\row034_col05_female.png,row034_col05_female.png,Female,White,Anime,Adult,Female\White_Anime\Adult
E:\aninovel\input_images\row034_col06_female.png,row034_col06_female.png,Female,White,Anime,Adult,Female\White_Anime\Adult
E:\aninovel\input_images\row034_col10_female.png,row034_col10_female.png,Female,White,Anime,Adult,Female\White_Anime\Adult
E:\aninovel\input_images\row034_col11_female.png,row034_col11_female.png,Female,White,Anime,Adult,Female\White_Anime\Adult
E:\aninovel\input_images\row034_col12_female.png,row034_col12_female.png,Female,White,Anime,Adult,Female\White_Anime\Adult
E:\aninovel\input_images\row034_col17_female.png,row034_col17_female.png,Female,White,Anime,Adult,Female\White_Anime\Adult
E:\aninovel\input_images\row034_col18_female.png,row034_col18_female.png,Female,White,Anime,Adult,Female\White_Anime\Adult
E:\aninovel\input_images\row034_col19_female.png,row034_col19_female.png,Female,White,Anime,Adult,Female\White_Anime\Adult
E:\aninovel\input_images\row034_col20_female.png,row034_col20_female.png,Female,White,Anime,Adult,Female\White_Anime\Adult
E:\aninovel\input_images\row042_col01_female.png,row042_col01_female.png,Female,White,Anime,Adult,Female\White_Anime\Adult
E:\aninovel\input_images\row042_col03_female.png,row042_col03_female.png,Female,White,Anime,Adult,Female\White_Anime\Adult
E:\aninovel\input_images\row042_col11_female.png,row042_col11_female.png,Female,White,Anime,Adult,Female\White_Anime\Adult
E:\aninovel\input_images\row042_col15_female.png,row042_col15_female.png,Female,White,Anime,Adult,Female\White_Anime\Adult
E:\aninovel\input_images\row042_col17_female.png,row042_col17_female.png,Female,White,Anime,Adult,Female\White_Anime\Adult
E:\aninovel\input_images\row044_col01_female.png,row044_col01_female.png,Female,White,Anime,Adult,Female\White_Anime\Adult
E:\aninovel\input_images\row044_col04_female.png,row044_col04_female.png,Female,White,Anime,Adult,Female\White_Anime\Adult
E:\aninovel\input_images\row044_col06_female.png,row044_col06_female.png,Female,White,Anime,Adult,Female\White_Anime\Adult
E:\aninovel\input_images\row044_col07_female.png,row044_col07_female.png,Female,White,Anime,Adult,Female\White_Anime\Adult
E:\aninovel\input_images\row044_col10_female.png,row044_col10_female.png,Female,White,Anime,Adult,Female\White_Anime\Adult
E:\aninovel\input_images\row044_col12_female.png,row044_col12_female.png,Female,White,Anime,Adult,Female\White_Anime\Adult
E:\aninovel\input_images\row044_col17_female.png,row044_col17_female.png,Female,White,Anime,Adult,Female\White_Anime\Adult
E:\aninovel\input_images\row052_col01_female.png,row052_col01_female.png,Female,White,Anime,Adult,Female\White_Anime\Adult
E:\aninovel\input_images\row052_col05_female.png,row052_col05_female.png,Female,White,Anime,Adult,Female\White_Anime\Adult
E:\aninovel\input_images\row052_col13_female.png,row052_col13_female.png,Female,White,Anime,Adult,Female\White_Anime\Adult
E:\aninovel\input_images\row054_col03_female.png,row054_col03_female.png,Female,White,Anime,Adult,Female\White_Anime\Adult
E:\aninovel\input_images\row054_col04_female.png,row054_col04_female.png,Female,White,Anime,Adult,Female\White_Anime\Adult
E:\aninovel\input_images\row054_col07_female.png,row054_col07_female.png,Female,White,Anime,Adult,Female\White_Anime\Adult
E:\aninovel\input_images\row054_col12_female.png,row054_col12_female.png,Female,White,Anime,Adult,Female\White_Anime\Adult
E:\aninovel\input_images\row054_col15_female.png,row054_col15_female.png,Female,White,Anime,Adult,Female\White_Anime\Adult
E:\aninovel\input_images\row054_col16_female.png,row054_col16_female.png,Female,White,Anime,Adult,Female\White_Anime\Adult
E:\aninovel\input_images\row054_col17_female.png,row054_col17_female.png,Female,White,Anime,Adult,Female\White_Anime\Adult
E:\aninovel\input_images\row054_col18_female.png,row054_col18_female.png,Female,White,Anime,Adult,Female\White_Anime\Adult
E:\aninovel\input_images\row054_col20_female.png,row054_col20_female.png,Female,White,Anime,Adult,Female\White_Anime\Adult
E:\aninovel\input_images\row062_col19_female.png,row062_col19_female.png,Female,White,Anime,Adult,Female\White_Anime\Adult
E:\aninovel\input_images\row064_col02_female.png,row064_col02_female.png,Female,White,Anime,Adult,Female\White_Anime\Adult
E:\aninovel\input_images\row064_col18_female.png,row064_col18_female.png,Female,White,Anime,Adult,Female\White_Anime\Adult
E:\aninovel\input_images\row084_col09_female.png,row084_col09_female.png,Female,White,Anime,Adult,Female\White_Anime\Adult
E:\aninovel\input_images\row084_col15_female.png,row084_col15_female.png,Female,White,Anime,Adult,Female\White_Anime\Adult
E:\aninovel\input_images\row092_col10_female.png,row092_col10_female.png,Female,White,Anime,Adult,Female\White_Anime\Adult
E:\aninovel\input_images\row092_col15_female.png,row092_col15_female.png,Female,White,Anime,Adult,Female\White_Anime\Adult
E:\aninovel\input_images\row092_col17_female.png,row092_col17_female.png,Female,White,Anime,Adult,Female\White_Anime\Adult
E:\aninovel\input_images\row092_col19_female.png,row092_col19_female.png,Female,White,Anime,Adult,Female\White_Anime\Adult
E:\aninovel\input_images\row092_col20_female.png,row092_col20_female.png,Female,White,Anime,Adult,Female\White_Anime\Adult
E:\aninovel\input_images\row094_col03_female.png,row094_col03_female.png,Female,White,Anime,Adult,Female\White_Anime\Adult
E:\aninovel\input_images\row094_col04_female.png,row094_col04_female.png,Female,White,Anime,Adult,Female\White_Anime\Adult
E:\aninovel\input_images\row094_col18_female.png,row094_col18_female.png,Female,White,Anime,Adult,Female\White_Anime\Adult
E:\aninovel\input_images\row002_col02_female.png,row002_col02_female.png,Female,White,RetroManga,Adult,Female\White_RetroManga\Adult
E:\aninovel\input_images\row002_col08_female.png,row002_col08_female.png,Female,White,RetroManga,Adult,Female\White_RetroManga\Adult
E:\aninovel\input_images\row002_col09_female.png,row002_col09_female.png,Female,White,RetroManga,Adult,Female\White_RetroManga\Adult
E:\aninovel\input_images\row002_col11_female.png,row002_col11_female.png,Female,White,RetroManga,Adult,Female\White_RetroManga\Adult
E:\aninovel\input_images\row002_col14_female.png,row002_col14_female.png,Female,White,RetroManga,Adult,Female\White_RetroManga\Adult
E:\aninovel\input_images\row002_col18_female.png,row002_col18_female.png,Female,White,RetroManga,Adult,Female\White_RetroManga\Adult
E:\aninovel\input_images\row008_col04_female.png,row008_col04_female.png,Female,White,RetroManga,Adult,Female\White_RetroManga\Adult
E:\aninovel\input_images\row012_col03_female.png,row012_col03_female.png,Female,White,RetroManga,Adult,Female\White_RetroManga\Adult
E:\aninovel\input_images\row012_col04_female.png,row012_col04_female.png,Female,White,RetroManga,Adult,Female\White_RetroManga\Adult
E:\aninovel\input_images\row012_col05_female.png,row012_col05_female.png,Female,White,RetroManga,Adult,Female\White_RetroManga\Adult
E:\aninovel\input_images\row012_col11_female.png,row012_col11_female.png,Female,White,RetroManga,Adult,Female\White_RetroManga\Adult
E:\aninovel\input_images\row012_col13_female.png,row012_col13_female.png,Female,White,RetroManga,Adult,Female\White_RetroManga\Adult
E:\aninovel\input_images\row012_col14_female.png,row012_col14_female.png,Female,White,RetroManga,Adult,Female\White_RetroManga\Adult
E:\aninovel\input_images\row012_col15_female.png,row012_col15_female.png,Female,White,RetroManga,Adult,Female\White_RetroManga\Adult
E:\aninovel\input_images\row012_col16_female.png,row012_col16_female.png,Female,White,RetroManga,Adult,Female\White_RetroManga\Adult
E:\aninovel\input_images\row012_col19_female.png,row012_col19_female.png,Female,White,RetroManga,Adult,Female\White_RetroManga\Adult
E:\aninovel\input_images\row018_col04_female.png,row018_col04_female.png,Female,White,RetroManga,Adult,Female\White_RetroManga\Adult
E:\aninovel\input_images\row022_col01_female.png,row022_col01_female.png,Female,White,RetroManga,Adult,Female\White_RetroManga\Adult
E:\aninovel\input_images\row022_col04_female.png,row022_col04_female.png,Female,White,RetroManga,Adult,Female\White_RetroManga\Adult
E:\aninovel\input_images\row022_col06_female.png,row022_col06_female.png,Female,White,RetroManga,Adult,Female\White_RetroManga\Adult
E:\aninovel\input_images\row022_col08_female.png,row022_col08_female.png,Female,White,RetroManga,Adult,Female\White_RetroManga\Adult
E:\aninovel\input_images\row022_col09_female.png,row022_col09_female.png,Female,White,RetroManga,Adult,Female\White_RetroManga\Adult
E:\aninovel\input_images\row022_col14_female.png,row022_col14_female.png,Female,White,RetroManga,Adult,Female\White_RetroManga\Adult
E:\aninovel\input_images\row022_col15_female.png,row022_col15_female.png,Female,White,RetroManga,Adult,Female\White_RetroManga\Adult
E:\aninovel\input_images\row032_col13_female.png,row032_col13_female.png,Female,White,RetroManga,Adult,Female\White_RetroManga\Adult
E:\aninovel\input_images\row032_col18_female.png,row032_col18_female.png,Female,White,RetroManga,Adult,Female\White_RetroManga\Adult
E:\aninovel\input_images\row032_col19_female.png,row032_col19_female.png,Female,White,RetroManga,Adult,Female\White_RetroManga\Adult
E:\aninovel\input_images\row042_col04_female.png,row042_col04_female.png,Female,White,RetroManga,Adult,Female\White_RetroManga\Adult
E:\aninovel\input_images\row042_col05_female.png,row042_col05_female.png,Female,White,RetroManga,Adult,Female\White_RetroManga\Adult
E:\aninovel\input_images\row042_col06_female.png,row042_col06_female.png,Female,White,RetroManga,Adult,Female\White_RetroManga\Adult
E:\aninovel\input_images\row042_col10_female.png,row042_col10_female.png,Female,White,RetroManga,Adult,Female\White_RetroManga\Adult
E:\aninovel\input_images\row042_col13_female.png,row042_col13_female.png,Female,White,RetroManga,Adult,Female\White_RetroManga\Adult
E:\aninovel\input_images\row042_col19_female.png,row042_col19_female.png,Female,White,RetroManga,Adult,Female\White_RetroManga\Adult
E:\aninovel\input_images\row044_col18_female.png,row044_col18_female.png,Female,White,RetroManga,Adult,Female\White_RetroManga\Adult
E:\aninovel\input_images\row052_col04_female.png,row052_col04_female.png,Female,White,RetroManga,Adult,Female\White_RetroManga\Adult
E:\aninovel\input_images\row052_col09_female.png,row052_col09_female.png,Female,White,RetroManga,Adult,Female\White_RetroManga\Adult
E:\aninovel\input_images\row052_col11_female.png,row052_col11_female.png,Female,White,RetroManga,Adult,Female\White_RetroManga\Adult
E:\aninovel\input_images\row052_col14_female.png,row052_col14_female.png,Female,White,RetroManga,Adult,Female\White_RetroManga\Adult
E:\aninovel\input_images\row052_col18_female.png,row052_col18_female.png,Female,White,RetroManga,Adult,Female\White_RetroManga\Adult
E:\aninovel\input_images\row054_col02_female.png,row054_col02_female.png,Female,White,RetroManga,Adult,Female\White_RetroManga\Adult
E:\aninovel\input_images\row054_col13_female.png,row054_col13_female.png,Female,White,RetroManga,Adult,Female\White_RetroManga\Adult
E:\aninovel\input_images\row058_col02_female.png,row058_col02_female.png,Female,White,RetroManga,Adult,Female\White_RetroManga\Adult
E:\aninovel\input_images\row062_col09_female.png,row062_col09_female.png,Female,White,RetroManga,Adult,Female\White_RetroManga\Adult
E:\aninovel\input_images\row062_col14_female.png,row062_col14_female.png,Female,White,RetroManga,Adult,Female\White_RetroManga\Adult
E:\aninovel\input_images\row062_col20_female.png,row062_col20_female.png,Female,White,RetroManga,Adult,Female\White_RetroManga\Adult
E:\aninovel\input_images\row082_col02_female.png,row082_col02_female.png,Female,White,RetroManga,Adult,Female\White_RetroManga\Adult
E:\aninovel\input_images\row082_col04_female.png,row082_col04_female.png,Female,White,RetroManga,Adult,Female\White_RetroManga\Adult
E:\aninovel\input_images\row082_col05_female.png,row082_col05_female.png,Female,White,RetroManga,Adult,Female\White_RetroManga\Adult
E:\aninovel\input_images\row082_col10_female.png,row082_col10_female.png,Female,White,RetroManga,Adult,Female\White_RetroManga\Adult
E:\aninovel\input_images\row082_col11_female.png,row082_col11_female.png,Female,White,RetroManga,Adult,Female\White_RetroManga\Adult
E:\aninovel\input_images\row084_col02_female.png,row084_col02_female.png,Female,White,RetroManga,Adult,Female\White_RetroManga\Adult
E:\aninovel\input_images\row084_col07_female.png,row084_col07_female.png,Female,White,RetroManga,Adult,Female\White_RetroManga\Adult
E:\aninovel\input_images\row084_col18_female.png,row084_col18_female.png,Female,White,RetroManga,Adult,Female\White_RetroManga\Adult
E:\aninovel\input_images\row092_col04_female.png,row092_col04_female.png,Female,White,RetroManga,Adult,Female\White_RetroManga\Adult
E:\aninovel\input_images\row002_col03_female.png,row002_col03_female.png,Female,Asian,RetroManga,Adult,Female\Asian_RetroManga\Adult
E:\aninovel\input_images\row002_col04_female.png,row002_col04_female.png,Female,Asian,RetroManga,Adult,Female\Asian_RetroManga\Adult
E:\aninovel\input_images\row002_col06_female.png,row002_col06_female.png,Female,Asian,RetroManga,Adult,Female\Asian_RetroManga\Adult
E:\aninovel\input_images\row002_col16_female.png,row002_col16_female.png,Female,Asian,RetroManga,Adult,Female\Asian_RetroManga\Adult
E:\aninovel\input_images\row012_col06_female.png,row012_col06_female.png,Female,Asian,RetroManga,Adult,Female\Asian_RetroManga\Adult
E:\aninovel\input_images\row022_col02_female.png,row022_col02_female.png,Female,Asian,RetroManga,Adult,Female\Asian_RetroManga\Adult
E:\aninovel\input_images\row042_col18_female.png,row042_col18_female.png,Female,Asian,RetroManga,Adult,Female\Asian_RetroManga\Adult
E:\aninovel\input_images\row062_col04_female.png,row062_col04_female.png,Female,Asian,RetroManga,Adult,Female\Asian_RetroManga\Adult
E:\aninovel\input_images\row092_col11_female.png,row092_col11_female.png,Female,Asian,RetroManga,Adult,Female\Asian_RetroManga\Adult
E:\aninovel\input_images\row092_col18_female.png,row092_col18_female.png,Female,Asian,RetroManga,Adult,Female\Asian_RetroManga\Adult
E:\aninovel\input_images\row094_col11_female.png,row094_col11_female.png,Female,Asian,RetroManga,Adult,Female\Asian_RetroManga\Adult
E:\aninovel\input_images\row002_col05_female.png,row002_col05_female.png,Female,White,RetroManga,Teen,Female\White_RetroManga\Teen
E:\aninovel\input_images\row002_col07_female.png,row002_col07_female.png,Female,White,Pastel,YoungAdult,Female\White_Pastel\YoungAdult
E:\aninovel\input_images\row010_col12_female.png,row010_col12_female.png,Female,White,Pastel,YoungAdult,Female\White_Pastel\YoungAdult
E:\aninovel\input_images\row020_col01_female.png,row020_col01_female.png,Female,White,Pastel,YoungAdult,Female\White_Pastel\YoungAdult
E:\aninovel\input_images\row020_col13_female.png,row020_col13_female.png,Female,White,Pastel,YoungAdult,Female\White_Pastel\YoungAdult
E:\aninovel\input_images\row020_col17_female.png,row020_col17_female.png,Female,White,Pastel,YoungAdult,Female\White_Pastel\YoungAdult
E:\aninovel\input_images\row030_col06_female.png,row030_col06_female.png,Female,White,Pastel,YoungAdult,Female\White_Pastel\YoungAdult
E:\aninovel\input_images\row030_col10_female.png,row030_col10_female.png,Female,White,Pastel,YoungAdult,Female\White_Pastel\YoungAdult
E:\aninovel\input_images\row040_col19_female.png,row040_col19_female.png,Female,White,Pastel,YoungAdult,Female\White_Pastel\YoungAdult
E:\aninovel\input_images\row002_col10_female.png,row002_col10_female.png,Female,White,Anime,YoungAdult,Female\White_Anime\YoungAdult
E:\aninovel\input_images\row004_col05_female.png,row004_col05_female.png,Female,White,Anime,YoungAdult,Female\White_Anime\YoungAdult
E:\aninovel\input_images\row004_col07_female.png,row004_col07_female.png,Female,White,Anime,YoungAdult,Female\White_Anime\YoungAdult
E:\aninovel\input_images\row004_col09_female.png,row004_col09_female.png,Female,White,Anime,YoungAdult,Female\White_Anime\YoungAdult
E:\aninovel\input_images\row004_col11_female.png,row004_col11_female.png,Female,White,Anime,YoungAdult,Female\White_Anime\YoungAdult
E:\aninovel\input_images\row004_col17_female.png,row004_col17_female.png,Female,White,Anime,YoungAdult,Female\White_Anime\YoungAdult
E:\aninovel\input_images\row004_col18_female.png,row004_col18_female.png,Female,White,Anime,YoungAdult,Female\White_Anime\YoungAdult
E:\aninovel\input_images\row012_col01_female.png,row012_col01_female.png,Female,White,Anime,YoungAdult,Female\White_Anime\YoungAdult
E:\aninovel\input_images\row012_col02_female.png,row012_col02_female.png,Female,White,Anime,YoungAdult,Female\White_Anime\YoungAdult
E:\aninovel\input_images\row014_col01_female.png,row014_col01_female.png,Female,White,Anime,YoungAdult,Female\White_Anime\YoungAdult
E:\aninovel\input_images\row014_col02_female.png,row014_col02_female.png,Female,White,Anime,YoungAdult,Female\White_Anime\YoungAdult
E:\aninovel\input_images\row014_col07_female.png,row014_col07_female.png,Female,White,Anime,YoungAdult,Female\White_Anime\YoungAdult
E:\aninovel\input_images\row014_col11_female.png,row014_col11_female.png,Female,White,Anime,YoungAdult,Female\White_Anime\YoungAdult
E:\aninovel\input_images\row014_col13_female.png,row014_col13_female.png,Female,White,Anime,YoungAdult,Female\White_Anime\YoungAdult
E:\aninovel\input_images\row014_col20_female.png,row014_col20_female.png,Female,White,Anime,YoungAdult,Female\White_Anime\YoungAdult
E:\aninovel\input_images\row022_col07_female.png,row022_col07_female.png,Female,White,Anime,YoungAdult,Female\White_Anime\YoungAdult
E:\aninovel\input_images\row022_col16_female.png,row022_col16_female.png,Female,White,Anime,YoungAdult,Female\White_Anime\YoungAdult
E:\aninovel\input_images\row024_col07_female.png,row024_col07_female.png,Female,White,Anime,YoungAdult,Female\White_Anime\YoungAdult
E:\aninovel\input_images\row024_col08_female.png,row024_col08_female.png,Female,White,Anime,YoungAdult,Female\White_Anime\YoungAdult
E:\aninovel\input_images\row024_col15_female.png,row024_col15_female.png,Female,White,Anime,YoungAdult,Female\White_Anime\YoungAdult
E:\aninovel\input_images\row024_col16_female.png,row024_col16_female.png,Female,White,Anime,YoungAdult,Female\White_Anime\YoungAdult
E:\aninovel\input_images\row024_col17_female.png,row024_col17_female.png,Female,White,Anime,YoungAdult,Female\White_Anime\YoungAdult
E:\aninovel\input_images\row024_col20_female.png,row024_col20_female.png,Female,White,Anime,YoungAdult,Female\White_Anime\YoungAdult
E:\aninovel\input_images\row028_col17_female.png,row028_col17_female.png,Female,White,Anime,YoungAdult,Female\White_Anime\YoungAdult
E:\aninovel\input_images\row032_col03_female.png,row032_col03_female.png,Female,White,Anime,YoungAdult,Female\White_Anime\YoungAdult
E:\aninovel\input_images\row032_col07_female.png,row032_col07_female.png,Female,White,Anime,YoungAdult,Female\White_Anime\YoungAdult
E:\aninovel\input_images\row034_col01_female.png,row034_col01_female.png,Female,White,Anime,YoungAdult,Female\White_Anime\YoungAdult
E:\aninovel\input_images\row034_col03_female.png,row034_col03_female.png,Female,White,Anime,YoungAdult,Female\White_Anime\YoungAdult
E:\aninovel\input_images\row034_col04_female.png,row034_col04_female.png,Female,White,Anime,YoungAdult,Female\White_Anime\YoungAdult
E:\aninovel\input_images\row034_col07_female.png,row034_col07_female.png,Female,White,Anime,YoungAdult,Female\White_Anime\YoungAdult
E:\aninovel\input_images\row034_col09_female.png,row034_col09_female.png,Female,White,Anime,YoungAdult,Female\White_Anime\YoungAdult
E:\aninovel\input_images\row034_col13_female.png,row034_col13_female.png,Female,White,Anime,YoungAdult,Female\White_Anime\YoungAdult
E:\aninovel\input_images\row034_col15_female.png,row034_col15_female.png,Female,White,Anime,YoungAdult,Female\White_Anime\YoungAdult
E:\aninovel\input_images\row034_col16_female.png,row034_col16_female.png,Female,White,Anime,YoungAdult,Female\White_Anime\YoungAdult
E:\aninovel\input_images\row042_col02_female.png,row042_col02_female.png,Female,White,Anime,YoungAdult,Female\White_Anime\YoungAdult
E:\aninovel\input_images\row044_col02_female.png,row044_col02_female.png,Female,White,Anime,YoungAdult,Female\White_Anime\YoungAdult
E:\aninovel\input_images\row044_col03_female.png,row044_col03_female.png,Female,White,Anime,YoungAdult,Female\White_Anime\YoungAdult
E:\aninovel\input_images\row044_col05_female.png,row044_col05_female.png,Female,White,Anime,YoungAdult,Female\White_Anime\YoungAdult
E:\aninovel\input_images\row044_col08_female.png,row044_col08_female.png,Female,White,Anime,YoungAdult,Female\White_Anime\YoungAdult
E:\aninovel\input_images\row044_col13_female.png,row044_col13_female.png,Female,White,Anime,YoungAdult,Female\White_Anime\YoungAdult
E:\aninovel\input_images\row044_col14_female.png,row044_col14_female.png,Female,White,Anime,YoungAdult,Female\White_Anime\YoungAdult
E:\aninovel\input_images\row044_col15_female.png,row044_col15_female.png,Female,White,Anime,YoungAdult,Female\White_Anime\YoungAdult
E:\aninovel\input_images\row044_col16_female.png,row044_col16_female.png,Female,White,Anime,YoungAdult,Female\White_Anime\YoungAdult
E:\aninovel\input_images\row044_col19_female.png,row044_col19_female.png,Female,White,Anime,YoungAdult,Female\White_Anime\YoungAdult
E:\aninovel\input_images\row044_col20_female.png,row044_col20_female.png,Female,White,Anime,YoungAdult,Female\White_Anime\YoungAdult
E:\aninovel\input_images\row054_col01_female.png,row054_col01_female.png,Female,White,Anime,YoungAdult,Female\White_Anime\YoungAdult
E:\aninovel\input_images\row054_col05_female.png,row054_col05_female.png,Female,White,Anime,YoungAdult,Female\White_Anime\YoungAdult
E:\aninovel\input_images\row054_col09_female.png,row054_col09_female.png,Female,White,Anime,YoungAdult,Female\White_Anime\YoungAdult
E:\aninovel\input_images\row054_col10_female.png,row054_col10_female.png,Female,White,Anime,YoungAdult,Female\White_Anime\YoungAdult
E:\aninovel\input_images\row054_col19_female.png,row054_col19_female.png,Female,White,Anime,YoungAdult,Female\White_Anime\YoungAdult
E:\aninovel\input_images\row082_col03_female.png,row082_col03_female.png,Female,White,Anime,YoungAdult,Female\White_Anime\YoungAdult
E:\aninovel\input_images\row082_col06_female.png,row082_col06_female.png,Female,White,Anime,YoungAdult,Female\White_Anime\YoungAdult
E:\aninovel\input_images\row082_col12_female.png,row082_col12_female.png,Female,White,Anime,YoungAdult,Female\White_Anime\YoungAdult
E:\aninovel\input_images\row082_col17_female.png,row082_col17_female.png,Female,White,Anime,YoungAdult,Female\White_Anime\YoungAdult
E:\aninovel\input_images\row082_col20_female.png,row082_col20_female.png,Female,White,Anime,YoungAdult,Female\White_Anime\YoungAdult
E:\aninovel\input_images\row084_col01_female.png,row084_col01_female.png,Female,White,Anime,YoungAdult,Female\White_Anime\YoungAdult
E:\aninovel\input_images\row084_col03_female.png,row084_col03_female.png,Female,White,Anime,YoungAdult,Female\White_Anime\YoungAdult
E:\aninovel\input_images\row084_col04_female.png,row084_col04_female.png,Female,White,Anime,YoungAdult,Female\White_Anime\YoungAdult
E:\aninovel\input_images\row084_col05_female.png,row084_col05_female.png,Female,White,Anime,YoungAdult,Female\White_Anime\YoungAdult
E:\aninovel\input_images\row084_col08_female.png,row084_col08_female.png,Female,White,Anime,YoungAdult,Female\White_Anime\YoungAdult
E:\aninovel\input_images\row084_col10_female.png,row084_col10_female.png,Female,White,Anime,YoungAdult,Female\White_Anime\YoungAdult
E:\aninovel\input_images\row084_col11_female.png,row084_col11_female.png,Female,White,Anime,YoungAdult,Female\White_Anime\YoungAdult
E:\aninovel\input_images\row084_col12_female.png,row084_col12_female.png,Female,White,Anime,YoungAdult,Female\White_Anime\YoungAdult
E:\aninovel\input_images\row084_col13_female.png,row084_col13_female.png,Female,White,Anime,YoungAdult,Female\White_Anime\YoungAdult
E:\aninovel\input_images\row084_col16_female.png,row084_col16_female.png,Female,White,Anime,YoungAdult,Female\White_Anime\YoungAdult
E:\aninovel\input_images\row084_col19_female.png,row084_col19_female.png,Female,White,Anime,YoungAdult,Female\White_Anime\YoungAdult
E:\aninovel\input_images\row084_col20_female.png,row084_col20_female.png,Female,White,Anime,YoungAdult,Female\White_Anime\YoungAdult
E:\aninovel\input_images\row092_col05_female.png,row092_col05_female.png,Female,White,Anime,YoungAdult,Female\White_Anime\YoungAdult
E:\aninovel\input_images\row092_col12_female.png,row092_col12_female.png,Female,White,Anime,YoungAdult,Female\White_Anime\YoungAdult
E:\aninovel\input_images\row092_col14_female.png,row092_col14_female.png,Female,White,Anime,YoungAdult,Female\White_Anime\YoungAdult
E:\aninovel\input_images\row094_col07_female.png,row094_col07_female.png,Female,White,Anime,YoungAdult,Female\White_Anime\YoungAdult
E:\aninovel\input_images\row094_col16_female.png,row094_col16_female.png,Female,White,Anime,YoungAdult,Female\White_Anime\YoungAdult
E:\aninovel\input_images\row098_col10_female.png,row098_col10_female.png,Female,White,Anime,YoungAdult,Female\White_Anime\YoungAdult
E:\aninovel\input_images\row098_col15_female.png,row098_col15_female.png,Female,White,Anime,YoungAdult,Female\White_Anime\YoungAdult
E:\aninovel\input_images\row002_col12_female.png,row002_col12_female.png,Female,White,RetroManga,YoungAdult,Female\White_RetroManga\YoungAdult
E:\aninovel\input_images\row002_col13_female.png,row002_col13_female.png,Female,White,RetroManga,YoungAdult,Female\White_RetroManga\YoungAdult
E:\aninovel\input_images\row002_col19_female.png,row002_col19_female.png,Female,White,RetroManga,YoungAdult,Female\White_RetroManga\YoungAdult
E:\aninovel\input_images\row002_col20_female.png,row002_col20_female.png,Female,White,RetroManga,YoungAdult,Female\White_RetroManga\YoungAdult
E:\aninovel\input_images\row018_col02_female.png,row018_col02_female.png,Female,White,RetroManga,YoungAdult,Female\White_RetroManga\YoungAdult
E:\aninovel\input_images\row018_col07_female.png,row018_col07_female.png,Female,White,RetroManga,YoungAdult,Female\White_RetroManga\YoungAdult
E:\aninovel\input_images\row018_col08_female.png,row018_col08_female.png,Female,White,RetroManga,YoungAdult,Female\White_RetroManga\YoungAdult
E:\aninovel\input_images\row018_col09_female.png,row018_col09_female.png,Female,White,RetroManga,YoungAdult,Female\White_RetroManga\YoungAdult
E:\aninovel\input_images\row018_col11_female.png,row018_col11_female.png,Female,White,RetroManga,YoungAdult,Female\White_RetroManga\YoungAdult
E:\aninovel\input_images\row018_col12_female.png,row018_col12_female.png,Female,White,RetroManga,YoungAdult,Female\White_RetroManga\YoungAdult
E:\aninovel\input_images\row018_col13_female.png,row018_col13_female.png,Female,White,RetroManga,YoungAdult,Female\White_RetroManga\YoungAdult
E:\aninovel\input_images\row018_col18_female.png,row018_col18_female.png,Female,White,RetroManga,YoungAdult,Female\White_RetroManga\YoungAdult
E:\aninovel\input_images\row022_col18_female.png,row022_col18_female.png,Female,White,RetroManga,YoungAdult,Female\White_RetroManga\YoungAdult
E:\aninovel\input_images\row022_col20_female.png,row022_col20_female.png,Female,White,RetroManga,YoungAdult,Female\White_RetroManga\YoungAdult
E:\aninovel\input_images\row028_col04_female.png,row028_col04_female.png,Female,White,RetroManga,YoungAdult,Female\White_RetroManga\YoungAdult
E:\aninovel\input_images\row028_col12_female.png,row028_col12_female.png,Female,White,RetroManga,YoungAdult,Female\White_RetroManga\YoungAdult
E:\aninovel\input_images\row028_col14_female.png,row028_col14_female.png,Female,White,RetroManga,YoungAdult,Female\White_RetroManga\YoungAdult
E:\aninovel\input_images\row028_col19_female.png,row028_col19_female.png,Female,White,RetroManga,YoungAdult,Female\White_RetroManga\YoungAdult
E:\aninovel\input_images\row032_col02_female.png,row032_col02_female.png,Female,White,RetroManga,YoungAdult,Female\White_RetroManga\YoungAdult
E:\aninovel\input_images\row032_col04_female.png,row032_col04_female.png,Female,White,RetroManga,YoungAdult,Female\White_RetroManga\YoungAdult
E:\aninovel\input_images\row032_col06_female.png,row032_col06_female.png,Female,White,RetroManga,YoungAdult,Female\White_RetroManga\YoungAdult
E:\aninovel\input_images\row032_col16_female.png,row032_col16_female.png,Female,White,RetroManga,YoungAdult,Female\White_RetroManga\YoungAdult
E:\aninovel\input_images\row032_col20_female.png,row032_col20_female.png,Female,White,RetroManga,YoungAdult,Female\White_RetroManga\YoungAdult
E:\aninovel\input_images\row038_col04_female.png,row038_col04_female.png,Female,White,RetroManga,YoungAdult,Female\White_RetroManga\YoungAdult
E:\aninovel\input_images\row038_col11_female.png,row038_col11_female.png,Female,White,RetroManga,YoungAdult,Female\White_RetroManga\YoungAdult
E:\aninovel\input_images\row042_col08_female.png,row042_col08_female.png,Female,White,RetroManga,YoungAdult,Female\White_RetroManga\YoungAdult
E:\aninovel\input_images\row042_col09_female.png,row042_col09_female.png,Female,White,RetroManga,YoungAdult,Female\White_RetroManga\YoungAdult
E:\aninovel\input_images\row042_col14_female.png,row042_col14_female.png,Female,White,RetroManga,YoungAdult,Female\White_RetroManga\YoungAdult
E:\aninovel\input_images\row042_col16_female.png,row042_col16_female.png,Female,White,RetroManga,YoungAdult,Female\White_RetroManga\YoungAdult
E:\aninovel\input_images\row042_col20_female.png,row042_col20_female.png,Female,White,RetroManga,YoungAdult,Female\White_RetroManga\YoungAdult
E:\aninovel\input_images\row048_col07_female.png,row048_col07_female.png,Female,White,RetroManga,YoungAdult,Female\White_RetroManga\YoungAdult
E:\aninovel\input_images\row048_col09_female.png,row048_col09_female.png,Female,White,RetroManga,YoungAdult,Female\White_RetroManga\YoungAdult
E:\aninovel\input_images\row048_col18_female.png,row048_col18_female.png,Female,White,RetroManga,YoungAdult,Female\White_RetroManga\YoungAdult
E:\aninovel\input_images\row052_col07_female.png,row052_col07_female.png,Female,White,RetroManga,YoungAdult,Female\White_RetroManga\YoungAdult
E:\aninovel\input_images\row052_col08_female.png,row052_col08_female.png,Female,White,RetroManga,YoungAdult,Female\White_RetroManga\YoungAdult
E:\aninovel\input_images\row052_col15_female.png,row052_col15_female.png,Female,White,RetroManga,YoungAdult,Female\White_RetroManga\YoungAdult
E:\aninovel\input_images\row052_col17_female.png,row052_col17_female.png,Female,White,RetroManga,YoungAdult,Female\White_RetroManga\YoungAdult
E:\aninovel\input_images\row052_col19_female.png,row052_col19_female.png,Female,White,RetroManga,YoungAdult,Female\White_RetroManga\YoungAdult
E:\aninovel\input_images\row052_col20_female.png,row052_col20_female.png,Female,White,RetroManga,YoungAdult,Female\White_RetroManga\YoungAdult
E:\aninovel\input_images\row058_col13_female.png,row058_col13_female.png,Female,White,RetroManga,YoungAdult,Female\White_RetroManga\YoungAdult
E:\aninovel\input_images\row062_col13_female.png,row062_col13_female.png,Female,White,RetroManga,YoungAdult,Female\White_RetroManga\YoungAdult
E:\aninovel\input_images\row082_col01_female.png,row082_col01_female.png,Female,White,RetroManga,YoungAdult,Female\White_RetroManga\YoungAdult
E:\aninovel\input_images\row082_col07_female.png,row082_col07_female.png,Female,White,RetroManga,YoungAdult,Female\White_RetroManga\YoungAdult
E:\aninovel\input_images\row082_col08_female.png,row082_col08_female.png,Female,White,RetroManga,YoungAdult,Female\White_RetroManga\YoungAdult
E:\aninovel\input_images\row082_col09_female.png,row082_col09_female.png,Female,White,RetroManga,YoungAdult,Female\White_RetroManga\YoungAdult
E:\aninovel\input_images\row082_col13_female.png,row082_col13_female.png,Female,White,RetroManga,YoungAdult,Female\White_RetroManga\YoungAdult
E:\aninovel\input_images\row082_col14_female.png,row082_col14_female.png,Female,White,RetroManga,YoungAdult,Female\White_RetroManga\YoungAdult
E:\aninovel\input_images\row082_col15_female.png,row082_col15_female.png,Female,White,RetroManga,YoungAdult,Female\White_RetroManga\YoungAdult
E:\aninovel\input_images\row082_col18_female.png,row082_col18_female.png,Female,White,RetroManga,YoungAdult,Female\White_RetroManga\YoungAdult
E:\aninovel\input_images\row082_col19_female.png,row082_col19_female.png,Female,White,RetroManga,YoungAdult,Female\White_RetroManga\YoungAdult
E:\aninovel\input_images\row088_col03_female.png,row088_col03_female.png,Female,White,RetroManga,YoungAdult,Female\White_RetroManga\YoungAdult
E:\aninovel\input_images\row094_col06_female.png,row094_col06_female.png,Female,White,RetroManga,YoungAdult,Female\White_RetroManga\YoungAdult
E:\aninovel\input_images\row098_col12_female.png,row098_col12_female.png,Female,White,RetroManga,YoungAdult,Female\White_RetroManga\YoungAdult
E:\aninovel\input_images\row098_col18_female.png,row098_col18_female.png,Female,White,RetroManga,YoungAdult,Female\White_RetroManga\YoungAdult
E:\aninovel\input_images\row002_col15_female.png,row002_col15_female.png,Female,White,Anime,Teen,Female\White_Anime\Teen
E:\aninovel\input_images\row004_col14_female.png,row004_col14_female.png,Female,White,Anime,Teen,Female\White_Anime\Teen
E:\aninovel\input_images\row022_col12_female.png,row022_col12_female.png,Female,White,Anime,Teen,Female\White_Anime\Teen
E:\aninovel\input_images\row002_col17_female.png,row002_col17_female.png,Female,White,Painterly,YoungAdult,Female\White_Painterly\YoungAdult
E:\aninovel\input_images\row006_col03_female.png,row006_col03_female.png,Female,White,Painterly,YoungAdult,Female\White_Painterly\YoungAdult
E:\aninovel\input_images\row006_col17_female.png,row006_col17_female.png,Female,White,Painterly,YoungAdult,Female\White_Painterly\YoungAdult
E:\aninovel\input_images\row006_col19_female.png,row006_col19_female.png,Female,White,Painterly,YoungAdult,Female\White_Painterly\YoungAdult
E:\aninovel\input_images\row008_col01_female.png,row008_col01_female.png,Female,White,Painterly,YoungAdult,Female\White_Painterly\YoungAdult
E:\aninovel\input_images\row008_col02_female.png,row008_col02_female.png,Female,White,Painterly,YoungAdult,Female\White_Painterly\YoungAdult
E:\aninovel\input_images\row008_col11_female.png,row008_col11_female.png,Female,White,Painterly,YoungAdult,Female\White_Painterly\YoungAdult
E:\aninovel\input_images\row008_col12_female.png,row008_col12_female.png,Female,White,Painterly,YoungAdult,Female\White_Painterly\YoungAdult
E:\aninovel\input_images\row008_col18_female.png,row008_col18_female.png,Female,White,Painterly,YoungAdult,Female\White_Painterly\YoungAdult
E:\aninovel\input_images\row010_col04_female.png,row010_col04_female.png,Female,White,Painterly,YoungAdult,Female\White_Painterly\YoungAdult
E:\aninovel\input_images\row010_col05_female.png,row010_col05_female.png,Female,White,Painterly,YoungAdult,Female\White_Painterly\YoungAdult
E:\aninovel\input_images\row010_col11_female.png,row010_col11_female.png,Female,White,Painterly,YoungAdult,Female\White_Painterly\YoungAdult
E:\aninovel\input_images\row010_col13_female.png,row010_col13_female.png,Female,White,Painterly,YoungAdult,Female\White_Painterly\YoungAdult
E:\aninovel\input_images\row010_col16_female.png,row010_col16_female.png,Female,White,Painterly,YoungAdult,Female\White_Painterly\YoungAdult
E:\aninovel\input_images\row010_col18_female.png,row010_col18_female.png,Female,White,Painterly,YoungAdult,Female\White_Painterly\YoungAdult
E:\aninovel\input_images\row010_col19_female.png,row010_col19_female.png,Female,White,Painterly,YoungAdult,Female\White_Painterly\YoungAdult
E:\aninovel\input_images\row016_col01_female.png,row016_col01_female.png,Female,White,Painterly,YoungAdult,Female\White_Painterly\YoungAdult
E:\aninovel\input_images\row016_col07_female.png,row016_col07_female.png,Female,White,Painterly,YoungAdult,Female\White_Painterly\YoungAdult
E:\aninovel\input_images\row016_col10_female.png,row016_col10_female.png,Female,White,Painterly,YoungAdult,Female\White_Painterly\YoungAdult
E:\aninovel\input_images\row016_col11_female.png,row016_col11_female.png,Female,White,Painterly,YoungAdult,Female\White_Painterly\YoungAdult
E:\aninovel\input_images\row016_col16_female.png,row016_col16_female.png,Female,White,Painterly,YoungAdult,Female\White_Painterly\YoungAdult
E:\aninovel\input_images\row016_col17_female.png,row016_col17_female.png,Female,White,Painterly,YoungAdult,Female\White_Painterly\YoungAdult
E:\aninovel\input_images\row018_col14_female.png,row018_col14_female.png,Female,White,Painterly,YoungAdult,Female\White_Painterly\YoungAdult
E:\aninovel\input_images\row018_col17_female.png,row018_col17_female.png,Female,White,Painterly,YoungAdult,Female\White_Painterly\YoungAdult
E:\aninovel\input_images\row018_col19_female.png,row018_col19_female.png,Female,White,Painterly,YoungAdult,Female\White_Painterly\YoungAdult
E:\aninovel\input_images\row018_col20_female.png,row018_col20_female.png,Female,White,Painterly,YoungAdult,Female\White_Painterly\YoungAdult
E:\aninovel\input_images\row020_col02_female.png,row020_col02_female.png,Female,White,Painterly,YoungAdult,Female\White_Painterly\YoungAdult
E:\aninovel\input_images\row020_col03_female.png,row020_col03_female.png,Female,White,Painterly,YoungAdult,Female\White_Painterly\YoungAdult
E:\aninovel\input_images\row020_col05_female.png,row020_col05_female.png,Female,White,Painterly,YoungAdult,Female\White_Painterly\YoungAdult
E:\aninovel\input_images\row020_col09_female.png,row020_col09_female.png,Female,White,Painterly,YoungAdult,Female\White_Painterly\YoungAdult
E:\aninovel\input_images\row020_col11_female.png,row020_col11_female.png,Female,White,Painterly,YoungAdult,Female\White_Painterly\YoungAdult
E:\aninovel\input_images\row020_col19_female.png,row020_col19_female.png,Female,White,Painterly,YoungAdult,Female\White_Painterly\YoungAdult
E:\aninovel\input_images\row020_col20_female.png,row020_col20_female.png,Female,White,Painterly,YoungAdult,Female\White_Painterly\YoungAdult
E:\aninovel\input_images\row026_col01_female.png,row026_col01_female.png,Female,White,Painterly,YoungAdult,Female\White_Painterly\YoungAdult
E:\aninovel\input_images\row026_col02_female.png,row026_col02_female.png,Female,White,Painterly,YoungAdult,Female\White_Painterly\YoungAdult
E:\aninovel\input_images\row026_col03_female.png,row026_col03_female.png,Female,White,Painterly,YoungAdult,Female\White_Painterly\YoungAdult
E:\aninovel\input_images\row026_col04_female.png,row026_col04_female.png,Female,White,Painterly,YoungAdult,Female\White_Painterly\YoungAdult
E:\aninovel\input_images\row026_col06_female.png,row026_col06_female.png,Female,White,Painterly,YoungAdult,Female\White_Painterly\YoungAdult
E:\aninovel\input_images\row026_col07_female.png,row026_col07_female.png,Female,White,Painterly,YoungAdult,Female\White_Painterly\YoungAdult
E:\aninovel\input_images\row026_col11_female.png,row026_col11_female.png,Female,White,Painterly,YoungAdult,Female\White_Painterly\YoungAdult
E:\aninovel\input_images\row026_col16_female.png,row026_col16_female.png,Female,White,Painterly,YoungAdult,Female\White_Painterly\YoungAdult
E:\aninovel\input_images\row026_col19_female.png,row026_col19_female.png,Female,White,Painterly,YoungAdult,Female\White_Painterly\YoungAdult
E:\aninovel\input_images\row028_col01_female.png,row028_col01_female.png,Female,White,Painterly,YoungAdult,Female\White_Painterly\YoungAdult
E:\aninovel\input_images\row028_col05_female.png,row028_col05_female.png,Female,White,Painterly,YoungAdult,Female\White_Painterly\YoungAdult
E:\aninovel\input_images\row028_col06_female.png,row028_col06_female.png,Female,White,Painterly,YoungAdult,Female\White_Painterly\YoungAdult
E:\aninovel\input_images\row028_col10_female.png,row028_col10_female.png,Female,White,Painterly,YoungAdult,Female\White_Painterly\YoungAdult
E:\aninovel\input_images\row028_col11_female.png,row028_col11_female.png,Female,White,Painterly,YoungAdult,Female\White_Painterly\YoungAdult
E:\aninovel\input_images\row028_col15_female.png,row028_col15_female.png,Female,White,Painterly,YoungAdult,Female\White_Painterly\YoungAdult
E:\aninovel\input_images\row028_col18_female.png,row028_col18_female.png,Female,White,Painterly,YoungAdult,Female\White_Painterly\YoungAdult
E:\aninovel\input_images\row030_col01_female.png,row030_col01_female.png,Female,White,Painterly,YoungAdult,Female\White_Painterly\YoungAdult
E:\aninovel\input_images\row030_col02_female.png,row030_col02_female.png,Female,White,Painterly,YoungAdult,Female\White_Painterly\YoungAdult
E:\aninovel\input_images\row030_col03_female.png,row030_col03_female.png,Female,White,Painterly,YoungAdult,Female\White_Painterly\YoungAdult
E:\aninovel\input_images\row030_col04_female.png,row030_col04_female.png,Female,White,Painterly,YoungAdult,Female\White_Painterly\YoungAdult
E:\aninovel\input_images\row030_col05_female.png,row030_col05_female.png,Female,White,Painterly,YoungAdult,Female\White_Painterly\YoungAdult
E:\aninovel\input_images\row030_col07_female.png,row030_col07_female.png,Female,White,Painterly,YoungAdult,Female\White_Painterly\YoungAdult
E:\aninovel\input_images\row030_col08_female.png,row030_col08_female.png,Female,White,Painterly,YoungAdult,Female\White_Painterly\YoungAdult
E:\aninovel\input_images\row030_col09_female.png,row030_col09_female.png,Female,White,Painterly,YoungAdult,Female\White_Painterly\YoungAdult
E:\aninovel\input_images\row030_col11_female.png,row030_col11_female.png,Female,White,Painterly,YoungAdult,Female\White_Painterly\YoungAdult
E:\aninovel\input_images\row030_col12_female.png,row030_col12_female.png,Female,White,Painterly,YoungAdult,Female\White_Painterly\YoungAdult
E:\aninovel\input_images\row030_col13_female.png,row030_col13_female.png,Female,White,Painterly,YoungAdult,Female\White_Painterly\YoungAdult
E:\aninovel\input_images\row030_col14_female.png,row030_col14_female.png,Female,White,Painterly,YoungAdult,Female\White_Painterly\YoungAdult
E:\aninovel\input_images\row030_col15_female.png,row030_col15_female.png,Female,White,Painterly,YoungAdult,Female\White_Painterly\YoungAdult
E:\aninovel\input_images\row030_col16_female.png,row030_col16_female.png,Female,White,Painterly,YoungAdult,Female\White_Painterly\YoungAdult
E:\aninovel\input_images\row030_col17_female.png,row030_col17_female.png,Female,White,Painterly,YoungAdult,Female\White_Painterly\YoungAdult
E:\aninovel\input_images\row030_col19_female.png,row030_col19_female.png,Female,White,Painterly,YoungAdult,Female\White_Painterly\YoungAdult
E:\aninovel\input_images\row030_col20_female.png,row030_col20_female.png,Female,White,Painterly,YoungAdult,Female\White_Painterly\YoungAdult
E:\aninovel\input_images\row036_col03_female.png,row036_col03_female.png,Female,White,Painterly,YoungAdult,Female\White_Painterly\YoungAdult
E:\aninovel\input_images\row036_col06_female.png,row036_col06_female.png,Female,White,Painterly,YoungAdult,Female\White_Painterly\YoungAdult
E:\aninovel\input_images\row036_col08_female.png,row036_col08_female.png,Female,White,Painterly,YoungAdult,Female\White_Painterly\YoungAdult
E:\aninovel\input_images\row036_col16_female.png,row036_col16_female.png,Female,White,Painterly,YoungAdult,Female\White_Painterly\YoungAdult
E:\aninovel\input_images\row036_col17_female.png,row036_col17_female.png,Female,White,Painterly,YoungAdult,Female\White_Painterly\YoungAdult
E:\aninovel\input_images\row038_col03_female.png,row038_col03_female.png,Female,White,Painterly,YoungAdult,Female\White_Painterly\YoungAdult
E:\aninovel\input_images\row038_col06_female.png,row038_col06_female.png,Female,White,Painterly,YoungAdult,Female\White_Painterly\YoungAdult
E:\aninovel\input_images\row038_col07_female.png,row038_col07_female.png,Female,White,Painterly,YoungAdult,Female\White_Painterly\YoungAdult
E:\aninovel\input_images\row038_col09_female.png,row038_col09_female.png,Female,White,Painterly,YoungAdult,Female\White_Painterly\YoungAdult
E:\aninovel\input_images\row038_col10_female.png,row038_col10_female.png,Female,White,Painterly,YoungAdult,Female\White_Painterly\YoungAdult
E:\aninovel\input_images\row038_col12_female.png,row038_col12_female.png,Female,White,Painterly,YoungAdult,Female\White_Painterly\YoungAdult
E:\aninovel\input_images\row038_col14_female.png,row038_col14_female.png,Female,White,Painterly,YoungAdult,Female\White_Painterly\YoungAdult
E:\aninovel\input_images\row038_col15_female.png,row038_col15_female.png,Female,White,Painterly,YoungAdult,Female\White_Painterly\YoungAdult
E:\aninovel\input_images\row038_col17_female.png,row038_col17_female.png,Female,White,Painterly,YoungAdult,Female\White_Painterly\YoungAdult
E:\aninovel\input_images\row038_col19_female.png,row038_col19_female.png,Female,White,Painterly,YoungAdult,Female\White_Painterly\YoungAdult
E:\aninovel\input_images\row038_col20_female.png,row038_col20_female.png,Female,White,Painterly,YoungAdult,Female\White_Painterly\YoungAdult
E:\aninovel\input_images\row040_col01_female.png,row040_col01_female.png,Female,White,Painterly,YoungAdult,Female\White_Painterly\YoungAdult
E:\aninovel\input_images\row040_col02_female.png,row040_col02_female.png,Female,White,Painterly,YoungAdult,Female\White_Painterly\YoungAdult
E:\aninovel\input_images\row040_col03_female.png,row040_col03_female.png,Female,White,Painterly,YoungAdult,Female\White_Painterly\YoungAdult
E:\aninovel\input_images\row040_col04_female.png,row040_col04_female.png,Female,White,Painterly,YoungAdult,Female\White_Painterly\YoungAdult
E:\aninovel\input_images\row040_col05_female.png,row040_col05_female.png,Female,White,Painterly,YoungAdult,Female\White_Painterly\YoungAdult
E:\aninovel\input_images\row040_col06_female.png,row040_col06_female.png,Female,White,Painterly,YoungAdult,Female\White_Painterly\YoungAdult
E:\aninovel\input_images\row040_col07_female.png,row040_col07_female.png,Female,White,Painterly,YoungAdult,Female\White_Painterly\YoungAdult
E:\aninovel\input_images\row040_col08_female.png,row040_col08_female.png,Female,White,Painterly,YoungAdult,Female\White_Painterly\YoungAdult
E:\aninovel\input_images\row040_col10_female.png,row040_col10_female.png,Female,White,Painterly,YoungAdult,Female\White_Painterly\YoungAdult
E:\aninovel\input_images\row040_col12_female.png,row040_col12_female.png,Female,White,Painterly,YoungAdult,Female\White_Painterly\YoungAdult
E:\aninovel\input_images\row040_col13_female.png,row040_col13_female.png,Female,White,Painterly,YoungAdult,Female\White_Painterly\YoungAdult
E:\aninovel\input_images\row040_col15_female.png,row040_col15_female.png,Female,White,Painterly,YoungAdult,Female\White_Painterly\YoungAdult
E:\aninovel\input_images\row040_col16_female.png,row040_col16_female.png,Female,White,Painterly,YoungAdult,Female\White_Painterly\YoungAdult
E:\aninovel\input_images\row040_col17_female.png,row040_col17_female.png,Female,White,Painterly,YoungAdult,Female\White_Painterly\YoungAdult
E:\aninovel\input_images\row040_col18_female.png,row040_col18_female.png,Female,White,Painterly,YoungAdult,Female\White_Painterly\YoungAdult
E:\aninovel\input_images\row046_col06_female.png,row046_col06_female.png,Female,White,Painterly,YoungAdult,Female\White_Painterly\YoungAdult
E:\aninovel\input_images\row046_col08_female.png,row046_col08_female.png,Female,White,Painterly,YoungAdult,Female\White_Painterly\YoungAdult
E:\aninovel\input_images\row046_col14_female.png,row046_col14_female.png,Female,White,Painterly,YoungAdult,Female\White_Painterly\YoungAdult
E:\aninovel\input_images\row046_col17_female.png,row046_col17_female.png,Female,White,Painterly,YoungAdult,Female\White_Painterly\YoungAdult
E:\aninovel\input_images\row048_col03_female.png,row048_col03_female.png,Female,White,Painterly,YoungAdult,Female\White_Painterly\YoungAdult
E:\aninovel\input_images\row048_col04_female.png,row048_col04_female.png,Female,White,Painterly,YoungAdult,Female\White_Painterly\YoungAdult
E:\aninovel\input_images\row048_col05_female.png,row048_col05_female.png,Female,White,Painterly,YoungAdult,Female\White_Painterly\YoungAdult
E:\aninovel\input_images\row048_col10_female.png,row048_col10_female.png,Female,White,Painterly,YoungAdult,Female\White_Painterly\YoungAdult
E:\aninovel\input_images\row048_col14_female.png,row048_col14_female.png,Female,White,Painterly,YoungAdult,Female\White_Painterly\YoungAdult
E:\aninovel\input_images\row048_col15_female.png,row048_col15_female.png,Female,White,Painterly,YoungAdult,Female\White_Painterly\YoungAdult
E:\aninovel\input_images\row048_col17_female.png,row048_col17_female.png,Female,White,Painterly,YoungAdult,Female\White_Painterly\YoungAdult
E:\aninovel\input_images\row048_col19_female.png,row048_col19_female.png,Female,White,Painterly,YoungAdult,Female\White_Painterly\YoungAdult
E:\aninovel\input_images\row048_col20_female.png,row048_col20_female.png,Female,White,Painterly,YoungAdult,Female\White_Painterly\YoungAdult
E:\aninovel\input_images\row050_col01_female.png,row050_col01_female.png,Female,White,Painterly,YoungAdult,Female\White_Painterly\YoungAdult
E:\aninovel\input_images\row050_col02_female.png,row050_col02_female.png,Female,White,Painterly,YoungAdult,Female\White_Painterly\YoungAdult
E:\aninovel\input_images\row050_col04_female.png,row050_col04_female.png,Female,White,Painterly,YoungAdult,Female\White_Painterly\YoungAdult
E:\aninovel\input_images\row050_col05_female.png,row050_col05_female.png,Female,White,Painterly,YoungAdult,Female\White_Painterly\YoungAdult
E:\aninovel\input_images\row050_col07_female.png,row050_col07_female.png,Female,White,Painterly,YoungAdult,Female\White_Painterly\YoungAdult
E:\aninovel\input_images\row050_col08_female.png,row050_col08_female.png,Female,White,Painterly,YoungAdult,Female\White_Painterly\YoungAdult
E:\aninovel\input_images\row050_col09_female.png,row050_col09_female.png,Female,White,Painterly,YoungAdult,Female\White_Painterly\YoungAdult
E:\aninovel\input_images\row050_col10_female.png,row050_col10_female.png,Female,White,Painterly,YoungAdult,Female\White_Painterly\YoungAdult
E:\aninovel\input_images\row050_col12_female.png,row050_col12_female.png,Female,White,Painterly,YoungAdult,Female\White_Painterly\YoungAdult
E:\aninovel\input_images\row050_col13_female.png,row050_col13_female.png,Female,White,Painterly,YoungAdult,Female\White_Painterly\YoungAdult
E:\aninovel\input_images\row050_col14_female.png,row050_col14_female.png,Female,White,Painterly,YoungAdult,Female\White_Painterly\YoungAdult
E:\aninovel\input_images\row050_col15_female.png,row050_col15_female.png,Female,White,Painterly,YoungAdult,Female\White_Painterly\YoungAdult
E:\aninovel\input_images\row050_col17_female.png,row050_col17_female.png,Female,White,Painterly,YoungAdult,Female\White_Painterly\YoungAdult
E:\aninovel\input_images\row050_col20_female.png,row050_col20_female.png,Female,White,Painterly,YoungAdult,Female\White_Painterly\YoungAdult
E:\aninovel\input_images\row054_col11_female.png,row054_col11_female.png,Female,White,Painterly,YoungAdult,Female\White_Painterly\YoungAdult
E:\aninovel\input_images\row054_col14_female.png,row054_col14_female.png,Female,White,Painterly,YoungAdult,Female\White_Painterly\YoungAdult
E:\aninovel\input_images\row056_col01_female.png,row056_col01_female.png,Female,White,Painterly,YoungAdult,Female\White_Painterly\YoungAdult
E:\aninovel\input_images\row056_col11_female.png,row056_col11_female.png,Female,White,Painterly,YoungAdult,Female\White_Painterly\YoungAdult
E:\aninovel\input_images\row056_col20_female.png,row056_col20_female.png,Female,White,Painterly,YoungAdult,Female\White_Painterly\YoungAdult
E:\aninovel\input_images\row058_col01_female.png,row058_col01_female.png,Female,White,Painterly,YoungAdult,Female\White_Painterly\YoungAdult
E:\aninovel\input_images\row058_col04_female.png,row058_col04_female.png,Female,White,Painterly,YoungAdult,Female\White_Painterly\YoungAdult
E:\aninovel\input_images\row058_col05_female.png,row058_col05_female.png,Female,White,Painterly,YoungAdult,Female\White_Painterly\YoungAdult
E:\aninovel\input_images\row058_col07_female.png,row058_col07_female.png,Female,White,Painterly,YoungAdult,Female\White_Painterly\YoungAdult
E:\aninovel\input_images\row058_col09_female.png,row058_col09_female.png,Female,White,Painterly,YoungAdult,Female\White_Painterly\YoungAdult
E:\aninovel\input_images\row058_col12_female.png,row058_col12_female.png,Female,White,Painterly,YoungAdult,Female\White_Painterly\YoungAdult
E:\aninovel\input_images\row058_col17_female.png,row058_col17_female.png,Female,White,Painterly,YoungAdult,Female\White_Painterly\YoungAdult
E:\aninovel\input_images\row060_col05_female.png,row060_col05_female.png,Female,White,Painterly,YoungAdult,Female\White_Painterly\YoungAdult
E:\aninovel\input_images\row060_col19_female.png,row060_col19_female.png,Female,White,Painterly,YoungAdult,Female\White_Painterly\YoungAdult
E:\aninovel\input_images\row066_col11_female.png,row066_col11_female.png,Female,White,Painterly,YoungAdult,Female\White_Painterly\YoungAdult
E:\aninovel\input_images\row066_col19_female.png,row066_col19_female.png,Female,White,Painterly,YoungAdult,Female\White_Painterly\YoungAdult
E:\aninovel\input_images\row068_col04_female.png,row068_col04_female.png,Female,White,Painterly,YoungAdult,Female\White_Painterly\YoungAdult
E:\aninovel\input_images\row068_col05_female.png,row068_col05_female.png,Female,White,Painterly,YoungAdult,Female\White_Painterly\YoungAdult
E:\aninovel\input_images\row086_col01_female.png,row086_col01_female.png,Female,White,Painterly,YoungAdult,Female\White_Painterly\YoungAdult
E:\aninovel\input_images\row086_col08_female.png,row086_col08_female.png,Female,White,Painterly,YoungAdult,Female\White_Painterly\YoungAdult
E:\aninovel\input_images\row086_col11_female.png,row086_col11_female.png,Female,White,Painterly,YoungAdult,Female\White_Painterly\YoungAdult
E:\aninovel\input_images\row086_col12_female.png,row086_col12_female.png,Female,White,Painterly,YoungAdult,Female\White_Painterly\YoungAdult
E:\aninovel\input_images\row086_col19_female.png,row086_col19_female.png,Female,White,Painterly,YoungAdult,Female\White_Painterly\YoungAdult
E:\aninovel\input_images\row088_col01_female.png,row088_col01_female.png,Female,White,Painterly,YoungAdult,Female\White_Painterly\YoungAdult
E:\aninovel\input_images\row088_col04_female.png,row088_col04_female.png,Female,White,Painterly,YoungAdult,Female\White_Painterly\YoungAdult
E:\aninovel\input_images\row088_col05_female.png,row088_col05_female.png,Female,White,Painterly,YoungAdult,Female\White_Painterly\YoungAdult
E:\aninovel\input_images\row088_col06_female.png,row088_col06_female.png,Female,White,Painterly,YoungAdult,Female\White_Painterly\YoungAdult
E:\aninovel\input_images\row088_col08_female.png,row088_col08_female.png,Female,White,Painterly,YoungAdult,Female\White_Painterly\YoungAdult
E:\aninovel\input_images\row088_col10_female.png,row088_col10_female.png,Female,White,Painterly,YoungAdult,Female\White_Painterly\YoungAdult
E:\aninovel\input_images\row088_col11_female.png,row088_col11_female.png,Female,White,Painterly,YoungAdult,Female\White_Painterly\YoungAdult
E:\aninovel\input_images\row088_col12_female.png,row088_col12_female.png,Female,White,Painterly,YoungAdult,Female\White_Painterly\YoungAdult
E:\aninovel\input_images\row088_col14_female.png,row088_col14_female.png,Female,White,Painterly,YoungAdult,Female\White_Painterly\YoungAdult
E:\aninovel\input_images\row088_col15_female.png,row088_col15_female.png,Female,White,Painterly,YoungAdult,Female\White_Painterly\YoungAdult
E:\aninovel\input_images\row088_col16_female.png,row088_col16_female.png,Female,White,Painterly,YoungAdult,Female\White_Painterly\YoungAdult
E:\aninovel\input_images\row088_col17_female.png,row088_col17_female.png,Female,White,Painterly,YoungAdult,Female\White_Painterly\YoungAdult
E:\aninovel\input_images\row088_col19_female.png,row088_col19_female.png,Female,White,Painterly,YoungAdult,Female\White_Painterly\YoungAdult
E:\aninovel\input_images\row088_col20_female.png,row088_col20_female.png,Female,White,Painterly,YoungAdult,Female\White_Painterly\YoungAdult
E:\aninovel\input_images\row090_col03_female.png,row090_col03_female.png,Female,White,Painterly,YoungAdult,Female\White_Painterly\YoungAdult
E:\aninovel\input_images\row090_col04_female.png,row090_col04_female.png,Female,White,Painterly,YoungAdult,Female\White_Painterly\YoungAdult
E:\aninovel\input_images\row090_col05_female.png,row090_col05_female.png,Female,White,Painterly,YoungAdult,Female\White_Painterly\YoungAdult
E:\aninovel\input_images\row090_col06_female.png,row090_col06_female.png,Female,White,Painterly,YoungAdult,Female\White_Painterly\YoungAdult
E:\aninovel\input_images\row090_col07_female.png,row090_col07_female.png,Female,White,Painterly,YoungAdult,Female\White_Painterly\YoungAdult
E:\aninovel\input_images\row090_col08_female.png,row090_col08_female.png,Female,White,Painterly,YoungAdult,Female\White_Painterly\YoungAdult
E:\aninovel\input_images\row090_col09_female.png,row090_col09_female.png,Female,White,Painterly,YoungAdult,Female\White_Painterly\YoungAdult
E:\aninovel\input_images\row090_col16_female.png,row090_col16_female.png,Female,White,Painterly,YoungAdult,Female\White_Painterly\YoungAdult
E:\aninovel\input_images\row090_col17_female.png,row090_col17_female.png,Female,White,Painterly,YoungAdult,Female\White_Painterly\YoungAdult
E:\aninovel\input_images\row090_col18_female.png,row090_col18_female.png,Female,White,Painterly,YoungAdult,Female\White_Painterly\YoungAdult
E:\aninovel\input_images\row090_col19_female.png,row090_col19_female.png,Female,White,Painterly,YoungAdult,Female\White_Painterly\YoungAdult
E:\aninovel\input_images\row090_col20_female.png,row090_col20_female.png,Female,White,Painterly,YoungAdult,Female\White_Painterly\YoungAdult
E:\aninovel\input_images\row094_col01_female.png,row094_col01_female.png,Female,White,Painterly,YoungAdult,Female\White_Painterly\YoungAdult
E:\aninovel\input_images\row098_col05_female.png,row098_col05_female.png,Female,White,Painterly,YoungAdult,Female\White_Painterly\YoungAdult
E:\aninovel\input_images\row098_col06_female.png,row098_col06_female.png,Female,White,Painterly,YoungAdult,Female\White_Painterly\YoungAdult
E:\aninovel\input_images\row098_col07_female.png,row098_col07_female.png,Female,White,Painterly,YoungAdult,Female\White_Painterly\YoungAdult
E:\aninovel\input_images\row100_col19_female.png,row100_col19_female.png,Female,White,Painterly,YoungAdult,Female\White_Painterly\YoungAdult
E:\aninovel\input_images\row003_col08_male.png,row003_col08_male.png,Male,MiddleEastern,Anime,Teen,Male\MiddleEastern_Anime\Teen
E:\aninovel\input_images\row021_col15_male.png,row021_col15_male.png,Male,MiddleEastern,Anime,Teen,Male\MiddleEastern_Anime\Teen
E:\aninovel\input_images\row003_col09_male.png,row003_col09_male.png,Male,White,RetroManga,Child,Male\White_RetroManga\Child
E:\aninovel\input_images\row003_col10_male.png,row003_col10_male.png,Male,Asian,Painterly,Child,Male\Asian_Painterly\Child
E:\aninovel\input_images\row003_col11_male.png,row003_col11_male.png,Male,White,Painterly,YoungAdult,Male\White_Painterly\YoungAdult
E:\aninovel\input_images\row003_col13_male.png,row003_col13_male.png,Male,White,Painterly,YoungAdult,Male\White_Painterly\YoungAdult
E:\aninovel\input_images\row005_col03_male.png,row005_col03_male.png,Male,White,Painterly,YoungAdult,Male\White_Painterly\YoungAdult
E:\aninovel\input_images\row005_col09_male.png,row005_col09_male.png,Male,White,Painterly,YoungAdult,Male\White_Painterly\YoungAdult
E:\aninovel\input_images\row007_col06_male.png,row007_col06_male.png,Male,White,Painterly,YoungAdult,Male\White_Painterly\YoungAdult
E:\aninovel\input_images\row007_col07_male.png,row007_col07_male.png,Male,White,Painterly,YoungAdult,Male\White_Painterly\YoungAdult
E:\aninovel\input_images\row007_col10_male.png,row007_col10_male.png,Male,White,Painterly,YoungAdult,Male\White_Painterly\YoungAdult
E:\aninovel\input_images\row007_col13_male.png,row007_col13_male.png,Male,White,Painterly,YoungAdult,Male\White_Painterly\YoungAdult
E:\aninovel\input_images\row007_col14_male.png,row007_col14_male.png,Male,White,Painterly,YoungAdult,Male\White_Painterly\YoungAdult
E:\aninovel\input_images\row007_col16_male.png,row007_col16_male.png,Male,White,Painterly,YoungAdult,Male\White_Painterly\YoungAdult
E:\aninovel\input_images\row007_col17_male.png,row007_col17_male.png,Male,White,Painterly,YoungAdult,Male\White_Painterly\YoungAdult
E:\aninovel\input_images\row007_col18_male.png,row007_col18_male.png,Male,White,Painterly,YoungAdult,Male\White_Painterly\YoungAdult
E:\aninovel\input_images\row007_col20_male.png,row007_col20_male.png,Male,White,Painterly,YoungAdult,Male\White_Painterly\YoungAdult
E:\aninovel\input_images\row009_col04_male.png,row009_col04_male.png,Male,White,Painterly,YoungAdult,Male\White_Painterly\YoungAdult
E:\aninovel\input_images\row009_col06_male.png,row009_col06_male.png,Male,White,Painterly,YoungAdult,Male\White_Painterly\YoungAdult
E:\aninovel\input_images\row009_col08_male.png,row009_col08_male.png,Male,White,Painterly,YoungAdult,Male\White_Painterly\YoungAdult
E:\aninovel\input_images\row009_col11_male.png,row009_col11_male.png,Male,White,Painterly,YoungAdult,Male\White_Painterly\YoungAdult
E:\aninovel\input_images\row009_col14_male.png,row009_col14_male.png,Male,White,Painterly,YoungAdult,Male\White_Painterly\YoungAdult
E:\aninovel\input_images\row013_col14_male.png,row013_col14_male.png,Male,White,Painterly,YoungAdult,Male\White_Painterly\YoungAdult
E:\aninovel\input_images\row015_col02_male.png,row015_col02_male.png,Male,White,Painterly,YoungAdult,Male\White_Painterly\YoungAdult
E:\aninovel\input_images\row015_col04_male.png,row015_col04_male.png,Male,White,Painterly,YoungAdult,Male\White_Painterly\YoungAdult
E:\aninovel\input_images\row015_col05_male.png,row015_col05_male.png,Male,White,Painterly,YoungAdult,Male\White_Painterly\YoungAdult
E:\aninovel\input_images\row015_col07_male.png,row015_col07_male.png,Male,White,Painterly,YoungAdult,Male\White_Painterly\YoungAdult
E:\aninovel\input_images\row015_col12_male.png,row015_col12_male.png,Male,White,Painterly,YoungAdult,Male\White_Painterly\YoungAdult
E:\aninovel\input_images\row015_col14_male.png,row015_col14_male.png,Male,White,Painterly,YoungAdult,Male\White_Painterly\YoungAdult
E:\aninovel\input_images\row015_col17_male.png,row015_col17_male.png,Male,White,Painterly,YoungAdult,Male\White_Painterly\YoungAdult
E:\aninovel\input_images\row015_col18_male.png,row015_col18_male.png,Male,White,Painterly,YoungAdult,Male\White_Painterly\YoungAdult
E:\aninovel\input_images\row017_col02_male.png,row017_col02_male.png,Male,White,Painterly,YoungAdult,Male\White_Painterly\YoungAdult
E:\aninovel\input_images\row017_col03_male.png,row017_col03_male.png,Male,White,Painterly,YoungAdult,Male\White_Painterly\YoungAdult
E:\aninovel\input_images\row017_col04_male.png,row017_col04_male.png,Male,White,Painterly,YoungAdult,Male\White_Painterly\YoungAdult
E:\aninovel\input_images\row017_col05_male.png,row017_col05_male.png,Male,White,Painterly,YoungAdult,Male\White_Painterly\YoungAdult
E:\aninovel\input_images\row017_col09_male.png,row017_col09_male.png,Male,White,Painterly,YoungAdult,Male\White_Painterly\YoungAdult
E:\aninovel\input_images\row017_col12_male.png,row017_col12_male.png,Male,White,Painterly,YoungAdult,Male\White_Painterly\YoungAdult
E:\aninovel\input_images\row017_col15_male.png,row017_col15_male.png,Male,White,Painterly,YoungAdult,Male\White_Painterly\YoungAdult
E:\aninovel\input_images\row017_col16_male.png,row017_col16_male.png,Male,White,Painterly,YoungAdult,Male\White_Painterly\YoungAdult
E:\aninovel\input_images\row017_col20_male.png,row017_col20_male.png,Male,White,Painterly,YoungAdult,Male\White_Painterly\YoungAdult
E:\aninovel\input_images\row019_col01_male.png,row019_col01_male.png,Male,White,Painterly,YoungAdult,Male\White_Painterly\YoungAdult
E:\aninovel\input_images\row019_col02_male.png,row019_col02_male.png,Male,White,Painterly,YoungAdult,Male\White_Painterly\YoungAdult
E:\aninovel\input_images\row019_col04_male.png,row019_col04_male.png,Male,White,Painterly,YoungAdult,Male\White_Painterly\YoungAdult
E:\aninovel\input_images\row019_col05_male.png,row019_col05_male.png,Male,White,Painterly,YoungAdult,Male\White_Painterly\YoungAdult
E:\aninovel\input_images\row019_col06_male.png,row019_col06_male.png,Male,White,Painterly,YoungAdult,Male\White_Painterly\YoungAdult
E:\aninovel\input_images\row019_col07_male.png,row019_col07_male.png,Male,White,Painterly,YoungAdult,Male\White_Painterly\YoungAdult
E:\aninovel\input_images\row019_col08_male.png,row019_col08_male.png,Male,White,Painterly,YoungAdult,Male\White_Painterly\YoungAdult
E:\aninovel\input_images\row019_col09_male.png,row019_col09_male.png,Male,White,Painterly,YoungAdult,Male\White_Painterly\YoungAdult
E:\aninovel\input_images\row019_col12_male.png,row019_col12_male.png,Male,White,Painterly,YoungAdult,Male\White_Painterly\YoungAdult
E:\aninovel\input_images\row019_col13_male.png,row019_col13_male.png,Male,White,Painterly,YoungAdult,Male\White_Painterly\YoungAdult
E:\aninovel\input_images\row019_col16_male.png,row019_col16_male.png,Male,White,Painterly,YoungAdult,Male\White_Painterly\YoungAdult
E:\aninovel\input_images\row019_col19_male.png,row019_col19_male.png,Male,White,Painterly,YoungAdult,Male\White_Painterly\YoungAdult
E:\aninovel\input_images\row019_col20_male.png,row019_col20_male.png,Male,White,Painterly,YoungAdult,Male\White_Painterly\YoungAdult
E:\aninovel\input_images\row025_col03_male.png,row025_col03_male.png,Male,White,Painterly,YoungAdult,Male\White_Painterly\YoungAdult
E:\aninovel\input_images\row025_col07_male.png,row025_col07_male.png,Male,White,Painterly,YoungAdult,Male\White_Painterly\YoungAdult
E:\aninovel\input_images\row027_col01_male.png,row027_col01_male.png,Male,White,Painterly,YoungAdult,Male\White_Painterly\YoungAdult
E:\aninovel\input_images\row027_col03_male.png,row027_col03_male.png,Male,White,Painterly,YoungAdult,Male\White_Painterly\YoungAdult
E:\aninovel\input_images\row027_col05_male.png,row027_col05_male.png,Male,White,Painterly,YoungAdult,Male\White_Painterly\YoungAdult
E:\aninovel\input_images\row027_col11_male.png,row027_col11_male.png,Male,White,Painterly,YoungAdult,Male\White_Painterly\YoungAdult
E:\aninovel\input_images\row027_col12_male.png,row027_col12_male.png,Male,White,Painterly,YoungAdult,Male\White_Painterly\YoungAdult
E:\aninovel\input_images\row027_col15_male.png,row027_col15_male.png,Male,White,Painterly,YoungAdult,Male\White_Painterly\YoungAdult
E:\aninovel\input_images\row027_col16_male.png,row027_col16_male.png,Male,White,Painterly,YoungAdult,Male\White_Painterly\YoungAdult
E:\aninovel\input_images\row027_col17_male.png,row027_col17_male.png,Male,White,Painterly,YoungAdult,Male\White_Painterly\YoungAdult
E:\aninovel\input_images\row027_col19_male.png,row027_col19_male.png,Male,White,Painterly,YoungAdult,Male\White_Painterly\YoungAdult
E:\aninovel\input_images\row027_col20_male.png,row027_col20_male.png,Male,White,Painterly,YoungAdult,Male\White_Painterly\YoungAdult
E:\aninovel\input_images\row029_col01_male.png,row029_col01_male.png,Male,White,Painterly,YoungAdult,Male\White_Painterly\YoungAdult
E:\aninovel\input_images\row029_col04_male.png,row029_col04_male.png,Male,White,Painterly,YoungAdult,Male\White_Painterly\YoungAdult
E:\aninovel\input_images\row029_col05_male.png,row029_col05_male.png,Male,White,Painterly,YoungAdult,Male\White_Painterly\YoungAdult
E:\aninovel\input_images\row029_col06_male.png,row029_col06_male.png,Male,White,Painterly,YoungAdult,Male\White_Painterly\YoungAdult
E:\aninovel\input_images\row029_col07_male.png,row029_col07_male.png,Male,White,Painterly,YoungAdult,Male\White_Painterly\YoungAdult
E:\aninovel\input_images\row029_col09_male.png,row029_col09_male.png,Male,White,Painterly,YoungAdult,Male\White_Painterly\YoungAdult
E:\aninovel\input_images\row029_col10_male.png,row029_col10_male.png,Male,White,Painterly,YoungAdult,Male\White_Painterly\YoungAdult
E:\aninovel\input_images\row029_col11_male.png,row029_col11_male.png,Male,White,Painterly,YoungAdult,Male\White_Painterly\YoungAdult
E:\aninovel\input_images\row029_col12_male.png,row029_col12_male.png,Male,White,Painterly,YoungAdult,Male\White_Painterly\YoungAdult
E:\aninovel\input_images\row029_col13_male.png,row029_col13_male.png,Male,White,Painterly,YoungAdult,Male\White_Painterly\YoungAdult
E:\aninovel\input_images\row029_col14_male.png,row029_col14_male.png,Male,White,Painterly,YoungAdult,Male\White_Painterly\YoungAdult
E:\aninovel\input_images\row029_col15_male.png,row029_col15_male.png,Male,White,Painterly,YoungAdult,Male\White_Painterly\YoungAdult
E:\aninovel\input_images\row029_col16_male.png,row029_col16_male.png,Male,White,Painterly,YoungAdult,Male\White_Painterly\YoungAdult
E:\aninovel\input_images\row029_col18_male.png,row029_col18_male.png,Male,White,Painterly,YoungAdult,Male\White_Painterly\YoungAdult
E:\aninovel\input_images\row037_col01_male.png,row037_col01_male.png,Male,White,Painterly,YoungAdult,Male\White_Painterly\YoungAdult
E:\aninovel\input_images\row037_col02_male.png,row037_col02_male.png,Male,White,Painterly,YoungAdult,Male\White_Painterly\YoungAdult
E:\aninovel\input_images\row037_col05_male.png,row037_col05_male.png,Male,White,Painterly,YoungAdult,Male\White_Painterly\YoungAdult
E:\aninovel\input_images\row037_col06_male.png,row037_col06_male.png,Male,White,Painterly,YoungAdult,Male\White_Painterly\YoungAdult
E:\aninovel\input_images\row037_col07_male.png,row037_col07_male.png,Male,White,Painterly,YoungAdult,Male\White_Painterly\YoungAdult
E:\aninovel\input_images\row037_col08_male.png,row037_col08_male.png,Male,White,Painterly,YoungAdult,Male\White_Painterly\YoungAdult
E:\aninovel\input_images\row037_col09_male.png,row037_col09_male.png,Male,White,Painterly,YoungAdult,Male\White_Painterly\YoungAdult
E:\aninovel\input_images\row037_col10_male.png,row037_col10_male.png,Male,White,Painterly,YoungAdult,Male\White_Painterly\YoungAdult
E:\aninovel\input_images\row037_col12_male.png,row037_col12_male.png,Male,White,Painterly,YoungAdult,Male\White_Painterly\YoungAdult
E:\aninovel\input_images\row037_col13_male.png,row037_col13_male.png,Male,White,Painterly,YoungAdult,Male\White_Painterly\YoungAdult
E:\aninovel\input_images\row037_col14_male.png,row037_col14_male.png,Male,White,Painterly,YoungAdult,Male\White_Painterly\YoungAdult
E:\aninovel\input_images\row037_col16_male.png,row037_col16_male.png,Male,White,Painterly,YoungAdult,Male\White_Painterly\YoungAdult
E:\aninovel\input_images\row037_col18_male.png,row037_col18_male.png,Male,White,Painterly,YoungAdult,Male\White_Painterly\YoungAdult
E:\aninovel\input_images\row037_col19_male.png,row037_col19_male.png,Male,White,Painterly,YoungAdult,Male\White_Painterly\YoungAdult
E:\aninovel\input_images\row037_col20_male.png,row037_col20_male.png,Male,White,Painterly,YoungAdult,Male\White_Painterly\YoungAdult
E:\aninovel\input_images\row039_col01_male.png,row039_col01_male.png,Male,White,Painterly,YoungAdult,Male\White_Painterly\YoungAdult
E:\aninovel\input_images\row039_col03_male.png,row039_col03_male.png,Male,White,Painterly,YoungAdult,Male\White_Painterly\YoungAdult
E:\aninovel\input_images\row039_col04_male.png,row039_col04_male.png,Male,White,Painterly,YoungAdult,Male\White_Painterly\YoungAdult
E:\aninovel\input_images\row039_col06_male.png,row039_col06_male.png,Male,White,Painterly,YoungAdult,Male\White_Painterly\YoungAdult
E:\aninovel\input_images\row039_col07_male.png,row039_col07_male.png,Male,White,Painterly,YoungAdult,Male\White_Painterly\YoungAdult
E:\aninovel\input_images\row039_col08_male.png,row039_col08_male.png,Male,White,Painterly,YoungAdult,Male\White_Painterly\YoungAdult
E:\aninovel\input_images\row039_col09_male.png,row039_col09_male.png,Male,White,Painterly,YoungAdult,Male\White_Painterly\YoungAdult
E:\aninovel\input_images\row039_col11_male.png,row039_col11_male.png,Male,White,Painterly,YoungAdult,Male\White_Painterly\YoungAdult
E:\aninovel\input_images\row039_col12_male.png,row039_col12_male.png,Male,White,Painterly,YoungAdult,Male\White_Painterly\YoungAdult
E:\aninovel\input_images\row039_col13_male.png,row039_col13_male.png,Male,White,Painterly,YoungAdult,Male\White_Painterly\YoungAdult
E:\aninovel\input_images\row039_col14_male.png,row039_col14_male.png,Male,White,Painterly,YoungAdult,Male\White_Painterly\YoungAdult
E:\aninovel\input_images\row039_col15_male.png,row039_col15_male.png,Male,White,Painterly,YoungAdult,Male\White_Painterly\YoungAdult
E:\aninovel\input_images\row039_col16_male.png,row039_col16_male.png,Male,White,Painterly,YoungAdult,Male\White_Painterly\YoungAdult
E:\aninovel\input_images\row039_col18_male.png,row039_col18_male.png,Male,White,Painterly,YoungAdult,Male\White_Painterly\YoungAdult
E:\aninovel\input_images\row039_col19_male.png,row039_col19_male.png,Male,White,Painterly,YoungAdult,Male\White_Painterly\YoungAdult
E:\aninovel\input_images\row047_col03_male.png,row047_col03_male.png,Male,White,Painterly,YoungAdult,Male\White_Painterly\YoungAdult
E:\aninovel\input_images\row047_col04_male.png,row047_col04_male.png,Male,White,Painterly,YoungAdult,Male\White_Painterly\YoungAdult
E:\aninovel\input_images\row047_col05_male.png,row047_col05_male.png,Male,White,Painterly,YoungAdult,Male\White_Painterly\YoungAdult
E:\aninovel\input_images\row047_col06_male.png,row047_col06_male.png,Male,White,Painterly,YoungAdult,Male\White_Painterly\YoungAdult
E:\aninovel\input_images\row047_col07_male.png,row047_col07_male.png,Male,White,Painterly,YoungAdult,Male\White_Painterly\YoungAdult
E:\aninovel\input_images\row047_col08_male.png,row047_col08_male.png,Male,White,Painterly,YoungAdult,Male\White_Painterly\YoungAdult
E:\aninovel\input_images\row047_col09_male.png,row047_col09_male.png,Male,White,Painterly,YoungAdult,Male\White_Painterly\YoungAdult
E:\aninovel\input_images\row047_col10_male.png,row047_col10_male.png,Male,White,Painterly,YoungAdult,Male\White_Painterly\YoungAdult
E:\aninovel\input_images\row047_col11_male.png,row047_col11_male.png,Male,White,Painterly,YoungAdult,Male\White_Painterly\YoungAdult
E:\aninovel\input_images\row047_col12_male.png,row047_col12_male.png,Male,White,Painterly,YoungAdult,Male\White_Painterly\YoungAdult
E:\aninovel\input_images\row047_col16_male.png,row047_col16_male.png,Male,White,Painterly,YoungAdult,Male\White_Painterly\YoungAdult
E:\aninovel\input_images\row047_col18_male.png,row047_col18_male.png,Male,White,Painterly,YoungAdult,Male\White_Painterly\YoungAdult
E:\aninovel\input_images\row049_col01_male.png,row049_col01_male.png,Male,White,Painterly,YoungAdult,Male\White_Painterly\YoungAdult
E:\aninovel\input_images\row049_col02_male.png,row049_col02_male.png,Male,White,Painterly,YoungAdult,Male\White_Painterly\YoungAdult
E:\aninovel\input_images\row049_col03_male.png,row049_col03_male.png,Male,White,Painterly,YoungAdult,Male\White_Painterly\YoungAdult
E:\aninovel\input_images\row049_col04_male.png,row049_col04_male.png,Male,White,Painterly,YoungAdult,Male\White_Painterly\YoungAdult
E:\aninovel\input_images\row049_col06_male.png,row049_col06_male.png,Male,White,Painterly,YoungAdult,Male\White_Painterly\YoungAdult
E:\aninovel\input_images\row049_col07_male.png,row049_col07_male.png,Male,White,Painterly,YoungAdult,Male\White_Painterly\YoungAdult
E:\aninovel\input_images\row049_col08_male.png,row049_col08_male.png,Male,White,Painterly,YoungAdult,Male\White_Painterly\YoungAdult
E:\aninovel\input_images\row049_col09_male.png,row049_col09_male.png,Male,White,Painterly,YoungAdult,Male\White_Painterly\YoungAdult
E:\aninovel\input_images\row049_col11_male.png,row049_col11_male.png,Male,White,Painterly,YoungAdult,Male\White_Painterly\YoungAdult
E:\aninovel\input_images\row049_col12_male.png,row049_col12_male.png,Male,White,Painterly,YoungAdult,Male\White_Painterly\YoungAdult
E:\aninovel\input_images\row049_col13_male.png,row049_col13_male.png,Male,White,Painterly,YoungAdult,Male\White_Painterly\YoungAdult
E:\aninovel\input_images\row049_col15_male.png,row049_col15_male.png,Male,White,Painterly,YoungAdult,Male\White_Painterly\YoungAdult
E:\aninovel\input_images\row049_col17_male.png,row049_col17_male.png,Male,White,Painterly,YoungAdult,Male\White_Painterly\YoungAdult
E:\aninovel\input_images\row049_col18_male.png,row049_col18_male.png,Male,White,Painterly,YoungAdult,Male\White_Painterly\YoungAdult
E:\aninovel\input_images\row049_col19_male.png,row049_col19_male.png,Male,White,Painterly,YoungAdult,Male\White_Painterly\YoungAdult
E:\aninovel\input_images\row049_col20_male.png,row049_col20_male.png,Male,White,Painterly,YoungAdult,Male\White_Painterly\YoungAdult
E:\aninovel\input_images\row051_col10_male.png,row051_col10_male.png,Male,White,Painterly,YoungAdult,Male\White_Painterly\YoungAdult
E:\aninovel\input_images\row053_col01_male.png,row053_col01_male.png,Male,White,Painterly,YoungAdult,Male\White_Painterly\YoungAdult
E:\aninovel\input_images\row053_col14_male.png,row053_col14_male.png,Male,White,Painterly,YoungAdult,Male\White_Painterly\YoungAdult
E:\aninovel\input_images\row053_col15_male.png,row053_col15_male.png,Male,White,Painterly,YoungAdult,Male\White_Painterly\YoungAdult
E:\aninovel\input_images\row055_col02_male.png,row055_col02_male.png,Male,White,Painterly,YoungAdult,Male\White_Painterly\YoungAdult
E:\aninovel\input_images\row055_col05_male.png,row055_col05_male.png,Male,White,Painterly,YoungAdult,Male\White_Painterly\YoungAdult
E:\aninovel\input_images\row055_col07_male.png,row055_col07_male.png,Male,White,Painterly,YoungAdult,Male\White_Painterly\YoungAdult
E:\aninovel\input_images\row055_col08_male.png,row055_col08_male.png,Male,White,Painterly,YoungAdult,Male\White_Painterly\YoungAdult
E:\aninovel\input_images\row055_col09_male.png,row055_col09_male.png,Male,White,Painterly,YoungAdult,Male\White_Painterly\YoungAdult
E:\aninovel\input_images\row055_col18_male.png,row055_col18_male.png,Male,White,Painterly,YoungAdult,Male\White_Painterly\YoungAdult
E:\aninovel\input_images\row057_col01_male.png,row057_col01_male.png,Male,White,Painterly,YoungAdult,Male\White_Painterly\YoungAdult
E:\aninovel\input_images\row057_col02_male.png,row057_col02_male.png,Male,White,Painterly,YoungAdult,Male\White_Painterly\YoungAdult
E:\aninovel\input_images\row057_col04_male.png,row057_col04_male.png,Male,White,Painterly,YoungAdult,Male\White_Painterly\YoungAdult
E:\aninovel\input_images\row057_col05_male.png,row057_col05_male.png,Male,White,Painterly,YoungAdult,Male\White_Painterly\YoungAdult
E:\aninovel\input_images\row057_col07_male.png,row057_col07_male.png,Male,White,Painterly,YoungAdult,Male\White_Painterly\YoungAdult
E:\aninovel\input_images\row057_col11_male.png,row057_col11_male.png,Male,White,Painterly,YoungAdult,Male\White_Painterly\YoungAdult
E:\aninovel\input_images\row057_col16_male.png,row057_col16_male.png,Male,White,Painterly,YoungAdult,Male\White_Painterly\YoungAdult
E:\aninovel\input_images\row059_col12_male.png,row059_col12_male.png,Male,White,Painterly,YoungAdult,Male\White_Painterly\YoungAdult
E:\aninovel\input_images\row059_col19_male.png,row059_col19_male.png,Male,White,Painterly,YoungAdult,Male\White_Painterly\YoungAdult
E:\aninovel\input_images\row059_col20_male.png,row059_col20_male.png,Male,White,Painterly,YoungAdult,Male\White_Painterly\YoungAdult
E:\aninovel\input_images\row063_col15_male.png,row063_col15_male.png,Male,White,Painterly,YoungAdult,Male\White_Painterly\YoungAdult
E:\aninovel\input_images\row063_col16_male.png,row063_col16_male.png,Male,White,Painterly,YoungAdult,Male\White_Painterly\YoungAdult
E:\aninovel\input_images\row065_col02_male.png,row065_col02_male.png,Male,White,Painterly,YoungAdult,Male\White_Painterly\YoungAdult
E:\aninovel\input_images\row065_col11_male.png,row065_col11_male.png,Male,White,Painterly,YoungAdult,Male\White_Painterly\YoungAdult
E:\aninovel\input_images\row067_col05_male.png,row067_col05_male.png,Male,White,Painterly,YoungAdult,Male\White_Painterly\YoungAdult
E:\aninovel\input_images\row067_col06_male.png,row067_col06_male.png,Male,White,Painterly,YoungAdult,Male\White_Painterly\YoungAdult
E:\aninovel\input_images\row079_col06_male.png,row079_col06_male.png,Male,White,Painterly,YoungAdult,Male\White_Painterly\YoungAdult
E:\aninovel\input_images\row083_col08_male.png,row083_col08_male.png,Male,White,Painterly,YoungAdult,Male\White_Painterly\YoungAdult
E:\aninovel\input_images\row085_col02_male.png,row085_col02_male.png,Male,White,Painterly,YoungAdult,Male\White_Painterly\YoungAdult
E:\aninovel\input_images\row085_col03_male.png,row085_col03_male.png,Male,White,Painterly,YoungAdult,Male\White_Painterly\YoungAdult
E:\aninovel\input_images\row085_col20_male.png,row085_col20_male.png,Male,White,Painterly,YoungAdult,Male\White_Painterly\YoungAdult
E:\aninovel\input_images\row087_col01_male.png,row087_col01_male.png,Male,White,Painterly,YoungAdult,Male\White_Painterly\YoungAdult
E:\aninovel\input_images\row087_col02_male.png,row087_col02_male.png,Male,White,Painterly,YoungAdult,Male\White_Painterly\YoungAdult
E:\aninovel\input_images\row087_col04_male.png,row087_col04_male.png,Male,White,Painterly,YoungAdult,Male\White_Painterly\YoungAdult
E:\aninovel\input_images\row087_col05_male.png,row087_col05_male.png,Male,White,Painterly,YoungAdult,Male\White_Painterly\YoungAdult
E:\aninovel\input_images\row087_col06_male.png,row087_col06_male.png,Male,White,Painterly,YoungAdult,Male\White_Painterly\YoungAdult
E:\aninovel\input_images\row087_col07_male.png,row087_col07_male.png,Male,White,Painterly,YoungAdult,Male\White_Painterly\YoungAdult
E:\aninovel\input_images\row087_col12_male.png,row087_col12_male.png,Male,White,Painterly,YoungAdult,Male\White_Painterly\YoungAdult
E:\aninovel\input_images\row087_col14_male.png,row087_col14_male.png,Male,White,Painterly,YoungAdult,Male\White_Painterly\YoungAdult
E:\aninovel\input_images\row087_col16_male.png,row087_col16_male.png,Male,White,Painterly,YoungAdult,Male\White_Painterly\YoungAdult
E:\aninovel\input_images\row087_col17_male.png,row087_col17_male.png,Male,White,Painterly,YoungAdult,Male\White_Painterly\YoungAdult
E:\aninovel\input_images\row087_col18_male.png,row087_col18_male.png,Male,White,Painterly,YoungAdult,Male\White_Painterly\YoungAdult
E:\aninovel\input_images\row087_col19_male.png,row087_col19_male.png,Male,White,Painterly,YoungAdult,Male\White_Painterly\YoungAdult
E:\aninovel\input_images\row087_col20_male.png,row087_col20_male.png,Male,White,Painterly,YoungAdult,Male\White_Painterly\YoungAdult
E:\aninovel\input_images\row089_col01_male.png,row089_col01_male.png,Male,White,Painterly,YoungAdult,Male\White_Painterly\YoungAdult
E:\aninovel\input_images\row089_col02_male.png,row089_col02_male.png,Male,White,Painterly,YoungAdult,Male\White_Painterly\YoungAdult
E:\aninovel\input_images\row089_col03_male.png,row089_col03_male.png,Male,White,Painterly,YoungAdult,Male\White_Painterly\YoungAdult
E:\aninovel\input_images\row089_col04_male.png,row089_col04_male.png,Male,White,Painterly,YoungAdult,Male\White_Painterly\YoungAdult
E:\aninovel\input_images\row089_col05_male.png,row089_col05_male.png,Male,White,Painterly,YoungAdult,Male\White_Painterly\YoungAdult
E:\aninovel\input_images\row089_col06_male.png,row089_col06_male.png,Male,White,Painterly,YoungAdult,Male\White_Painterly\YoungAdult
E:\aninovel\input_images\row089_col07_male.png,row089_col07_male.png,Male,White,Painterly,YoungAdult,Male\White_Painterly\YoungAdult
E:\aninovel\input_images\row089_col08_male.png,row089_col08_male.png,Male,White,Painterly,YoungAdult,Male\White_Painterly\YoungAdult
E:\aninovel\input_images\row089_col09_male.png,row089_col09_male.png,Male,White,Painterly,YoungAdult,Male\White_Painterly\YoungAdult
E:\aninovel\input_images\row089_col10_male.png,row089_col10_male.png,Male,White,Painterly,YoungAdult,Male\White_Painterly\YoungAdult
E:\aninovel\input_images\row089_col11_male.png,row089_col11_male.png,Male,White,Painterly,YoungAdult,Male\White_Painterly\YoungAdult
E:\aninovel\input_images\row089_col12_male.png,row089_col12_male.png,Male,White,Painterly,YoungAdult,Male\White_Painterly\YoungAdult
E:\aninovel\input_images\row089_col13_male.png,row089_col13_male.png,Male,White,Painterly,YoungAdult,Male\White_Painterly\YoungAdult
E:\aninovel\input_images\row089_col14_male.png,row089_col14_male.png,Male,White,Painterly,YoungAdult,Male\White_Painterly\YoungAdult
E:\aninovel\input_images\row089_col15_male.png,row089_col15_male.png,Male,White,Painterly,YoungAdult,Male\White_Painterly\YoungAdult
E:\aninovel\input_images\row089_col16_male.png,row089_col16_male.png,Male,White,Painterly,YoungAdult,Male\White_Painterly\YoungAdult
E:\aninovel\input_images\row089_col17_male.png,row089_col17_male.png,Male,White,Painterly,YoungAdult,Male\White_Painterly\YoungAdult
E:\aninovel\input_images\row089_col18_male.png,row089_col18_male.png,Male,White,Painterly,YoungAdult,Male\White_Painterly\YoungAdult
E:\aninovel\input_images\row089_col20_male.png,row089_col20_male.png,Male,White,Painterly,YoungAdult,Male\White_Painterly\YoungAdult
E:\aninovel\input_images\row099_col01_male.png,row099_col01_male.png,Male,White,Painterly,YoungAdult,Male\White_Painterly\YoungAdult
E:\aninovel\input_images\row099_col15_male.png,row099_col15_male.png,Male,White,Painterly,YoungAdult,Male\White_Painterly\YoungAdult
E:\aninovel\input_images\row003_col14_male.png,row003_col14_male.png,Male,White,Painterly,Child,Male\White_Painterly\Child
E:\aninovel\input_images\row005_col11_male.png,row005_col11_male.png,Male,White,Painterly,Child,Male\White_Painterly\Child
E:\aninovel\input_images\row005_col18_male.png,row005_col18_male.png,Male,White,Painterly,Child,Male\White_Painterly\Child
E:\aninovel\input_images\row007_col03_male.png,row007_col03_male.png,Male,White,Painterly,Child,Male\White_Painterly\Child
E:\aninovel\input_images\row007_col15_male.png,row007_col15_male.png,Male,White,Painterly,Child,Male\White_Painterly\Child
E:\aninovel\input_images\row009_col07_male.png,row009_col07_male.png,Male,White,Painterly,Child,Male\White_Painterly\Child
E:\aninovel\input_images\row003_col20_male.png,row003_col20_male.png,Male,Asian,RetroManga,Adult,Male\Asian_RetroManga\Adult
E:\aninovel\input_images\row004_col01_female.png,row004_col01_female.png,Female,White,Painterly,Teen,Female\White_Painterly\Teen
E:\aninovel\input_images\row004_col12_female.png,row004_col12_female.png,Female,White,Painterly,Teen,Female\White_Painterly\Teen
E:\aninovel\input_images\row006_col07_female.png,row006_col07_female.png,Female,White,Painterly,Teen,Female\White_Painterly\Teen
E:\aninovel\input_images\row006_col08_female.png,row006_col08_female.png,Female,White,Painterly,Teen,Female\White_Painterly\Teen
E:\aninovel\input_images\row006_col11_female.png,row006_col11_female.png,Female,White,Painterly,Teen,Female\White_Painterly\Teen
E:\aninovel\input_images\row006_col14_female.png,row006_col14_female.png,Female,White,Painterly,Teen,Female\White_Painterly\Teen
E:\aninovel\input_images\row006_col15_female.png,row006_col15_female.png,Female,White,Painterly,Teen,Female\White_Painterly\Teen
E:\aninovel\input_images\row006_col16_female.png,row006_col16_female.png,Female,White,Painterly,Teen,Female\White_Painterly\Teen
E:\aninovel\input_images\row006_col20_female.png,row006_col20_female.png,Female,White,Painterly,Teen,Female\White_Painterly\Teen
E:\aninovel\input_images\row008_col03_female.png,row008_col03_female.png,Female,White,Painterly,Teen,Female\White_Painterly\Teen
E:\aninovel\input_images\row008_col05_female.png,row008_col05_female.png,Female,White,Painterly,Teen,Female\White_Painterly\Teen
E:\aninovel\input_images\row008_col07_female.png,row008_col07_female.png,Female,White,Painterly,Teen,Female\White_Painterly\Teen
E:\aninovel\input_images\row008_col09_female.png,row008_col09_female.png,Female,White,Painterly,Teen,Female\White_Painterly\Teen
E:\aninovel\input_images\row008_col10_female.png,row008_col10_female.png,Female,White,Painterly,Teen,Female\White_Painterly\Teen
E:\aninovel\input_images\row008_col13_female.png,row008_col13_female.png,Female,White,Painterly,Teen,Female\White_Painterly\Teen
E:\aninovel\input_images\row008_col15_female.png,row008_col15_female.png,Female,White,Painterly,Teen,Female\White_Painterly\Teen
E:\aninovel\input_images\row008_col17_female.png,row008_col17_female.png,Female,White,Painterly,Teen,Female\White_Painterly\Teen
E:\aninovel\input_images\row008_col19_female.png,row008_col19_female.png,Female,White,Painterly,Teen,Female\White_Painterly\Teen
E:\aninovel\input_images\row008_col20_female.png,row008_col20_female.png,Female,White,Painterly,Teen,Female\White_Painterly\Teen
E:\aninovel\input_images\row010_col01_female.png,row010_col01_female.png,Female,White,Painterly,Teen,Female\White_Painterly\Teen
E:\aninovel\input_images\row010_col03_female.png,row010_col03_female.png,Female,White,Painterly,Teen,Female\White_Painterly\Teen
E:\aninovel\input_images\row010_col06_female.png,row010_col06_female.png,Female,White,Painterly,Teen,Female\White_Painterly\Teen
E:\aninovel\input_images\row010_col07_female.png,row010_col07_female.png,Female,White,Painterly,Teen,Female\White_Painterly\Teen
E:\aninovel\input_images\row010_col08_female.png,row010_col08_female.png,Female,White,Painterly,Teen,Female\White_Painterly\Teen
E:\aninovel\input_images\row010_col10_female.png,row010_col10_female.png,Female,White,Painterly,Teen,Female\White_Painterly\Teen
E:\aninovel\input_images\row010_col14_female.png,row010_col14_female.png,Female,White,Painterly,Teen,Female\White_Painterly\Teen
E:\aninovel\input_images\row010_col15_female.png,row010_col15_female.png,Female,White,Painterly,Teen,Female\White_Painterly\Teen
E:\aninovel\input_images\row010_col17_female.png,row010_col17_female.png,Female,White,Painterly,Teen,Female\White_Painterly\Teen
E:\aninovel\input_images\row016_col05_female.png,row016_col05_female.png,Female,White,Painterly,Teen,Female\White_Painterly\Teen
E:\aninovel\input_images\row016_col06_female.png,row016_col06_female.png,Female,White,Painterly,Teen,Female\White_Painterly\Teen
E:\aninovel\input_images\row016_col12_female.png,row016_col12_female.png,Female,White,Painterly,Teen,Female\White_Painterly\Teen
E:\aninovel\input_images\row016_col13_female.png,row016_col13_female.png,Female,White,Painterly,Teen,Female\White_Painterly\Teen
E:\aninovel\input_images\row016_col14_female.png,row016_col14_female.png,Female,White,Painterly,Teen,Female\White_Painterly\Teen
E:\aninovel\input_images\row016_col15_female.png,row016_col15_female.png,Female,White,Painterly,Teen,Female\White_Painterly\Teen
E:\aninovel\input_images\row016_col18_female.png,row016_col18_female.png,Female,White,Painterly,Teen,Female\White_Painterly\Teen
E:\aninovel\input_images\row016_col19_female.png,row016_col19_female.png,Female,White,Painterly,Teen,Female\White_Painterly\Teen
E:\aninovel\input_images\row018_col01_female.png,row018_col01_female.png,Female,White,Painterly,Teen,Female\White_Painterly\Teen
E:\aninovel\input_images\row018_col03_female.png,row018_col03_female.png,Female,White,Painterly,Teen,Female\White_Painterly\Teen
E:\aninovel\input_images\row018_col05_female.png,row018_col05_female.png,Female,White,Painterly,Teen,Female\White_Painterly\Teen
E:\aninovel\input_images\row018_col15_female.png,row018_col15_female.png,Female,White,Painterly,Teen,Female\White_Painterly\Teen
E:\aninovel\input_images\row018_col16_female.png,row018_col16_female.png,Female,White,Painterly,Teen,Female\White_Painterly\Teen
E:\aninovel\input_images\row020_col08_female.png,row020_col08_female.png,Female,White,Painterly,Teen,Female\White_Painterly\Teen
E:\aninovel\input_images\row020_col10_female.png,row020_col10_female.png,Female,White,Painterly,Teen,Female\White_Painterly\Teen
E:\aninovel\input_images\row020_col12_female.png,row020_col12_female.png,Female,White,Painterly,Teen,Female\White_Painterly\Teen
E:\aninovel\input_images\row020_col15_female.png,row020_col15_female.png,Female,White,Painterly,Teen,Female\White_Painterly\Teen
E:\aninovel\input_images\row026_col14_female.png,row026_col14_female.png,Female,White,Painterly,Teen,Female\White_Painterly\Teen
E:\aninovel\input_images\row036_col12_female.png,row036_col12_female.png,Female,White,Painterly,Teen,Female\White_Painterly\Teen
E:\aninovel\input_images\row004_col02_female.png,row004_col02_female.png,Female,Asian,RetroManga,YoungAdult,Female\Asian_RetroManga\YoungAdult
E:\aninovel\input_images\row004_col03_female.png,row004_col03_female.png,Female,Asian,Painterly,Adult,Female\Asian_Painterly\Adult
E:\aninovel\input_images\row070_col20_female.png,row070_col20_female.png,Female,Asian,Painterly,Adult,Female\Asian_Painterly\Adult
E:\aninovel\input_images\row096_col09_female.png,row096_col09_female.png,Female,Asian,Painterly,Adult,Female\Asian_Painterly\Adult
E:\aninovel\input_images\row096_col13_female.png,row096_col13_female.png,Female,Asian,Painterly,Adult,Female\Asian_Painterly\Adult
E:\aninovel\input_images\row100_col04_female.png,row100_col04_female.png,Female,Asian,Painterly,Adult,Female\Asian_Painterly\Adult
E:\aninovel\input_images\row100_col06_female.png,row100_col06_female.png,Female,Asian,Painterly,Adult,Female\Asian_Painterly\Adult
E:\aninovel\input_images\row100_col10_female.png,row100_col10_female.png,Female,Asian,Painterly,Adult,Female\Asian_Painterly\Adult
E:\aninovel\input_images\row004_col08_female.png,row004_col08_female.png,Female,Asian,Anime,YoungAdult,Female\Asian_Anime\YoungAdult
E:\aninovel\input_images\row044_col11_female.png,row044_col11_female.png,Female,Asian,Anime,YoungAdult,Female\Asian_Anime\YoungAdult
E:\aninovel\input_images\row092_col07_female.png,row092_col07_female.png,Female,Asian,Anime,YoungAdult,Female\Asian_Anime\YoungAdult
E:\aninovel\input_images\row094_col19_female.png,row094_col19_female.png,Female,Asian,Anime,YoungAdult,Female\Asian_Anime\YoungAdult
E:\aninovel\input_images\row004_col13_female.png,row004_col13_female.png,Female,Asian,Anime,Adult,Female\Asian_Anime\Adult
E:\aninovel\input_images\row004_col20_female.png,row004_col20_female.png,Female,Asian,Anime,Adult,Female\Asian_Anime\Adult
E:\aninovel\input_images\row014_col04_female.png,row014_col04_female.png,Female,Asian,Anime,Adult,Female\Asian_Anime\Adult
E:\aninovel\input_images\row024_col02_female.png,row024_col02_female.png,Female,Asian,Anime,Adult,Female\Asian_Anime\Adult
E:\aninovel\input_images\row024_col13_female.png,row024_col13_female.png,Female,Asian,Anime,Adult,Female\Asian_Anime\Adult
E:\aninovel\input_images\row024_col18_female.png,row024_col18_female.png,Female,Asian,Anime,Adult,Female\Asian_Anime\Adult
E:\aninovel\input_images\row032_col11_female.png,row032_col11_female.png,Female,Asian,Anime,Adult,Female\Asian_Anime\Adult
E:\aninovel\input_images\row034_col08_female.png,row034_col08_female.png,Female,Asian,Anime,Adult,Female\Asian_Anime\Adult
E:\aninovel\input_images\row042_col12_female.png,row042_col12_female.png,Female,Asian,Anime,Adult,Female\Asian_Anime\Adult
E:\aninovel\input_images\row004_col19_female.png,row004_col19_female.png,Female,White,Painterly,Child,Female\White_Painterly\Child
E:\aninovel\input_images\row006_col04_female.png,row006_col04_female.png,Female,White,Painterly,Child,Female\White_Painterly\Child
E:\aninovel\input_images\row006_col09_female.png,row006_col09_female.png,Female,White,Painterly,Child,Female\White_Painterly\Child
E:\aninovel\input_images\row008_col14_female.png,row008_col14_female.png,Female,White,Painterly,Child,Female\White_Painterly\Child
E:\aninovel\input_images\row005_col01_male.png,row005_col01_male.png,Male,Hispanic,Painterly,Child,Male\Hispanic_Painterly\Child
E:\aninovel\input_images\row005_col07_male.png,row005_col07_male.png,Male,Hispanic,Painterly,Child,Male\Hispanic_Painterly\Child
E:\aninovel\input_images\row005_col19_male.png,row005_col19_male.png,Male,Hispanic,Painterly,Child,Male\Hispanic_Painterly\Child
E:\aninovel\input_images\row006_col05_female.png,row006_col05_female.png,Female,Hispanic,Photo,Teen,Female\Hispanic_Photo\Teen
E:\aninovel\input_images\row006_col06_female.png,row006_col06_female.png,Female,Asian,Painterly,Child,Female\Asian_Painterly\Child
E:\aninovel\input_images\row010_col02_female.png,row010_col02_female.png,Female,Asian,Painterly,Child,Female\Asian_Painterly\Child
E:\aninovel\input_images\row006_col13_female.png,row006_col13_female.png,Female,Asian,Painterly,Teen,Female\Asian_Painterly\Teen
E:\aninovel\input_images\row006_col18_female.png,row006_col18_female.png,Female,Asian,Painterly,Teen,Female\Asian_Painterly\Teen
E:\aninovel\input_images\row008_col06_female.png,row008_col06_female.png,Female,Asian,Painterly,Teen,Female\Asian_Painterly\Teen
E:\aninovel\input_images\row008_col16_female.png,row008_col16_female.png,Female,Asian,Painterly,Teen,Female\Asian_Painterly\Teen
E:\aninovel\input_images\row010_col20_female.png,row010_col20_female.png,Female,Asian,Painterly,Teen,Female\Asian_Painterly\Teen
E:\aninovel\input_images\row007_col05_male.png,row007_col05_male.png,Male,Asian,Painterly,Teen,Male\Asian_Painterly\Teen
E:\aninovel\input_images\row009_col09_male.png,row009_col09_male.png,Male,Asian,Painterly,Teen,Male\Asian_Painterly\Teen
E:\aninovel\input_images\row007_col09_male.png,row007_col09_male.png,Male,White,Painterly,Adult,Male\White_Painterly\Adult
E:\aninovel\input_images\row009_col02_male.png,row009_col02_male.png,Male,White,Painterly,Adult,Male\White_Painterly\Adult
E:\aninovel\input_images\row017_col11_male.png,row017_col11_male.png,Male,White,Painterly,Adult,Male\White_Painterly\Adult
E:\aninovel\input_images\row019_col10_male.png,row019_col10_male.png,Male,White,Painterly,Adult,Male\White_Painterly\Adult
E:\aninovel\input_images\row019_col14_male.png,row019_col14_male.png,Male,White,Painterly,Adult,Male\White_Painterly\Adult
E:\aninovel\input_images\row027_col10_male.png,row027_col10_male.png,Male,White,Painterly,Adult,Male\White_Painterly\Adult
E:\aninovel\input_images\row029_col03_male.png,row029_col03_male.png,Male,White,Painterly,Adult,Male\White_Painterly\Adult
E:\aninovel\input_images\row051_col08_male.png,row051_col08_male.png,Male,White,Painterly,Adult,Male\White_Painterly\Adult
E:\aninovel\input_images\row053_col03_male.png,row053_col03_male.png,Male,White,Painterly,Adult,Male\White_Painterly\Adult
E:\aninovel\input_images\row053_col20_male.png,row053_col20_male.png,Male,White,Painterly,Adult,Male\White_Painterly\Adult
E:\aninovel\input_images\row055_col10_male.png,row055_col10_male.png,Male,White,Painterly,Adult,Male\White_Painterly\Adult
E:\aninovel\input_images\row055_col12_male.png,row055_col12_male.png,Male,White,Painterly,Adult,Male\White_Painterly\Adult
E:\aninovel\input_images\row055_col14_male.png,row055_col14_male.png,Male,White,Painterly,Adult,Male\White_Painterly\Adult
E:\aninovel\input_images\row055_col16_male.png,row055_col16_male.png,Male,White,Painterly,Adult,Male\White_Painterly\Adult
E:\aninovel\input_images\row055_col17_male.png,row055_col17_male.png,Male,White,Painterly,Adult,Male\White_Painterly\Adult
E:\aninovel\input_images\row055_col19_male.png,row055_col19_male.png,Male,White,Painterly,Adult,Male\White_Painterly\Adult
E:\aninovel\input_images\row055_col20_male.png,row055_col20_male.png,Male,White,Painterly,Adult,Male\White_Painterly\Adult
E:\aninovel\input_images\row057_col06_male.png,row057_col06_male.png,Male,White,Painterly,Adult,Male\White_Painterly\Adult
E:\aninovel\input_images\row057_col08_male.png,row057_col08_male.png,Male,White,Painterly,Adult,Male\White_Painterly\Adult
E:\aninovel\input_images\row057_col10_male.png,row057_col10_male.png,Male,White,Painterly,Adult,Male\White_Painterly\Adult
E:\aninovel\input_images\row057_col15_male.png,row057_col15_male.png,Male,White,Painterly,Adult,Male\White_Painterly\Adult
E:\aninovel\input_images\row057_col17_male.png,row057_col17_male.png,Male,White,Painterly,Adult,Male\White_Painterly\Adult
E:\aninovel\input_images\row057_col18_male.png,row057_col18_male.png,Male,White,Painterly,Adult,Male\White_Painterly\Adult
E:\aninovel\input_images\row057_col19_male.png,row057_col19_male.png,Male,White,Painterly,Adult,Male\White_Painterly\Adult
E:\aninovel\input_images\row059_col01_male.png,row059_col01_male.png,Male,White,Painterly,Adult,Male\White_Painterly\Adult
E:\aninovel\input_images\row059_col02_male.png,row059_col02_male.png,Male,White,Painterly,Adult,Male\White_Painterly\Adult
E:\aninovel\input_images\row059_col04_male.png,row059_col04_male.png,Male,White,Painterly,Adult,Male\White_Painterly\Adult
E:\aninovel\input_images\row059_col05_male.png,row059_col05_male.png,Male,White,Painterly,Adult,Male\White_Painterly\Adult
E:\aninovel\input_images\row059_col06_male.png,row059_col06_male.png,Male,White,Painterly,Adult,Male\White_Painterly\Adult
E:\aninovel\input_images\row059_col07_male.png,row059_col07_male.png,Male,White,Painterly,Adult,Male\White_Painterly\Adult
E:\aninovel\input_images\row059_col08_male.png,row059_col08_male.png,Male,White,Painterly,Adult,Male\White_Painterly\Adult
E:\aninovel\input_images\row059_col10_male.png,row059_col10_male.png,Male,White,Painterly,Adult,Male\White_Painterly\Adult
E:\aninovel\input_images\row059_col13_male.png,row059_col13_male.png,Male,White,Painterly,Adult,Male\White_Painterly\Adult
E:\aninovel\input_images\row059_col14_male.png,row059_col14_male.png,Male,White,Painterly,Adult,Male\White_Painterly\Adult
E:\aninovel\input_images\row059_col15_male.png,row059_col15_male.png,Male,White,Painterly,Adult,Male\White_Painterly\Adult
E:\aninovel\input_images\row059_col17_male.png,row059_col17_male.png,Male,White,Painterly,Adult,Male\White_Painterly\Adult
E:\aninovel\input_images\row059_col18_male.png,row059_col18_male.png,Male,White,Painterly,Adult,Male\White_Painterly\Adult
E:\aninovel\input_images\row061_col02_male.png,row061_col02_male.png,Male,White,Painterly,Adult,Male\White_Painterly\Adult
E:\aninovel\input_images\row061_col03_male.png,row061_col03_male.png,Male,White,Painterly,Adult,Male\White_Painterly\Adult
E:\aninovel\input_images\row061_col07_male.png,row061_col07_male.png,Male,White,Painterly,Adult,Male\White_Painterly\Adult
E:\aninovel\input_images\row063_col02_male.png,row063_col02_male.png,Male,White,Painterly,Adult,Male\White_Painterly\Adult
E:\aninovel\input_images\row063_col03_male.png,row063_col03_male.png,Male,White,Painterly,Adult,Male\White_Painterly\Adult
E:\aninovel\input_images\row063_col06_male.png,row063_col06_male.png,Male,White,Painterly,Adult,Male\White_Painterly\Adult
E:\aninovel\input_images\row063_col08_male.png,row063_col08_male.png,Male,White,Painterly,Adult,Male\White_Painterly\Adult
E:\aninovel\input_images\row063_col09_male.png,row063_col09_male.png,Male,White,Painterly,Adult,Male\White_Painterly\Adult
E:\aninovel\input_images\row063_col10_male.png,row063_col10_male.png,Male,White,Painterly,Adult,Male\White_Painterly\Adult
E:\aninovel\input_images\row063_col14_male.png,row063_col14_male.png,Male,White,Painterly,Adult,Male\White_Painterly\Adult
E:\aninovel\input_images\row063_col17_male.png,row063_col17_male.png,Male,White,Painterly,Adult,Male\White_Painterly\Adult
E:\aninovel\input_images\row063_col19_male.png,row063_col19_male.png,Male,White,Painterly,Adult,Male\White_Painterly\Adult
E:\aninovel\input_images\row063_col20_male.png,row063_col20_male.png,Male,White,Painterly,Adult,Male\White_Painterly\Adult
E:\aninovel\input_images\row065_col03_male.png,row065_col03_male.png,Male,White,Painterly,Adult,Male\White_Painterly\Adult
E:\aninovel\input_images\row065_col05_male.png,row065_col05_male.png,Male,White,Painterly,Adult,Male\White_Painterly\Adult
E:\aninovel\input_images\row065_col06_male.png,row065_col06_male.png,Male,White,Painterly,Adult,Male\White_Painterly\Adult
E:\aninovel\input_images\row065_col10_male.png,row065_col10_male.png,Male,White,Painterly,Adult,Male\White_Painterly\Adult
E:\aninovel\input_images\row065_col13_male.png,row065_col13_male.png,Male,White,Painterly,Adult,Male\White_Painterly\Adult
E:\aninovel\input_images\row065_col15_male.png,row065_col15_male.png,Male,White,Painterly,Adult,Male\White_Painterly\Adult
E:\aninovel\input_images\row065_col16_male.png,row065_col16_male.png,Male,White,Painterly,Adult,Male\White_Painterly\Adult
E:\aninovel\input_images\row065_col17_male.png,row065_col17_male.png,Male,White,Painterly,Adult,Male\White_Painterly\Adult
E:\aninovel\input_images\row065_col18_male.png,row065_col18_male.png,Male,White,Painterly,Adult,Male\White_Painterly\Adult
E:\aninovel\input_images\row065_col19_male.png,row065_col19_male.png,Male,White,Painterly,Adult,Male\White_Painterly\Adult
E:\aninovel\input_images\row065_col20_male.png,row065_col20_male.png,Male,White,Painterly,Adult,Male\White_Painterly\Adult
E:\aninovel\input_images\row067_col02_male.png,row067_col02_male.png,Male,White,Painterly,Adult,Male\White_Painterly\Adult
E:\aninovel\input_images\row067_col04_male.png,row067_col04_male.png,Male,White,Painterly,Adult,Male\White_Painterly\Adult
E:\aninovel\input_images\row067_col09_male.png,row067_col09_male.png,Male,White,Painterly,Adult,Male\White_Painterly\Adult
E:\aninovel\input_images\row067_col10_male.png,row067_col10_male.png,Male,White,Painterly,Adult,Male\White_Painterly\Adult
E:\aninovel\input_images\row067_col12_male.png,row067_col12_male.png,Male,White,Painterly,Adult,Male\White_Painterly\Adult
E:\aninovel\input_images\row067_col13_male.png,row067_col13_male.png,Male,White,Painterly,Adult,Male\White_Painterly\Adult
E:\aninovel\input_images\row067_col15_male.png,row067_col15_male.png,Male,White,Painterly,Adult,Male\White_Painterly\Adult
E:\aninovel\input_images\row067_col16_male.png,row067_col16_male.png,Male,White,Painterly,Adult,Male\White_Painterly\Adult
E:\aninovel\input_images\row069_col01_male.png,row069_col01_male.png,Male,White,Painterly,Adult,Male\White_Painterly\Adult
E:\aninovel\input_images\row069_col06_male.png,row069_col06_male.png,Male,White,Painterly,Adult,Male\White_Painterly\Adult
E:\aninovel\input_images\row069_col08_male.png,row069_col08_male.png,Male,White,Painterly,Adult,Male\White_Painterly\Adult
E:\aninovel\input_images\row069_col10_male.png,row069_col10_male.png,Male,White,Painterly,Adult,Male\White_Painterly\Adult
E:\aninovel\input_images\row069_col12_male.png,row069_col12_male.png,Male,White,Painterly,Adult,Male\White_Painterly\Adult
E:\aninovel\input_images\row069_col13_male.png,row069_col13_male.png,Male,White,Painterly,Adult,Male\White_Painterly\Adult
E:\aninovel\input_images\row069_col15_male.png,row069_col15_male.png,Male,White,Painterly,Adult,Male\White_Painterly\Adult
E:\aninovel\input_images\row069_col16_male.png,row069_col16_male.png,Male,White,Painterly,Adult,Male\White_Painterly\Adult
E:\aninovel\input_images\row069_col17_male.png,row069_col17_male.png,Male,White,Painterly,Adult,Male\White_Painterly\Adult
E:\aninovel\input_images\row069_col18_male.png,row069_col18_male.png,Male,White,Painterly,Adult,Male\White_Painterly\Adult
E:\aninovel\input_images\row071_col11_male.png,row071_col11_male.png,Male,White,Painterly,Adult,Male\White_Painterly\Adult
E:\aninovel\input_images\row073_col01_male.png,row073_col01_male.png,Male,White,Painterly,Adult,Male\White_Painterly\Adult
E:\aninovel\input_images\row073_col02_male.png,row073_col02_male.png,Male,White,Painterly,Adult,Male\White_Painterly\Adult
E:\aninovel\input_images\row073_col05_male.png,row073_col05_male.png,Male,White,Painterly,Adult,Male\White_Painterly\Adult
E:\aninovel\input_images\row073_col12_male.png,row073_col12_male.png,Male,White,Painterly,Adult,Male\White_Painterly\Adult
E:\aninovel\input_images\row073_col16_male.png,row073_col16_male.png,Male,White,Painterly,Adult,Male\White_Painterly\Adult
E:\aninovel\input_images\row073_col17_male.png,row073_col17_male.png,Male,White,Painterly,Adult,Male\White_Painterly\Adult
E:\aninovel\input_images\row073_col18_male.png,row073_col18_male.png,Male,White,Painterly,Adult,Male\White_Painterly\Adult
E:\aninovel\input_images\row075_col03_male.png,row075_col03_male.png,Male,White,Painterly,Adult,Male\White_Painterly\Adult
E:\aninovel\input_images\row075_col06_male.png,row075_col06_male.png,Male,White,Painterly,Adult,Male\White_Painterly\Adult
E:\aninovel\input_images\row075_col09_male.png,row075_col09_male.png,Male,White,Painterly,Adult,Male\White_Painterly\Adult
E:\aninovel\input_images\row075_col12_male.png,row075_col12_male.png,Male,White,Painterly,Adult,Male\White_Painterly\Adult
E:\aninovel\input_images\row075_col13_male.png,row075_col13_male.png,Male,White,Painterly,Adult,Male\White_Painterly\Adult
E:\aninovel\input_images\row075_col14_male.png,row075_col14_male.png,Male,White,Painterly,Adult,Male\White_Painterly\Adult
E:\aninovel\input_images\row075_col15_male.png,row075_col15_male.png,Male,White,Painterly,Adult,Male\White_Painterly\Adult
E:\aninovel\input_images\row075_col16_male.png,row075_col16_male.png,Male,White,Painterly,Adult,Male\White_Painterly\Adult
E:\aninovel\input_images\row075_col19_male.png,row075_col19_male.png,Male,White,Painterly,Adult,Male\White_Painterly\Adult
E:\aninovel\input_images\row075_col20_male.png,row075_col20_male.png,Male,White,Painterly,Adult,Male\White_Painterly\Adult
E:\aninovel\input_images\row077_col02_male.png,row077_col02_male.png,Male,White,Painterly,Adult,Male\White_Painterly\Adult
E:\aninovel\input_images\row077_col04_male.png,row077_col04_male.png,Male,White,Painterly,Adult,Male\White_Painterly\Adult
E:\aninovel\input_images\row077_col10_male.png,row077_col10_male.png,Male,White,Painterly,Adult,Male\White_Painterly\Adult
E:\aninovel\input_images\row077_col18_male.png,row077_col18_male.png,Male,White,Painterly,Adult,Male\White_Painterly\Adult
E:\aninovel\input_images\row079_col02_male.png,row079_col02_male.png,Male,White,Painterly,Adult,Male\White_Painterly\Adult
E:\aninovel\input_images\row079_col11_male.png,row079_col11_male.png,Male,White,Painterly,Adult,Male\White_Painterly\Adult
E:\aninovel\input_images\row079_col14_male.png,row079_col14_male.png,Male,White,Painterly,Adult,Male\White_Painterly\Adult
E:\aninovel\input_images\row087_col10_male.png,row087_col10_male.png,Male,White,Painterly,Adult,Male\White_Painterly\Adult
E:\aninovel\input_images\row089_col19_male.png,row089_col19_male.png,Male,White,Painterly,Adult,Male\White_Painterly\Adult
E:\aninovel\input_images\row007_col11_male.png,row007_col11_male.png,Male,Asian,Painterly,YoungAdult,Male\Asian_Painterly\YoungAdult
E:\aninovel\input_images\row009_col19_male.png,row009_col19_male.png,Male,Asian,Painterly,YoungAdult,Male\Asian_Painterly\YoungAdult
E:\aninovel\input_images\row095_col01_male.png,row095_col01_male.png,Male,Asian,Painterly,YoungAdult,Male\Asian_Painterly\YoungAdult
E:\aninovel\input_images\row095_col10_male.png,row095_col10_male.png,Male,Asian,Painterly,YoungAdult,Male\Asian_Painterly\YoungAdult
E:\aninovel\input_images\row095_col13_male.png,row095_col13_male.png,Male,Asian,Painterly,YoungAdult,Male\Asian_Painterly\YoungAdult
E:\aninovel\input_images\row095_col16_male.png,row095_col16_male.png,Male,Asian,Painterly,YoungAdult,Male\Asian_Painterly\YoungAdult
E:\aninovel\input_images\row095_col17_male.png,row095_col17_male.png,Male,Asian,Painterly,YoungAdult,Male\Asian_Painterly\YoungAdult
E:\aninovel\input_images\row095_col20_male.png,row095_col20_male.png,Male,Asian,Painterly,YoungAdult,Male\Asian_Painterly\YoungAdult
E:\aninovel\input_images\row097_col02_male.png,row097_col02_male.png,Male,Asian,Painterly,YoungAdult,Male\Asian_Painterly\YoungAdult
E:\aninovel\input_images\row097_col20_male.png,row097_col20_male.png,Male,Asian,Painterly,YoungAdult,Male\Asian_Painterly\YoungAdult
E:\aninovel\input_images\row099_col03_male.png,row099_col03_male.png,Male,Asian,Painterly,YoungAdult,Male\Asian_Painterly\YoungAdult
E:\aninovel\input_images\row099_col12_male.png,row099_col12_male.png,Male,Asian,Painterly,YoungAdult,Male\Asian_Painterly\YoungAdult
E:\aninovel\input_images\row008_col08_female.png,row008_col08_female.png,Female,White,Painterly,Adult,Female\White_Painterly\Adult
E:\aninovel\input_images\row010_col09_female.png,row010_col09_female.png,Female,White,Painterly,Adult,Female\White_Painterly\Adult
E:\aninovel\input_images\row018_col10_female.png,row018_col10_female.png,Female,White,Painterly,Adult,Female\White_Painterly\Adult
E:\aninovel\input_images\row020_col04_female.png,row020_col04_female.png,Female,White,Painterly,Adult,Female\White_Painterly\Adult
E:\aninovel\input_images\row020_col06_female.png,row020_col06_female.png,Female,White,Painterly,Adult,Female\White_Painterly\Adult
E:\aninovel\input_images\row020_col07_female.png,row020_col07_female.png,Female,White,Painterly,Adult,Female\White_Painterly\Adult
E:\aninovel\input_images\row020_col14_female.png,row020_col14_female.png,Female,White,Painterly,Adult,Female\White_Painterly\Adult
E:\aninovel\input_images\row020_col18_female.png,row020_col18_female.png,Female,White,Painterly,Adult,Female\White_Painterly\Adult
E:\aninovel\input_images\row028_col07_female.png,row028_col07_female.png,Female,White,Painterly,Adult,Female\White_Painterly\Adult
E:\aninovel\input_images\row030_col18_female.png,row030_col18_female.png,Female,White,Painterly,Adult,Female\White_Painterly\Adult
E:\aninovel\input_images\row040_col11_female.png,row040_col11_female.png,Female,White,Painterly,Adult,Female\White_Painterly\Adult
E:\aninovel\input_images\row040_col14_female.png,row040_col14_female.png,Female,White,Painterly,Adult,Female\White_Painterly\Adult
E:\aninovel\input_images\row048_col11_female.png,row048_col11_female.png,Female,White,Painterly,Adult,Female\White_Painterly\Adult
E:\aninovel\input_images\row050_col03_female.png,row050_col03_female.png,Female,White,Painterly,Adult,Female\White_Painterly\Adult
E:\aninovel\input_images\row050_col06_female.png,row050_col06_female.png,Female,White,Painterly,Adult,Female\White_Painterly\Adult
E:\aninovel\input_images\row050_col11_female.png,row050_col11_female.png,Female,White,Painterly,Adult,Female\White_Painterly\Adult
E:\aninovel\input_images\row050_col18_female.png,row050_col18_female.png,Female,White,Painterly,Adult,Female\White_Painterly\Adult
E:\aninovel\input_images\row052_col02_female.png,row052_col02_female.png,Female,White,Painterly,Adult,Female\White_Painterly\Adult
E:\aninovel\input_images\row052_col10_female.png,row052_col10_female.png,Female,White,Painterly,Adult,Female\White_Painterly\Adult
E:\aninovel\input_images\row052_col12_female.png,row052_col12_female.png,Female,White,Painterly,Adult,Female\White_Painterly\Adult
E:\aninovel\input_images\row052_col16_female.png,row052_col16_female.png,Female,White,Painterly,Adult,Female\White_Painterly\Adult
E:\aninovel\input_images\row054_col08_female.png,row054_col08_female.png,Female,White,Painterly,Adult,Female\White_Painterly\Adult
E:\aninovel\input_images\row056_col02_female.png,row056_col02_female.png,Female,White,Painterly,Adult,Female\White_Painterly\Adult
E:\aninovel\input_images\row056_col03_female.png,row056_col03_female.png,Female,White,Painterly,Adult,Female\White_Painterly\Adult
E:\aninovel\input_images\row056_col04_female.png,row056_col04_female.png,Female,White,Painterly,Adult,Female\White_Painterly\Adult
E:\aninovel\input_images\row056_col05_female.png,row056_col05_female.png,Female,White,Painterly,Adult,Female\White_Painterly\Adult
E:\aninovel\input_images\row056_col06_female.png,row056_col06_female.png,Female,White,Painterly,Adult,Female\White_Painterly\Adult
E:\aninovel\input_images\row056_col07_female.png,row056_col07_female.png,Female,White,Painterly,Adult,Female\White_Painterly\Adult
E:\aninovel\input_images\row056_col08_female.png,row056_col08_female.png,Female,White,Painterly,Adult,Female\White_Painterly\Adult
E:\aninovel\input_images\row056_col10_female.png,row056_col10_female.png,Female,White,Painterly,Adult,Female\White_Painterly\Adult
E:\aninovel\input_images\row056_col13_female.png,row056_col13_female.png,Female,White,Painterly,Adult,Female\White_Painterly\Adult
E:\aninovel\input_images\row056_col14_female.png,row056_col14_female.png,Female,White,Painterly,Adult,Female\White_Painterly\Adult
E:\aninovel\input_images\row056_col16_female.png,row056_col16_female.png,Female,White,Painterly,Adult,Female\White_Painterly\Adult
E:\aninovel\input_images\row056_col17_female.png,row056_col17_female.png,Female,White,Painterly,Adult,Female\White_Painterly\Adult
E:\aninovel\input_images\row056_col18_female.png,row056_col18_female.png,Female,White,Painterly,Adult,Female\White_Painterly\Adult
E:\aninovel\input_images\row056_col19_female.png,row056_col19_female.png,Female,White,Painterly,Adult,Female\White_Painterly\Adult
E:\aninovel\input_images\row058_col03_female.png,row058_col03_female.png,Female,White,Painterly,Adult,Female\White_Painterly\Adult
E:\aninovel\input_images\row058_col06_female.png,row058_col06_female.png,Female,White,Painterly,Adult,Female\White_Painterly\Adult
E:\aninovel\input_images\row058_col08_female.png,row058_col08_female.png,Female,White,Painterly,Adult,Female\White_Painterly\Adult
E:\aninovel\input_images\row058_col10_female.png,row058_col10_female.png,Female,White,Painterly,Adult,Female\White_Painterly\Adult
E:\aninovel\input_images\row058_col11_female.png,row058_col11_female.png,Female,White,Painterly,Adult,Female\White_Painterly\Adult
E:\aninovel\input_images\row058_col14_female.png,row058_col14_female.png,Female,White,Painterly,Adult,Female\White_Painterly\Adult
E:\aninovel\input_images\row058_col15_female.png,row058_col15_female.png,Female,White,Painterly,Adult,Female\White_Painterly\Adult
E:\aninovel\input_images\row058_col16_female.png,row058_col16_female.png,Female,White,Painterly,Adult,Female\White_Painterly\Adult
E:\aninovel\input_images\row058_col18_female.png,row058_col18_female.png,Female,White,Painterly,Adult,Female\White_Painterly\Adult
E:\aninovel\input_images\row058_col19_female.png,row058_col19_female.png,Female,White,Painterly,Adult,Female\White_Painterly\Adult
E:\aninovel\input_images\row058_col20_female.png,row058_col20_female.png,Female,White,Painterly,Adult,Female\White_Painterly\Adult
E:\aninovel\input_images\row060_col01_female.png,row060_col01_female.png,Female,White,Painterly,Adult,Female\White_Painterly\Adult
E:\aninovel\input_images\row060_col03_female.png,row060_col03_female.png,Female,White,Painterly,Adult,Female\White_Painterly\Adult
E:\aninovel\input_images\row060_col04_female.png,row060_col04_female.png,Female,White,Painterly,Adult,Female\White_Painterly\Adult
E:\aninovel\input_images\row060_col06_female.png,row060_col06_female.png,Female,White,Painterly,Adult,Female\White_Painterly\Adult
E:\aninovel\input_images\row060_col07_female.png,row060_col07_female.png,Female,White,Painterly,Adult,Female\White_Painterly\Adult
E:\aninovel\input_images\row060_col09_female.png,row060_col09_female.png,Female,White,Painterly,Adult,Female\White_Painterly\Adult
E:\aninovel\input_images\row060_col10_female.png,row060_col10_female.png,Female,White,Painterly,Adult,Female\White_Painterly\Adult
E:\aninovel\input_images\row060_col11_female.png,row060_col11_female.png,Female,White,Painterly,Adult,Female\White_Painterly\Adult
E:\aninovel\input_images\row060_col12_female.png,row060_col12_female.png,Female,White,Painterly,Adult,Female\White_Painterly\Adult
E:\aninovel\input_images\row060_col13_female.png,row060_col13_female.png,Female,White,Painterly,Adult,Female\White_Painterly\Adult
E:\aninovel\input_images\row060_col14_female.png,row060_col14_female.png,Female,White,Painterly,Adult,Female\White_Painterly\Adult
E:\aninovel\input_images\row060_col15_female.png,row060_col15_female.png,Female,White,Painterly,Adult,Female\White_Painterly\Adult
E:\aninovel\input_images\row060_col16_female.png,row060_col16_female.png,Female,White,Painterly,Adult,Female\White_Painterly\Adult
E:\aninovel\input_images\row060_col18_female.png,row060_col18_female.png,Female,White,Painterly,Adult,Female\White_Painterly\Adult
E:\aninovel\input_images\row060_col20_female.png,row060_col20_female.png,Female,White,Painterly,Adult,Female\White_Painterly\Adult
E:\aninovel\input_images\row062_col01_female.png,row062_col01_female.png,Female,White,Painterly,Adult,Female\White_Painterly\Adult
E:\aninovel\input_images\row062_col03_female.png,row062_col03_female.png,Female,White,Painterly,Adult,Female\White_Painterly\Adult
E:\aninovel\input_images\row062_col06_female.png,row062_col06_female.png,Female,White,Painterly,Adult,Female\White_Painterly\Adult
E:\aninovel\input_images\row062_col07_female.png,row062_col07_female.png,Female,White,Painterly,Adult,Female\White_Painterly\Adult
E:\aninovel\input_images\row062_col08_female.png,row062_col08_female.png,Female,White,Painterly,Adult,Female\White_Painterly\Adult
E:\aninovel\input_images\row062_col12_female.png,row062_col12_female.png,Female,White,Painterly,Adult,Female\White_Painterly\Adult
E:\aninovel\input_images\row062_col15_female.png,row062_col15_female.png,Female,White,Painterly,Adult,Female\White_Painterly\Adult
E:\aninovel\input_images\row062_col16_female.png,row062_col16_female.png,Female,White,Painterly,Adult,Female\White_Painterly\Adult
E:\aninovel\input_images\row062_col17_female.png,row062_col17_female.png,Female,White,Painterly,Adult,Female\White_Painterly\Adult
E:\aninovel\input_images\row062_col18_female.png,row062_col18_female.png,Female,White,Painterly,Adult,Female\White_Painterly\Adult
E:\aninovel\input_images\row064_col01_female.png,row064_col01_female.png,Female,White,Painterly,Adult,Female\White_Painterly\Adult
E:\aninovel\input_images\row064_col03_female.png,row064_col03_female.png,Female,White,Painterly,Adult,Female\White_Painterly\Adult
E:\aninovel\input_images\row064_col04_female.png,row064_col04_female.png,Female,White,Painterly,Adult,Female\White_Painterly\Adult
E:\aninovel\input_images\row064_col05_female.png,row064_col05_female.png,Female,White,Painterly,Adult,Female\White_Painterly\Adult
E:\aninovel\input_images\row064_col06_female.png,row064_col06_female.png,Female,White,Painterly,Adult,Female\White_Painterly\Adult
E:\aninovel\input_images\row064_col08_female.png,row064_col08_female.png,Female,White,Painterly,Adult,Female\White_Painterly\Adult
E:\aninovel\input_images\row064_col09_female.png,row064_col09_female.png,Female,White,Painterly,Adult,Female\White_Painterly\Adult
E:\aninovel\input_images\row064_col10_female.png,row064_col10_female.png,Female,White,Painterly,Adult,Female\White_Painterly\Adult
E:\aninovel\input_images\row064_col11_female.png,row064_col11_female.png,Female,White,Painterly,Adult,Female\White_Painterly\Adult
E:\aninovel\input_images\row064_col12_female.png,row064_col12_female.png,Female,White,Painterly,Adult,Female\White_Painterly\Adult
E:\aninovel\input_images\row064_col13_female.png,row064_col13_female.png,Female,White,Painterly,Adult,Female\White_Painterly\Adult
E:\aninovel\input_images\row064_col14_female.png,row064_col14_female.png,Female,White,Painterly,Adult,Female\White_Painterly\Adult
E:\aninovel\input_images\row064_col15_female.png,row064_col15_female.png,Female,White,Painterly,Adult,Female\White_Painterly\Adult
E:\aninovel\input_images\row064_col16_female.png,row064_col16_female.png,Female,White,Painterly,Adult,Female\White_Painterly\Adult
E:\aninovel\input_images\row064_col17_female.png,row064_col17_female.png,Female,White,Painterly,Adult,Female\White_Painterly\Adult
E:\aninovel\input_images\row064_col19_female.png,row064_col19_female.png,Female,White,Painterly,Adult,Female\White_Painterly\Adult
E:\aninovel\input_images\row066_col01_female.png,row066_col01_female.png,Female,White,Painterly,Adult,Female\White_Painterly\Adult
E:\aninovel\input_images\row066_col02_female.png,row066_col02_female.png,Female,White,Painterly,Adult,Female\White_Painterly\Adult
E:\aninovel\input_images\row066_col03_female.png,row066_col03_female.png,Female,White,Painterly,Adult,Female\White_Painterly\Adult
E:\aninovel\input_images\row066_col04_female.png,row066_col04_female.png,Female,White,Painterly,Adult,Female\White_Painterly\Adult
E:\aninovel\input_images\row066_col05_female.png,row066_col05_female.png,Female,White,Painterly,Adult,Female\White_Painterly\Adult
E:\aninovel\input_images\row066_col08_female.png,row066_col08_female.png,Female,White,Painterly,Adult,Female\White_Painterly\Adult
E:\aninovel\input_images\row066_col09_female.png,row066_col09_female.png,Female,White,Painterly,Adult,Female\White_Painterly\Adult
E:\aninovel\input_images\row066_col10_female.png,row066_col10_female.png,Female,White,Painterly,Adult,Female\White_Painterly\Adult
E:\aninovel\input_images\row066_col12_female.png,row066_col12_female.png,Female,White,Painterly,Adult,Female\White_Painterly\Adult
E:\aninovel\input_images\row066_col13_female.png,row066_col13_female.png,Female,White,Painterly,Adult,Female\White_Painterly\Adult
E:\aninovel\input_images\row066_col14_female.png,row066_col14_female.png,Female,White,Painterly,Adult,Female\White_Painterly\Adult
E:\aninovel\input_images\row066_col15_female.png,row066_col15_female.png,Female,White,Painterly,Adult,Female\White_Painterly\Adult
E:\aninovel\input_images\row066_col16_female.png,row066_col16_female.png,Female,White,Painterly,Adult,Female\White_Painterly\Adult
E:\aninovel\input_images\row066_col17_female.png,row066_col17_female.png,Female,White,Painterly,Adult,Female\White_Painterly\Adult
E:\aninovel\input_images\row066_col18_female.png,row066_col18_female.png,Female,White,Painterly,Adult,Female\White_Painterly\Adult
E:\aninovel\input_images\row068_col02_female.png,row068_col02_female.png,Female,White,Painterly,Adult,Female\White_Painterly\Adult
E:\aninovel\input_images\row068_col03_female.png,row068_col03_female.png,Female,White,Painterly,Adult,Female\White_Painterly\Adult
E:\aninovel\input_images\row068_col06_female.png,row068_col06_female.png,Female,White,Painterly,Adult,Female\White_Painterly\Adult
E:\aninovel\input_images\row068_col08_female.png,row068_col08_female.png,Female,White,Painterly,Adult,Female\White_Painterly\Adult
E:\aninovel\input_images\row068_col09_female.png,row068_col09_female.png,Female,White,Painterly,Adult,Female\White_Painterly\Adult
E:\aninovel\input_images\row068_col10_female.png,row068_col10_female.png,Female,White,Painterly,Adult,Female\White_Painterly\Adult
E:\aninovel\input_images\row068_col11_female.png,row068_col11_female.png,Female,White,Painterly,Adult,Female\White_Painterly\Adult
E:\aninovel\input_images\row068_col12_female.png,row068_col12_female.png,Female,White,Painterly,Adult,Female\White_Painterly\Adult
E:\aninovel\input_images\row068_col13_female.png,row068_col13_female.png,Female,White,Painterly,Adult,Female\White_Painterly\Adult
E:\aninovel\input_images\row068_col15_female.png,row068_col15_female.png,Female,White,Painterly,Adult,Female\White_Painterly\Adult
E:\aninovel\input_images\row068_col18_female.png,row068_col18_female.png,Female,White,Painterly,Adult,Female\White_Painterly\Adult
E:\aninovel\input_images\row068_col20_female.png,row068_col20_female.png,Female,White,Painterly,Adult,Female\White_Painterly\Adult
E:\aninovel\input_images\row070_col03_female.png,row070_col03_female.png,Female,White,Painterly,Adult,Female\White_Painterly\Adult
E:\aninovel\input_images\row070_col05_female.png,row070_col05_female.png,Female,White,Painterly,Adult,Female\White_Painterly\Adult
E:\aninovel\input_images\row070_col07_female.png,row070_col07_female.png,Female,White,Painterly,Adult,Female\White_Painterly\Adult
E:\aninovel\input_images\row070_col08_female.png,row070_col08_female.png,Female,White,Painterly,Adult,Female\White_Painterly\Adult
E:\aninovel\input_images\row070_col09_female.png,row070_col09_female.png,Female,White,Painterly,Adult,Female\White_Painterly\Adult
E:\aninovel\input_images\row070_col11_female.png,row070_col11_female.png,Female,White,Painterly,Adult,Female\White_Painterly\Adult
E:\aninovel\input_images\row070_col12_female.png,row070_col12_female.png,Female,White,Painterly,Adult,Female\White_Painterly\Adult
E:\aninovel\input_images\row070_col13_female.png,row070_col13_female.png,Female,White,Painterly,Adult,Female\White_Painterly\Adult
E:\aninovel\input_images\row070_col15_female.png,row070_col15_female.png,Female,White,Painterly,Adult,Female\White_Painterly\Adult
E:\aninovel\input_images\row070_col16_female.png,row070_col16_female.png,Female,White,Painterly,Adult,Female\White_Painterly\Adult
E:\aninovel\input_images\row070_col18_female.png,row070_col18_female.png,Female,White,Painterly,Adult,Female\White_Painterly\Adult
E:\aninovel\input_images\row070_col19_female.png,row070_col19_female.png,Female,White,Painterly,Adult,Female\White_Painterly\Adult
E:\aninovel\input_images\row072_col06_female.png,row072_col06_female.png,Female,White,Painterly,Adult,Female\White_Painterly\Adult
E:\aninovel\input_images\row072_col08_female.png,row072_col08_female.png,Female,White,Painterly,Adult,Female\White_Painterly\Adult
E:\aninovel\input_images\row072_col13_female.png,row072_col13_female.png,Female,White,Painterly,Adult,Female\White_Painterly\Adult
E:\aninovel\input_images\row072_col15_female.png,row072_col15_female.png,Female,White,Painterly,Adult,Female\White_Painterly\Adult
E:\aninovel\input_images\row072_col18_female.png,row072_col18_female.png,Female,White,Painterly,Adult,Female\White_Painterly\Adult
E:\aninovel\input_images\row074_col05_female.png,row074_col05_female.png,Female,White,Painterly,Adult,Female\White_Painterly\Adult
E:\aninovel\input_images\row074_col06_female.png,row074_col06_female.png,Female,White,Painterly,Adult,Female\White_Painterly\Adult
E:\aninovel\input_images\row074_col10_female.png,row074_col10_female.png,Female,White,Painterly,Adult,Female\White_Painterly\Adult
E:\aninovel\input_images\row074_col11_female.png,row074_col11_female.png,Female,White,Painterly,Adult,Female\White_Painterly\Adult
E:\aninovel\input_images\row074_col12_female.png,row074_col12_female.png,Female,White,Painterly,Adult,Female\White_Painterly\Adult
E:\aninovel\input_images\row074_col13_female.png,row074_col13_female.png,Female,White,Painterly,Adult,Female\White_Painterly\Adult
E:\aninovel\input_images\row074_col15_female.png,row074_col15_female.png,Female,White,Painterly,Adult,Female\White_Painterly\Adult
E:\aninovel\input_images\row074_col17_female.png,row074_col17_female.png,Female,White,Painterly,Adult,Female\White_Painterly\Adult
E:\aninovel\input_images\row076_col04_female.png,row076_col04_female.png,Female,White,Painterly,Adult,Female\White_Painterly\Adult
E:\aninovel\input_images\row076_col05_female.png,row076_col05_female.png,Female,White,Painterly,Adult,Female\White_Painterly\Adult
E:\aninovel\input_images\row076_col11_female.png,row076_col11_female.png,Female,White,Painterly,Adult,Female\White_Painterly\Adult
E:\aninovel\input_images\row076_col12_female.png,row076_col12_female.png,Female,White,Painterly,Adult,Female\White_Painterly\Adult
E:\aninovel\input_images\row076_col19_female.png,row076_col19_female.png,Female,White,Painterly,Adult,Female\White_Painterly\Adult
E:\aninovel\input_images\row078_col02_female.png,row078_col02_female.png,Female,White,Painterly,Adult,Female\White_Painterly\Adult
E:\aninovel\input_images\row078_col13_female.png,row078_col13_female.png,Female,White,Painterly,Adult,Female\White_Painterly\Adult
E:\aninovel\input_images\row080_col03_female.png,row080_col03_female.png,Female,White,Painterly,Adult,Female\White_Painterly\Adult
E:\aninovel\input_images\row080_col04_female.png,row080_col04_female.png,Female,White,Painterly,Adult,Female\White_Painterly\Adult
E:\aninovel\input_images\row080_col06_female.png,row080_col06_female.png,Female,White,Painterly,Adult,Female\White_Painterly\Adult
E:\aninovel\input_images\row080_col09_female.png,row080_col09_female.png,Female,White,Painterly,Adult,Female\White_Painterly\Adult
E:\aninovel\input_images\row080_col12_female.png,row080_col12_female.png,Female,White,Painterly,Adult,Female\White_Painterly\Adult
E:\aninovel\input_images\row080_col14_female.png,row080_col14_female.png,Female,White,Painterly,Adult,Female\White_Painterly\Adult
E:\aninovel\input_images\row084_col14_female.png,row084_col14_female.png,Female,White,Painterly,Adult,Female\White_Painterly\Adult
E:\aninovel\input_images\row084_col17_female.png,row084_col17_female.png,Female,White,Painterly,Adult,Female\White_Painterly\Adult
E:\aninovel\input_images\row086_col02_female.png,row086_col02_female.png,Female,White,Painterly,Adult,Female\White_Painterly\Adult
E:\aninovel\input_images\row086_col04_female.png,row086_col04_female.png,Female,White,Painterly,Adult,Female\White_Painterly\Adult
E:\aninovel\input_images\row088_col07_female.png,row088_col07_female.png,Female,White,Painterly,Adult,Female\White_Painterly\Adult
E:\aninovel\input_images\row090_col01_female.png,row090_col01_female.png,Female,White,Painterly,Adult,Female\White_Painterly\Adult
E:\aninovel\input_images\row090_col02_female.png,row090_col02_female.png,Female,White,Painterly,Adult,Female\White_Painterly\Adult
E:\aninovel\input_images\row090_col10_female.png,row090_col10_female.png,Female,White,Painterly,Adult,Female\White_Painterly\Adult
E:\aninovel\input_images\row090_col11_female.png,row090_col11_female.png,Female,White,Painterly,Adult,Female\White_Painterly\Adult
E:\aninovel\input_images\row090_col12_female.png,row090_col12_female.png,Female,White,Painterly,Adult,Female\White_Painterly\Adult
E:\aninovel\input_images\row090_col13_female.png,row090_col13_female.png,Female,White,Painterly,Adult,Female\White_Painterly\Adult
E:\aninovel\input_images\row090_col14_female.png,row090_col14_female.png,Female,White,Painterly,Adult,Female\White_Painterly\Adult
E:\aninovel\input_images\row090_col15_female.png,row090_col15_female.png,Female,White,Painterly,Adult,Female\White_Painterly\Adult
E:\aninovel\input_images\row100_col11_female.png,row100_col11_female.png,Female,White,Painterly,Adult,Female\White_Painterly\Adult
E:\aninovel\input_images\row009_col16_male.png,row009_col16_male.png,Male,Hispanic,Painterly,Teen,Male\Hispanic_Painterly\Teen
E:\aninovel\input_images\row011_col01_male.png,row011_col01_male.png,Male,MiddleEastern,Anime,Adult,Male\MiddleEastern_Anime\Adult
E:\aninovel\input_images\row051_col15_male.png,row051_col15_male.png,Male,MiddleEastern,Anime,Adult,Male\MiddleEastern_Anime\Adult
E:\aninovel\input_images\row063_col12_male.png,row063_col12_male.png,Male,MiddleEastern,Anime,Adult,Male\MiddleEastern_Anime\Adult
E:\aninovel\input_images\row081_col02_male.png,row081_col02_male.png,Male,MiddleEastern,Anime,Adult,Male\MiddleEastern_Anime\Adult
E:\aninovel\input_images\row011_col03_male.png,row011_col03_male.png,Male,White,Anime,Adult,Male\White_Anime\Adult
E:\aninovel\input_images\row011_col06_male.png,row011_col06_male.png,Male,White,Anime,Adult,Male\White_Anime\Adult
E:\aninovel\input_images\row011_col07_male.png,row011_col07_male.png,Male,White,Anime,Adult,Male\White_Anime\Adult
E:\aninovel\input_images\row011_col10_male.png,row011_col10_male.png,Male,White,Anime,Adult,Male\White_Anime\Adult
E:\aninovel\input_images\row011_col14_male.png,row011_col14_male.png,Male,White,Anime,Adult,Male\White_Anime\Adult
E:\aninovel\input_images\row011_col15_male.png,row011_col15_male.png,Male,White,Anime,Adult,Male\White_Anime\Adult
E:\aninovel\input_images\row011_col17_male.png,row011_col17_male.png,Male,White,Anime,Adult,Male\White_Anime\Adult
E:\aninovel\input_images\row011_col18_male.png,row011_col18_male.png,Male,White,Anime,Adult,Male\White_Anime\Adult
E:\aninovel\input_images\row013_col02_male.png,row013_col02_male.png,Male,White,Anime,Adult,Male\White_Anime\Adult
E:\aninovel\input_images\row013_col04_male.png,row013_col04_male.png,Male,White,Anime,Adult,Male\White_Anime\Adult
E:\aninovel\input_images\row013_col05_male.png,row013_col05_male.png,Male,White,Anime,Adult,Male\White_Anime\Adult
E:\aninovel\input_images\row013_col08_male.png,row013_col08_male.png,Male,White,Anime,Adult,Male\White_Anime\Adult
E:\aninovel\input_images\row013_col09_male.png,row013_col09_male.png,Male,White,Anime,Adult,Male\White_Anime\Adult
E:\aninovel\input_images\row013_col10_male.png,row013_col10_male.png,Male,White,Anime,Adult,Male\White_Anime\Adult
E:\aninovel\input_images\row013_col13_male.png,row013_col13_male.png,Male,White,Anime,Adult,Male\White_Anime\Adult
E:\aninovel\input_images\row013_col15_male.png,row013_col15_male.png,Male,White,Anime,Adult,Male\White_Anime\Adult
E:\aninovel\input_images\row013_col20_male.png,row013_col20_male.png,Male,White,Anime,Adult,Male\White_Anime\Adult
E:\aninovel\input_images\row021_col02_male.png,row021_col02_male.png,Male,White,Anime,Adult,Male\White_Anime\Adult
E:\aninovel\input_images\row021_col03_male.png,row021_col03_male.png,Male,White,Anime,Adult,Male\White_Anime\Adult
E:\aninovel\input_images\row021_col04_male.png,row021_col04_male.png,Male,White,Anime,Adult,Male\White_Anime\Adult
E:\aninovel\input_images\row021_col07_male.png,row021_col07_male.png,Male,White,Anime,Adult,Male\White_Anime\Adult
E:\aninovel\input_images\row021_col09_male.png,row021_col09_male.png,Male,White,Anime,Adult,Male\White_Anime\Adult
E:\aninovel\input_images\row021_col10_male.png,row021_col10_male.png,Male,White,Anime,Adult,Male\White_Anime\Adult
E:\aninovel\input_images\row021_col12_male.png,row021_col12_male.png,Male,White,Anime,Adult,Male\White_Anime\Adult
E:\aninovel\input_images\row021_col13_male.png,row021_col13_male.png,Male,White,Anime,Adult,Male\White_Anime\Adult
E:\aninovel\input_images\row021_col16_male.png,row021_col16_male.png,Male,White,Anime,Adult,Male\White_Anime\Adult
E:\aninovel\input_images\row021_col18_male.png,row021_col18_male.png,Male,White,Anime,Adult,Male\White_Anime\Adult
E:\aninovel\input_images\row023_col01_male.png,row023_col01_male.png,Male,White,Anime,Adult,Male\White_Anime\Adult
E:\aninovel\input_images\row023_col02_male.png,row023_col02_male.png,Male,White,Anime,Adult,Male\White_Anime\Adult
E:\aninovel\input_images\row023_col03_male.png,row023_col03_male.png,Male,White,Anime,Adult,Male\White_Anime\Adult
E:\aninovel\input_images\row023_col07_male.png,row023_col07_male.png,Male,White,Anime,Adult,Male\White_Anime\Adult
E:\aninovel\input_images\row023_col10_male.png,row023_col10_male.png,Male,White,Anime,Adult,Male\White_Anime\Adult
E:\aninovel\input_images\row023_col11_male.png,row023_col11_male.png,Male,White,Anime,Adult,Male\White_Anime\Adult
E:\aninovel\input_images\row023_col12_male.png,row023_col12_male.png,Male,White,Anime,Adult,Male\White_Anime\Adult
E:\aninovel\input_images\row023_col13_male.png,row023_col13_male.png,Male,White,Anime,Adult,Male\White_Anime\Adult
E:\aninovel\input_images\row023_col15_male.png,row023_col15_male.png,Male,White,Anime,Adult,Male\White_Anime\Adult
E:\aninovel\input_images\row023_col16_male.png,row023_col16_male.png,Male,White,Anime,Adult,Male\White_Anime\Adult
E:\aninovel\input_images\row023_col17_male.png,row023_col17_male.png,Male,White,Anime,Adult,Male\White_Anime\Adult
E:\aninovel\input_images\row023_col20_male.png,row023_col20_male.png,Male,White,Anime,Adult,Male\White_Anime\Adult
E:\aninovel\input_images\row031_col02_male.png,row031_col02_male.png,Male,White,Anime,Adult,Male\White_Anime\Adult
E:\aninovel\input_images\row031_col03_male.png,row031_col03_male.png,Male,White,Anime,Adult,Male\White_Anime\Adult
E:\aninovel\input_images\row031_col06_male.png,row031_col06_male.png,Male,White,Anime,Adult,Male\White_Anime\Adult
E:\aninovel\input_images\row031_col10_male.png,row031_col10_male.png,Male,White,Anime,Adult,Male\White_Anime\Adult
E:\aninovel\input_images\row031_col11_male.png,row031_col11_male.png,Male,White,Anime,Adult,Male\White_Anime\Adult
E:\aninovel\input_images\row031_col14_male.png,row031_col14_male.png,Male,White,Anime,Adult,Male\White_Anime\Adult
E:\aninovel\input_images\row031_col15_male.png,row031_col15_male.png,Male,White,Anime,Adult,Male\White_Anime\Adult
E:\aninovel\input_images\row031_col17_male.png,row031_col17_male.png,Male,White,Anime,Adult,Male\White_Anime\Adult
E:\aninovel\input_images\row031_col18_male.png,row031_col18_male.png,Male,White,Anime,Adult,Male\White_Anime\Adult
E:\aninovel\input_images\row033_col01_male.png,row033_col01_male.png,Male,White,Anime,Adult,Male\White_Anime\Adult
E:\aninovel\input_images\row033_col02_male.png,row033_col02_male.png,Male,White,Anime,Adult,Male\White_Anime\Adult
E:\aninovel\input_images\row033_col03_male.png,row033_col03_male.png,Male,White,Anime,Adult,Male\White_Anime\Adult
E:\aninovel\input_images\row033_col06_male.png,row033_col06_male.png,Male,White,Anime,Adult,Male\White_Anime\Adult
E:\aninovel\input_images\row033_col07_male.png,row033_col07_male.png,Male,White,Anime,Adult,Male\White_Anime\Adult
E:\aninovel\input_images\row033_col09_male.png,row033_col09_male.png,Male,White,Anime,Adult,Male\White_Anime\Adult
E:\aninovel\input_images\row033_col10_male.png,row033_col10_male.png,Male,White,Anime,Adult,Male\White_Anime\Adult
E:\aninovel\input_images\row033_col11_male.png,row033_col11_male.png,Male,White,Anime,Adult,Male\White_Anime\Adult
E:\aninovel\input_images\row033_col13_male.png,row033_col13_male.png,Male,White,Anime,Adult,Male\White_Anime\Adult
E:\aninovel\input_images\row033_col15_male.png,row033_col15_male.png,Male,White,Anime,Adult,Male\White_Anime\Adult
E:\aninovel\input_images\row033_col16_male.png,row033_col16_male.png,Male,White,Anime,Adult,Male\White_Anime\Adult
E:\aninovel\input_images\row033_col18_male.png,row033_col18_male.png,Male,White,Anime,Adult,Male\White_Anime\Adult
E:\aninovel\input_images\row033_col20_male.png,row033_col20_male.png,Male,White,Anime,Adult,Male\White_Anime\Adult
E:\aninovel\input_images\row037_col17_male.png,row037_col17_male.png,Male,White,Anime,Adult,Male\White_Anime\Adult
E:\aninovel\input_images\row041_col04_male.png,row041_col04_male.png,Male,White,Anime,Adult,Male\White_Anime\Adult
E:\aninovel\input_images\row041_col18_male.png,row041_col18_male.png,Male,White,Anime,Adult,Male\White_Anime\Adult
E:\aninovel\input_images\row043_col06_male.png,row043_col06_male.png,Male,White,Anime,Adult,Male\White_Anime\Adult
E:\aninovel\input_images\row043_col07_male.png,row043_col07_male.png,Male,White,Anime,Adult,Male\White_Anime\Adult
E:\aninovel\input_images\row043_col10_male.png,row043_col10_male.png,Male,White,Anime,Adult,Male\White_Anime\Adult
E:\aninovel\input_images\row043_col11_male.png,row043_col11_male.png,Male,White,Anime,Adult,Male\White_Anime\Adult
E:\aninovel\input_images\row043_col17_male.png,row043_col17_male.png,Male,White,Anime,Adult,Male\White_Anime\Adult
E:\aninovel\input_images\row053_col06_male.png,row053_col06_male.png,Male,White,Anime,Adult,Male\White_Anime\Adult
E:\aninovel\input_images\row053_col09_male.png,row053_col09_male.png,Male,White,Anime,Adult,Male\White_Anime\Adult
E:\aninovel\input_images\row053_col10_male.png,row053_col10_male.png,Male,White,Anime,Adult,Male\White_Anime\Adult
E:\aninovel\input_images\row053_col17_male.png,row053_col17_male.png,Male,White,Anime,Adult,Male\White_Anime\Adult
E:\aninovel\input_images\row061_col08_male.png,row061_col08_male.png,Male,White,Anime,Adult,Male\White_Anime\Adult
E:\aninovel\input_images\row063_col01_male.png,row063_col01_male.png,Male,White,Anime,Adult,Male\White_Anime\Adult
E:\aninovel\input_images\row063_col18_male.png,row063_col18_male.png,Male,White,Anime,Adult,Male\White_Anime\Adult
E:\aninovel\input_images\row081_col03_male.png,row081_col03_male.png,Male,White,Anime,Adult,Male\White_Anime\Adult
E:\aninovel\input_images\row081_col10_male.png,row081_col10_male.png,Male,White,Anime,Adult,Male\White_Anime\Adult
E:\aninovel\input_images\row081_col12_male.png,row081_col12_male.png,Male,White,Anime,Adult,Male\White_Anime\Adult
E:\aninovel\input_images\row081_col15_male.png,row081_col15_male.png,Male,White,Anime,Adult,Male\White_Anime\Adult
E:\aninovel\input_images\row083_col03_male.png,row083_col03_male.png,Male,White,Anime,Adult,Male\White_Anime\Adult
E:\aninovel\input_images\row083_col04_male.png,row083_col04_male.png,Male,White,Anime,Adult,Male\White_Anime\Adult
E:\aninovel\input_images\row083_col07_male.png,row083_col07_male.png,Male,White,Anime,Adult,Male\White_Anime\Adult
E:\aninovel\input_images\row083_col10_male.png,row083_col10_male.png,Male,White,Anime,Adult,Male\White_Anime\Adult
E:\aninovel\input_images\row083_col11_male.png,row083_col11_male.png,Male,White,Anime,Adult,Male\White_Anime\Adult
E:\aninovel\input_images\row083_col13_male.png,row083_col13_male.png,Male,White,Anime,Adult,Male\White_Anime\Adult
E:\aninovel\input_images\row083_col14_male.png,row083_col14_male.png,Male,White,Anime,Adult,Male\White_Anime\Adult
E:\aninovel\input_images\row091_col03_male.png,row091_col03_male.png,Male,White,Anime,Adult,Male\White_Anime\Adult
E:\aninovel\input_images\row091_col10_male.png,row091_col10_male.png,Male,White,Anime,Adult,Male\White_Anime\Adult
E:\aninovel\input_images\row093_col06_male.png,row093_col06_male.png,Male,White,Anime,Adult,Male\White_Anime\Adult
E:\aninovel\input_images\row093_col10_male.png,row093_col10_male.png,Male,White,Anime,Adult,Male\White_Anime\Adult
E:\aninovel\input_images\row012_col09_female.png,row012_col09_female.png,Female,MiddleEastern,Anime,Adult,Female\MiddleEastern_Anime\Adult
E:\aninovel\input_images\row014_col14_female.png,row014_col14_female.png,Female,MiddleEastern,Anime,Adult,Female\MiddleEastern_Anime\Adult
E:\aninovel\input_images\row024_col12_female.png,row024_col12_female.png,Female,MiddleEastern,Anime,Adult,Female\MiddleEastern_Anime\Adult
E:\aninovel\input_images\row042_col07_female.png,row042_col07_female.png,Female,MiddleEastern,Anime,Adult,Female\MiddleEastern_Anime\Adult
E:\aninovel\input_images\row064_col20_female.png,row064_col20_female.png,Female,MiddleEastern,Anime,Adult,Female\MiddleEastern_Anime\Adult
E:\aninovel\input_images\row012_col17_female.png,row012_col17_female.png,Female,Hispanic,Anime,Adult,Female\Hispanic_Anime\Adult
E:\aninovel\input_images\row094_col05_female.png,row094_col05_female.png,Female,Hispanic,Anime,Adult,Female\Hispanic_Anime\Adult
E:\aninovel\input_images\row012_col18_female.png,row012_col18_female.png,Female,Black,RetroManga,Adult,Female\Black_RetroManga\Adult
E:\aninovel\input_images\row013_col12_male.png,row013_col12_male.png,Male,White,Anime,Child,Male\White_Anime\Child
E:\aninovel\input_images\row013_col19_male.png,row013_col19_male.png,Male,White,Anime,Child,Male\White_Anime\Child
E:\aninovel\input_images\row014_col15_female.png,row014_col15_female.png,Female,MiddleEastern,Anime,YoungAdult,Female\MiddleEastern_Anime\YoungAdult
E:\aninovel\input_images\row024_col01_female.png,row024_col01_female.png,Female,MiddleEastern,Anime,YoungAdult,Female\MiddleEastern_Anime\YoungAdult
E:\aninovel\input_images\row028_col08_female.png,row028_col08_female.png,Female,MiddleEastern,Anime,YoungAdult,Female\MiddleEastern_Anime\YoungAdult
E:\aninovel\input_images\row032_col08_female.png,row032_col08_female.png,Female,MiddleEastern,Anime,YoungAdult,Female\MiddleEastern_Anime\YoungAdult
E:\aninovel\input_images\row032_col15_female.png,row032_col15_female.png,Female,MiddleEastern,Anime,YoungAdult,Female\MiddleEastern_Anime\YoungAdult
E:\aninovel\input_images\row044_col09_female.png,row044_col09_female.png,Female,MiddleEastern,Anime,YoungAdult,Female\MiddleEastern_Anime\YoungAdult
E:\aninovel\input_images\row048_col06_female.png,row048_col06_female.png,Female,MiddleEastern,Anime,YoungAdult,Female\MiddleEastern_Anime\YoungAdult
E:\aninovel\input_images\row054_col06_female.png,row054_col06_female.png,Female,MiddleEastern,Anime,YoungAdult,Female\MiddleEastern_Anime\YoungAdult
E:\aninovel\input_images\row084_col06_female.png,row084_col06_female.png,Female,MiddleEastern,Anime,YoungAdult,Female\MiddleEastern_Anime\YoungAdult
E:\aninovel\input_images\row092_col01_female.png,row092_col01_female.png,Female,MiddleEastern,Anime,YoungAdult,Female\MiddleEastern_Anime\YoungAdult
E:\aninovel\input_images\row094_col09_female.png,row094_col09_female.png,Female,MiddleEastern,Anime,YoungAdult,Female\MiddleEastern_Anime\YoungAdult
E:\aninovel\input_images\row094_col15_female.png,row094_col15_female.png,Female,MiddleEastern,Anime,YoungAdult,Female\MiddleEastern_Anime\YoungAdult
E:\aninovel\input_images\row094_col17_female.png,row094_col17_female.png,Female,MiddleEastern,Anime,YoungAdult,Female\MiddleEastern_Anime\YoungAdult
E:\aninovel\input_images\row094_col20_female.png,row094_col20_female.png,Female,MiddleEastern,Anime,YoungAdult,Female\MiddleEastern_Anime\YoungAdult
E:\aninovel\input_images\row015_col15_male.png,row015_col15_male.png,Male,MiddleEastern,Painterly,Teen,Male\MiddleEastern_Painterly\Teen
E:\aninovel\input_images\row017_col08_male.png,row017_col08_male.png,Male,MiddleEastern,Painterly,Teen,Male\MiddleEastern_Painterly\Teen
E:\aninovel\input_images\row016_col02_female.png,row016_col02_female.png,Female,Hispanic,Painterly,YoungAdult,Female\Hispanic_Painterly\YoungAdult
E:\aninovel\input_images\row096_col07_female.png,row096_col07_female.png,Female,Hispanic,Painterly,YoungAdult,Female\Hispanic_Painterly\YoungAdult
E:\aninovel\input_images\row096_col08_female.png,row096_col08_female.png,Female,Hispanic,Painterly,YoungAdult,Female\Hispanic_Painterly\YoungAdult
E:\aninovel\input_images\row098_col03_female.png,row098_col03_female.png,Female,Hispanic,Painterly,YoungAdult,Female\Hispanic_Painterly\YoungAdult
E:\aninovel\input_images\row100_col01_female.png,row100_col01_female.png,Female,Hispanic,Painterly,YoungAdult,Female\Hispanic_Painterly\YoungAdult
E:\aninovel\input_images\row100_col07_female.png,row100_col07_female.png,Female,Hispanic,Painterly,YoungAdult,Female\Hispanic_Painterly\YoungAdult
E:\aninovel\input_images\row100_col13_female.png,row100_col13_female.png,Female,Hispanic,Painterly,YoungAdult,Female\Hispanic_Painterly\YoungAdult
E:\aninovel\input_images\row100_col14_female.png,row100_col14_female.png,Female,Hispanic,Painterly,YoungAdult,Female\Hispanic_Painterly\YoungAdult
E:\aninovel\input_images\row100_col15_female.png,row100_col15_female.png,Female,Hispanic,Painterly,YoungAdult,Female\Hispanic_Painterly\YoungAdult
E:\aninovel\input_images\row100_col16_female.png,row100_col16_female.png,Female,Hispanic,Painterly,YoungAdult,Female\Hispanic_Painterly\YoungAdult
E:\aninovel\input_images\row016_col20_female.png,row016_col20_female.png,Female,Asian,Painterly,YoungAdult,Female\Asian_Painterly\YoungAdult
E:\aninovel\input_images\row040_col20_female.png,row040_col20_female.png,Female,Asian,Painterly,YoungAdult,Female\Asian_Painterly\YoungAdult
E:\aninovel\input_images\row096_col04_female.png,row096_col04_female.png,Female,Asian,Painterly,YoungAdult,Female\Asian_Painterly\YoungAdult
E:\aninovel\input_images\row096_col18_female.png,row096_col18_female.png,Female,Asian,Painterly,YoungAdult,Female\Asian_Painterly\YoungAdult
E:\aninovel\input_images\row096_col19_female.png,row096_col19_female.png,Female,Asian,Painterly,YoungAdult,Female\Asian_Painterly\YoungAdult
E:\aninovel\input_images\row098_col09_female.png,row098_col09_female.png,Female,Asian,Painterly,YoungAdult,Female\Asian_Painterly\YoungAdult
E:\aninovel\input_images\row100_col05_female.png,row100_col05_female.png,Female,Asian,Painterly,YoungAdult,Female\Asian_Painterly\YoungAdult
E:\aninovel\input_images\row100_col09_female.png,row100_col09_female.png,Female,Asian,Painterly,YoungAdult,Female\Asian_Painterly\YoungAdult
E:\aninovel\input_images\row017_col06_male.png,row017_col06_male.png,Male,MiddleEastern,Painterly,YoungAdult,Male\MiddleEastern_Painterly\YoungAdult
E:\aninovel\input_images\row037_col15_male.png,row037_col15_male.png,Male,MiddleEastern,Painterly,YoungAdult,Male\MiddleEastern_Painterly\YoungAdult
E:\aninovel\input_images\row047_col14_male.png,row047_col14_male.png,Male,MiddleEastern,Painterly,YoungAdult,Male\MiddleEastern_Painterly\YoungAdult
E:\aninovel\input_images\row047_col15_male.png,row047_col15_male.png,Male,MiddleEastern,Painterly,YoungAdult,Male\MiddleEastern_Painterly\YoungAdult
E:\aninovel\input_images\row047_col17_male.png,row047_col17_male.png,Male,MiddleEastern,Painterly,YoungAdult,Male\MiddleEastern_Painterly\YoungAdult
E:\aninovel\input_images\row047_col20_male.png,row047_col20_male.png,Male,MiddleEastern,Painterly,YoungAdult,Male\MiddleEastern_Painterly\YoungAdult
E:\aninovel\input_images\row049_col05_male.png,row049_col05_male.png,Male,MiddleEastern,Painterly,YoungAdult,Male\MiddleEastern_Painterly\YoungAdult
E:\aninovel\input_images\row055_col11_male.png,row055_col11_male.png,Male,MiddleEastern,Painterly,YoungAdult,Male\MiddleEastern_Painterly\YoungAdult
E:\aninovel\input_images\row081_col14_male.png,row081_col14_male.png,Male,MiddleEastern,Painterly,YoungAdult,Male\MiddleEastern_Painterly\YoungAdult
E:\aninovel\input_images\row087_col08_male.png,row087_col08_male.png,Male,MiddleEastern,Painterly,YoungAdult,Male\MiddleEastern_Painterly\YoungAdult
E:\aninovel\input_images\row087_col11_male.png,row087_col11_male.png,Male,MiddleEastern,Painterly,YoungAdult,Male\MiddleEastern_Painterly\YoungAdult
E:\aninovel\input_images\row087_col13_male.png,row087_col13_male.png,Male,MiddleEastern,Painterly,YoungAdult,Male\MiddleEastern_Painterly\YoungAdult
E:\aninovel\input_images\row087_col15_male.png,row087_col15_male.png,Male,MiddleEastern,Painterly,YoungAdult,Male\MiddleEastern_Painterly\YoungAdult
E:\aninovel\input_images\row091_col01_male.png,row091_col01_male.png,Male,MiddleEastern,Painterly,YoungAdult,Male\MiddleEastern_Painterly\YoungAdult
E:\aninovel\input_images\row097_col04_male.png,row097_col04_male.png,Male,MiddleEastern,Painterly,YoungAdult,Male\MiddleEastern_Painterly\YoungAdult
E:\aninovel\input_images\row097_col07_male.png,row097_col07_male.png,Male,MiddleEastern,Painterly,YoungAdult,Male\MiddleEastern_Painterly\YoungAdult
E:\aninovel\input_images\row097_col08_male.png,row097_col08_male.png,Male,MiddleEastern,Painterly,YoungAdult,Male\MiddleEastern_Painterly\YoungAdult
E:\aninovel\input_images\row097_col10_male.png,row097_col10_male.png,Male,MiddleEastern,Painterly,YoungAdult,Male\MiddleEastern_Painterly\YoungAdult
E:\aninovel\input_images\row097_col13_male.png,row097_col13_male.png,Male,MiddleEastern,Painterly,YoungAdult,Male\MiddleEastern_Painterly\YoungAdult
E:\aninovel\input_images\row097_col19_male.png,row097_col19_male.png,Male,MiddleEastern,Painterly,YoungAdult,Male\MiddleEastern_Painterly\YoungAdult
E:\aninovel\input_images\row099_col05_male.png,row099_col05_male.png,Male,MiddleEastern,Painterly,YoungAdult,Male\MiddleEastern_Painterly\YoungAdult
E:\aninovel\input_images\row099_col06_male.png,row099_col06_male.png,Male,MiddleEastern,Painterly,YoungAdult,Male\MiddleEastern_Painterly\YoungAdult
E:\aninovel\input_images\row099_col07_male.png,row099_col07_male.png,Male,MiddleEastern,Painterly,YoungAdult,Male\MiddleEastern_Painterly\YoungAdult
E:\aninovel\input_images\row099_col09_male.png,row099_col09_male.png,Male,MiddleEastern,Painterly,YoungAdult,Male\MiddleEastern_Painterly\YoungAdult
E:\aninovel\input_images\row099_col20_male.png,row099_col20_male.png,Male,MiddleEastern,Painterly,YoungAdult,Male\MiddleEastern_Painterly\YoungAdult
E:\aninovel\input_images\row017_col19_male.png,row017_col19_male.png,Male,MiddleEastern,RetroManga,YoungAdult,Male\MiddleEastern_RetroManga\YoungAdult
E:\aninovel\input_images\row027_col08_male.png,row027_col08_male.png,Male,MiddleEastern,RetroManga,YoungAdult,Male\MiddleEastern_RetroManga\YoungAdult
E:\aninovel\input_images\row027_col13_male.png,row027_col13_male.png,Male,MiddleEastern,RetroManga,YoungAdult,Male\MiddleEastern_RetroManga\YoungAdult
E:\aninovel\input_images\row027_col14_male.png,row027_col14_male.png,Male,MiddleEastern,RetroManga,YoungAdult,Male\MiddleEastern_RetroManga\YoungAdult
E:\aninovel\input_images\row031_col16_male.png,row031_col16_male.png,Male,MiddleEastern,RetroManga,YoungAdult,Male\MiddleEastern_RetroManga\YoungAdult
E:\aninovel\input_images\row037_col03_male.png,row037_col03_male.png,Male,MiddleEastern,RetroManga,YoungAdult,Male\MiddleEastern_RetroManga\YoungAdult
E:\aninovel\input_images\row041_col01_male.png,row041_col01_male.png,Male,MiddleEastern,RetroManga,YoungAdult,Male\MiddleEastern_RetroManga\YoungAdult
E:\aninovel\input_images\row041_col12_male.png,row041_col12_male.png,Male,MiddleEastern,RetroManga,YoungAdult,Male\MiddleEastern_RetroManga\YoungAdult
E:\aninovel\input_images\row041_col14_male.png,row041_col14_male.png,Male,MiddleEastern,RetroManga,YoungAdult,Male\MiddleEastern_RetroManga\YoungAdult
E:\aninovel\input_images\row041_col19_male.png,row041_col19_male.png,Male,MiddleEastern,RetroManga,YoungAdult,Male\MiddleEastern_RetroManga\YoungAdult
E:\aninovel\input_images\row047_col19_male.png,row047_col19_male.png,Male,MiddleEastern,RetroManga,YoungAdult,Male\MiddleEastern_RetroManga\YoungAdult
E:\aninovel\input_images\row051_col11_male.png,row051_col11_male.png,Male,MiddleEastern,RetroManga,YoungAdult,Male\MiddleEastern_RetroManga\YoungAdult
E:\aninovel\input_images\row053_col07_male.png,row053_col07_male.png,Male,MiddleEastern,RetroManga,YoungAdult,Male\MiddleEastern_RetroManga\YoungAdult
E:\aninovel\input_images\row053_col12_male.png,row053_col12_male.png,Male,MiddleEastern,RetroManga,YoungAdult,Male\MiddleEastern_RetroManga\YoungAdult
E:\aninovel\input_images\row057_col09_male.png,row057_col09_male.png,Male,MiddleEastern,RetroManga,YoungAdult,Male\MiddleEastern_RetroManga\YoungAdult
E:\aninovel\input_images\row081_col09_male.png,row081_col09_male.png,Male,MiddleEastern,RetroManga,YoungAdult,Male\MiddleEastern_RetroManga\YoungAdult
E:\aninovel\input_images\row081_col20_male.png,row081_col20_male.png,Male,MiddleEastern,RetroManga,YoungAdult,Male\MiddleEastern_RetroManga\YoungAdult
E:\aninovel\input_images\row087_col03_male.png,row087_col03_male.png,Male,MiddleEastern,RetroManga,YoungAdult,Male\MiddleEastern_RetroManga\YoungAdult
E:\aninovel\input_images\row091_col04_male.png,row091_col04_male.png,Male,MiddleEastern,RetroManga,YoungAdult,Male\MiddleEastern_RetroManga\YoungAdult
E:\aninovel\input_images\row091_col06_male.png,row091_col06_male.png,Male,MiddleEastern,RetroManga,YoungAdult,Male\MiddleEastern_RetroManga\YoungAdult
E:\aninovel\input_images\row091_col16_male.png,row091_col16_male.png,Male,MiddleEastern,RetroManga,YoungAdult,Male\MiddleEastern_RetroManga\YoungAdult
E:\aninovel\input_images\row091_col17_male.png,row091_col17_male.png,Male,MiddleEastern,RetroManga,YoungAdult,Male\MiddleEastern_RetroManga\YoungAdult
E:\aninovel\input_images\row091_col19_male.png,row091_col19_male.png,Male,MiddleEastern,RetroManga,YoungAdult,Male\MiddleEastern_RetroManga\YoungAdult
E:\aninovel\input_images\row091_col20_male.png,row091_col20_male.png,Male,MiddleEastern,RetroManga,YoungAdult,Male\MiddleEastern_RetroManga\YoungAdult
E:\aninovel\input_images\row097_col03_male.png,row097_col03_male.png,Male,MiddleEastern,RetroManga,YoungAdult,Male\MiddleEastern_RetroManga\YoungAdult
E:\aninovel\input_images\row018_col06_female.png,row018_col06_female.png,Female,MiddleEastern,RetroManga,YoungAdult,Female\MiddleEastern_RetroManga\YoungAdult
E:\aninovel\input_images\row028_col02_female.png,row028_col02_female.png,Female,MiddleEastern,RetroManga,YoungAdult,Female\MiddleEastern_RetroManga\YoungAdult
E:\aninovel\input_images\row028_col03_female.png,row028_col03_female.png,Female,MiddleEastern,RetroManga,YoungAdult,Female\MiddleEastern_RetroManga\YoungAdult
E:\aninovel\input_images\row028_col13_female.png,row028_col13_female.png,Female,MiddleEastern,RetroManga,YoungAdult,Female\MiddleEastern_RetroManga\YoungAdult
E:\aninovel\input_images\row038_col02_female.png,row038_col02_female.png,Female,MiddleEastern,RetroManga,YoungAdult,Female\MiddleEastern_RetroManga\YoungAdult
E:\aninovel\input_images\row038_col05_female.png,row038_col05_female.png,Female,MiddleEastern,RetroManga,YoungAdult,Female\MiddleEastern_RetroManga\YoungAdult
E:\aninovel\input_images\row038_col08_female.png,row038_col08_female.png,Female,MiddleEastern,RetroManga,YoungAdult,Female\MiddleEastern_RetroManga\YoungAdult
E:\aninovel\input_images\row038_col13_female.png,row038_col13_female.png,Female,MiddleEastern,RetroManga,YoungAdult,Female\MiddleEastern_RetroManga\YoungAdult
E:\aninovel\input_images\row048_col13_female.png,row048_col13_female.png,Female,MiddleEastern,RetroManga,YoungAdult,Female\MiddleEastern_RetroManga\YoungAdult
E:\aninovel\input_images\row082_col16_female.png,row082_col16_female.png,Female,MiddleEastern,RetroManga,YoungAdult,Female\MiddleEastern_RetroManga\YoungAdult
E:\aninovel\input_images\row088_col13_female.png,row088_col13_female.png,Female,MiddleEastern,RetroManga,YoungAdult,Female\MiddleEastern_RetroManga\YoungAdult
E:\aninovel\input_images\row092_col02_female.png,row092_col02_female.png,Female,MiddleEastern,RetroManga,YoungAdult,Female\MiddleEastern_RetroManga\YoungAdult
E:\aninovel\input_images\row092_col03_female.png,row092_col03_female.png,Female,MiddleEastern,RetroManga,YoungAdult,Female\MiddleEastern_RetroManga\YoungAdult
E:\aninovel\input_images\row092_col06_female.png,row092_col06_female.png,Female,MiddleEastern,RetroManga,YoungAdult,Female\MiddleEastern_RetroManga\YoungAdult
E:\aninovel\input_images\row092_col16_female.png,row092_col16_female.png,Female,MiddleEastern,RetroManga,YoungAdult,Female\MiddleEastern_RetroManga\YoungAdult
E:\aninovel\input_images\row098_col20_female.png,row098_col20_female.png,Female,MiddleEastern,RetroManga,YoungAdult,Female\MiddleEastern_RetroManga\YoungAdult
E:\aninovel\input_images\row020_col16_female.png,row020_col16_female.png,Female,MiddleEastern,Painterly,Teen,Female\MiddleEastern_Painterly\Teen
E:\aninovel\input_images\row024_col10_female.png,row024_col10_female.png,Female,Black,Anime,YoungAdult,Female\Black_Anime\YoungAdult
E:\aninovel\input_images\row092_col08_female.png,row092_col08_female.png,Female,Black,Anime,YoungAdult,Female\Black_Anime\YoungAdult
E:\aninovel\input_images\row094_col12_female.png,row094_col12_female.png,Female,Black,Anime,YoungAdult,Female\Black_Anime\YoungAdult
E:\aninovel\input_images\row028_col09_female.png,row028_col09_female.png,Female,MiddleEastern,Painterly,YoungAdult,Female\MiddleEastern_Painterly\YoungAdult
E:\aninovel\input_images\row028_col16_female.png,row028_col16_female.png,Female,MiddleEastern,Painterly,YoungAdult,Female\MiddleEastern_Painterly\YoungAdult
E:\aninovel\input_images\row028_col20_female.png,row028_col20_female.png,Female,MiddleEastern,Painterly,YoungAdult,Female\MiddleEastern_Painterly\YoungAdult
E:\aninovel\input_images\row038_col01_female.png,row038_col01_female.png,Female,MiddleEastern,Painterly,YoungAdult,Female\MiddleEastern_Painterly\YoungAdult
E:\aninovel\input_images\row038_col16_female.png,row038_col16_female.png,Female,MiddleEastern,Painterly,YoungAdult,Female\MiddleEastern_Painterly\YoungAdult
E:\aninovel\input_images\row048_col01_female.png,row048_col01_female.png,Female,MiddleEastern,Painterly,YoungAdult,Female\MiddleEastern_Painterly\YoungAdult
E:\aninovel\input_images\row048_col02_female.png,row048_col02_female.png,Female,MiddleEastern,Painterly,YoungAdult,Female\MiddleEastern_Painterly\YoungAdult
E:\aninovel\input_images\row048_col08_female.png,row048_col08_female.png,Female,MiddleEastern,Painterly,YoungAdult,Female\MiddleEastern_Painterly\YoungAdult
E:\aninovel\input_images\row048_col12_female.png,row048_col12_female.png,Female,MiddleEastern,Painterly,YoungAdult,Female\MiddleEastern_Painterly\YoungAdult
E:\aninovel\input_images\row048_col16_female.png,row048_col16_female.png,Female,MiddleEastern,Painterly,YoungAdult,Female\MiddleEastern_Painterly\YoungAdult
E:\aninovel\input_images\row050_col16_female.png,row050_col16_female.png,Female,MiddleEastern,Painterly,YoungAdult,Female\MiddleEastern_Painterly\YoungAdult
E:\aninovel\input_images\row050_col19_female.png,row050_col19_female.png,Female,MiddleEastern,Painterly,YoungAdult,Female\MiddleEastern_Painterly\YoungAdult
E:\aninovel\input_images\row088_col18_female.png,row088_col18_female.png,Female,MiddleEastern,Painterly,YoungAdult,Female\MiddleEastern_Painterly\YoungAdult
E:\aninovel\input_images\row098_col01_female.png,row098_col01_female.png,Female,MiddleEastern,Painterly,YoungAdult,Female\MiddleEastern_Painterly\YoungAdult
E:\aninovel\input_images\row098_col02_female.png,row098_col02_female.png,Female,MiddleEastern,Painterly,YoungAdult,Female\MiddleEastern_Painterly\YoungAdult
E:\aninovel\input_images\row098_col08_female.png,row098_col08_female.png,Female,MiddleEastern,Painterly,YoungAdult,Female\MiddleEastern_Painterly\YoungAdult
E:\aninovel\input_images\row098_col11_female.png,row098_col11_female.png,Female,MiddleEastern,Painterly,YoungAdult,Female\MiddleEastern_Painterly\YoungAdult
E:\aninovel\input_images\row098_col16_female.png,row098_col16_female.png,Female,MiddleEastern,Painterly,YoungAdult,Female\MiddleEastern_Painterly\YoungAdult
E:\aninovel\input_images\row098_col17_female.png,row098_col17_female.png,Female,MiddleEastern,Painterly,YoungAdult,Female\MiddleEastern_Painterly\YoungAdult
E:\aninovel\input_images\row029_col02_male.png,row029_col02_male.png,Male,White,Pastel,YoungAdult,Male\White_Pastel\YoungAdult
E:\aninovel\input_images\row039_col02_male.png,row039_col02_male.png,Male,White,Pastel,YoungAdult,Male\White_Pastel\YoungAdult
E:\aninovel\input_images\row039_col05_male.png,row039_col05_male.png,Male,White,Pastel,YoungAdult,Male\White_Pastel\YoungAdult
E:\aninovel\input_images\row039_col10_male.png,row039_col10_male.png,Male,White,Pastel,YoungAdult,Male\White_Pastel\YoungAdult
E:\aninovel\input_images\row039_col17_male.png,row039_col17_male.png,Male,White,Pastel,YoungAdult,Male\White_Pastel\YoungAdult
E:\aninovel\input_images\row049_col10_male.png,row049_col10_male.png,Male,White,Pastel,YoungAdult,Male\White_Pastel\YoungAdult
E:\aninovel\input_images\row049_col16_male.png,row049_col16_male.png,Male,White,Pastel,YoungAdult,Male\White_Pastel\YoungAdult
E:\aninovel\input_images\row029_col08_male.png,row029_col08_male.png,Male,White,Watercolor,YoungAdult,Male\White_Watercolor\YoungAdult
E:\aninovel\input_images\row049_col14_male.png,row049_col14_male.png,Male,White,Watercolor,YoungAdult,Male\White_Watercolor\YoungAdult
E:\aninovel\input_images\row059_col03_male.png,row059_col03_male.png,Male,White,Watercolor,YoungAdult,Male\White_Watercolor\YoungAdult
E:\aninovel\input_images\row059_col11_male.png,row059_col11_male.png,Male,White,Watercolor,YoungAdult,Male\White_Watercolor\YoungAdult
E:\aninovel\input_images\row033_col17_male.png,row033_col17_male.png,Male,Asian,Anime,Adult,Male\Asian_Anime\Adult
E:\aninovel\input_images\row034_col14_female.png,row034_col14_female.png,Female,Black,Anime,Adult,Female\Black_Anime\Adult
E:\aninovel\input_images\row038_col18_female.png,row038_col18_female.png,Female,MiddleEastern,Painterly,Adult,Female\MiddleEastern_Painterly\Adult
E:\aninovel\input_images\row074_col01_female.png,row074_col01_female.png,Female,MiddleEastern,Painterly,Adult,Female\MiddleEastern_Painterly\Adult
E:\aninovel\input_images\row088_col02_female.png,row088_col02_female.png,Female,MiddleEastern,Painterly,Adult,Female\MiddleEastern_Painterly\Adult
E:\aninovel\input_images\row100_col20_female.png,row100_col20_female.png,Female,MiddleEastern,Painterly,Adult,Female\MiddleEastern_Painterly\Adult
E:\aninovel\input_images\row040_col09_female.png,row040_col09_female.png,Female,White,Watercolor,YoungAdult,Female\White_Watercolor\YoungAdult
E:\aninovel\input_images\row060_col08_female.png,row060_col08_female.png,Female,White,Watercolor,YoungAdult,Female\White_Watercolor\YoungAdult
E:\aninovel\input_images\row070_col17_female.png,row070_col17_female.png,Female,White,Watercolor,YoungAdult,Female\White_Watercolor\YoungAdult
E:\aninovel\input_images\row080_col18_female.png,row080_col18_female.png,Female,White,Watercolor,YoungAdult,Female\White_Watercolor\YoungAdult
E:\aninovel\input_images\row045_col09_male.png,row045_col09_male.png,Male,MiddleEastern,Photo,YoungAdult,Male\MiddleEastern_Photo\YoungAdult
E:\aninovel\input_images\row055_col01_male.png,row055_col01_male.png,Male,MiddleEastern,Photo,YoungAdult,Male\MiddleEastern_Photo\YoungAdult
E:\aninovel\input_images\row046_col09_female.png,row046_col09_female.png,Female,MiddleEastern,Photo,YoungAdult,Female\MiddleEastern_Photo\YoungAdult
E:\aninovel\input_images\row051_col02_male.png,row051_col02_male.png,Male,MiddleEastern,Watercolor,YoungAdult,Male\MiddleEastern_Watercolor\YoungAdult
E:\aninovel\input_images\row079_col19_male.png,row079_col19_male.png,Male,MiddleEastern,Watercolor,YoungAdult,Male\MiddleEastern_Watercolor\YoungAdult
E:\aninovel\input_images\row051_col07_male.png,row051_col07_male.png,Male,MiddleEastern,RetroManga,Adult,Male\MiddleEastern_RetroManga\Adult
E:\aninovel\input_images\row051_col19_male.png,row051_col19_male.png,Male,MiddleEastern,RetroManga,Adult,Male\MiddleEastern_RetroManga\Adult
E:\aninovel\input_images\row057_col14_male.png,row057_col14_male.png,Male,MiddleEastern,RetroManga,Adult,Male\MiddleEastern_RetroManga\Adult
E:\aninovel\input_images\row061_col04_male.png,row061_col04_male.png,Male,MiddleEastern,RetroManga,Adult,Male\MiddleEastern_RetroManga\Adult
E:\aninovel\input_images\row061_col18_male.png,row061_col18_male.png,Male,MiddleEastern,RetroManga,Adult,Male\MiddleEastern_RetroManga\Adult
E:\aninovel\input_images\row063_col13_male.png,row063_col13_male.png,Male,MiddleEastern,RetroManga,Adult,Male\MiddleEastern_RetroManga\Adult
E:\aninovel\input_images\row067_col17_male.png,row067_col17_male.png,Male,MiddleEastern,RetroManga,Adult,Male\MiddleEastern_RetroManga\Adult
E:\aninovel\input_images\row071_col18_male.png,row071_col18_male.png,Male,MiddleEastern,RetroManga,Adult,Male\MiddleEastern_RetroManga\Adult
E:\aninovel\input_images\row091_col09_male.png,row091_col09_male.png,Male,MiddleEastern,RetroManga,Adult,Male\MiddleEastern_RetroManga\Adult
E:\aninovel\input_images\row052_col03_female.png,row052_col03_female.png,Female,White,Watercolor,Adult,Female\White_Watercolor\Adult
E:\aninovel\input_images\row060_col02_female.png,row060_col02_female.png,Female,White,Watercolor,Adult,Female\White_Watercolor\Adult
E:\aninovel\input_images\row060_col17_female.png,row060_col17_female.png,Female,White,Watercolor,Adult,Female\White_Watercolor\Adult
E:\aninovel\input_images\row062_col10_female.png,row062_col10_female.png,Female,White,Watercolor,Adult,Female\White_Watercolor\Adult
E:\aninovel\input_images\row062_col11_female.png,row062_col11_female.png,Female,White,Watercolor,Adult,Female\White_Watercolor\Adult
E:\aninovel\input_images\row070_col02_female.png,row070_col02_female.png,Female,White,Watercolor,Adult,Female\White_Watercolor\Adult
E:\aninovel\input_images\row070_col04_female.png,row070_col04_female.png,Female,White,Watercolor,Adult,Female\White_Watercolor\Adult
E:\aninovel\input_images\row070_col10_female.png,row070_col10_female.png,Female,White,Watercolor,Adult,Female\White_Watercolor\Adult
E:\aninovel\input_images\row070_col14_female.png,row070_col14_female.png,Female,White,Watercolor,Adult,Female\White_Watercolor\Adult
E:\aninovel\input_images\row072_col14_female.png,row072_col14_female.png,Female,White,Watercolor,Adult,Female\White_Watercolor\Adult
E:\aninovel\input_images\row080_col13_female.png,row080_col13_female.png,Female,White,Watercolor,Adult,Female\White_Watercolor\Adult
E:\aninovel\input_images\row052_col06_female.png,row052_col06_female.png,Female,White,RetroManga,MiddleAge,Female\White_RetroManga\MiddleAge
E:\aninovel\input_images\row055_col13_male.png,row055_col13_male.png,Male,MiddleEastern,Painterly,Adult,Male\MiddleEastern_Painterly\Adult
E:\aninovel\input_images\row057_col03_male.png,row057_col03_male.png,Male,MiddleEastern,Painterly,Adult,Male\MiddleEastern_Painterly\Adult
E:\aninovel\input_images\row057_col12_male.png,row057_col12_male.png,Male,MiddleEastern,Painterly,Adult,Male\MiddleEastern_Painterly\Adult
E:\aninovel\input_images\row057_col13_male.png,row057_col13_male.png,Male,MiddleEastern,Painterly,Adult,Male\MiddleEastern_Painterly\Adult
E:\aninovel\input_images\row057_col20_male.png,row057_col20_male.png,Male,MiddleEastern,Painterly,Adult,Male\MiddleEastern_Painterly\Adult
E:\aninovel\input_images\row061_col13_male.png,row061_col13_male.png,Male,MiddleEastern,Painterly,Adult,Male\MiddleEastern_Painterly\Adult
E:\aninovel\input_images\row061_col14_male.png,row061_col14_male.png,Male,MiddleEastern,Painterly,Adult,Male\MiddleEastern_Painterly\Adult
E:\aninovel\input_images\row061_col16_male.png,row061_col16_male.png,Male,MiddleEastern,Painterly,Adult,Male\MiddleEastern_Painterly\Adult
E:\aninovel\input_images\row063_col11_male.png,row063_col11_male.png,Male,MiddleEastern,Painterly,Adult,Male\MiddleEastern_Painterly\Adult
E:\aninovel\input_images\row065_col07_male.png,row065_col07_male.png,Male,MiddleEastern,Painterly,Adult,Male\MiddleEastern_Painterly\Adult
E:\aninovel\input_images\row067_col01_male.png,row067_col01_male.png,Male,MiddleEastern,Painterly,Adult,Male\MiddleEastern_Painterly\Adult
E:\aninovel\input_images\row067_col11_male.png,row067_col11_male.png,Male,MiddleEastern,Painterly,Adult,Male\MiddleEastern_Painterly\Adult
E:\aninovel\input_images\row067_col14_male.png,row067_col14_male.png,Male,MiddleEastern,Painterly,Adult,Male\MiddleEastern_Painterly\Adult
E:\aninovel\input_images\row067_col18_male.png,row067_col18_male.png,Male,MiddleEastern,Painterly,Adult,Male\MiddleEastern_Painterly\Adult
E:\aninovel\input_images\row067_col19_male.png,row067_col19_male.png,Male,MiddleEastern,Painterly,Adult,Male\MiddleEastern_Painterly\Adult
E:\aninovel\input_images\row071_col09_male.png,row071_col09_male.png,Male,MiddleEastern,Painterly,Adult,Male\MiddleEastern_Painterly\Adult
E:\aninovel\input_images\row073_col10_male.png,row073_col10_male.png,Male,MiddleEastern,Painterly,Adult,Male\MiddleEastern_Painterly\Adult
E:\aninovel\input_images\row073_col11_male.png,row073_col11_male.png,Male,MiddleEastern,Painterly,Adult,Male\MiddleEastern_Painterly\Adult
E:\aninovel\input_images\row073_col15_male.png,row073_col15_male.png,Male,MiddleEastern,Painterly,Adult,Male\MiddleEastern_Painterly\Adult
E:\aninovel\input_images\row077_col05_male.png,row077_col05_male.png,Male,MiddleEastern,Painterly,Adult,Male\MiddleEastern_Painterly\Adult
E:\aninovel\input_images\row077_col08_male.png,row077_col08_male.png,Male,MiddleEastern,Painterly,Adult,Male\MiddleEastern_Painterly\Adult
E:\aninovel\input_images\row077_col09_male.png,row077_col09_male.png,Male,MiddleEastern,Painterly,Adult,Male\MiddleEastern_Painterly\Adult
E:\aninovel\input_images\row093_col09_male.png,row093_col09_male.png,Male,MiddleEastern,Painterly,Adult,Male\MiddleEastern_Painterly\Adult
E:\aninovel\input_images\row059_col09_male.png,row059_col09_male.png,Male,White,Watercolor,Adult,Male\White_Watercolor\Adult
E:\aninovel\input_images\row059_col16_male.png,row059_col16_male.png,Male,White,Watercolor,Adult,Male\White_Watercolor\Adult
E:\aninovel\input_images\row069_col02_male.png,row069_col02_male.png,Male,White,Watercolor,Adult,Male\White_Watercolor\Adult
E:\aninovel\input_images\row069_col04_male.png,row069_col04_male.png,Male,White,Watercolor,Adult,Male\White_Watercolor\Adult
E:\aninovel\input_images\row069_col05_male.png,row069_col05_male.png,Male,White,Watercolor,Adult,Male\White_Watercolor\Adult
E:\aninovel\input_images\row069_col09_male.png,row069_col09_male.png,Male,White,Watercolor,Adult,Male\White_Watercolor\Adult
E:\aninovel\input_images\row069_col11_male.png,row069_col11_male.png,Male,White,Watercolor,Adult,Male\White_Watercolor\Adult
E:\aninovel\input_images\row069_col19_male.png,row069_col19_male.png,Male,White,Watercolor,Adult,Male\White_Watercolor\Adult
E:\aninovel\input_images\row071_col02_male.png,row071_col02_male.png,Male,White,Watercolor,Adult,Male\White_Watercolor\Adult
E:\aninovel\input_images\row071_col14_male.png,row071_col14_male.png,Male,White,Watercolor,Adult,Male\White_Watercolor\Adult
E:\aninovel\input_images\row079_col01_male.png,row079_col01_male.png,Male,White,Watercolor,Adult,Male\White_Watercolor\Adult
E:\aninovel\input_images\row079_col04_male.png,row079_col04_male.png,Male,White,Watercolor,Adult,Male\White_Watercolor\Adult
E:\aninovel\input_images\row079_col05_male.png,row079_col05_male.png,Male,White,Watercolor,Adult,Male\White_Watercolor\Adult
E:\aninovel\input_images\row079_col07_male.png,row079_col07_male.png,Male,White,Watercolor,Adult,Male\White_Watercolor\Adult
E:\aninovel\input_images\row079_col12_male.png,row079_col12_male.png,Male,White,Watercolor,Adult,Male\White_Watercolor\Adult
E:\aninovel\input_images\row079_col18_male.png,row079_col18_male.png,Male,White,Watercolor,Adult,Male\White_Watercolor\Adult
E:\aninovel\input_images\row061_col05_male.png,row061_col05_male.png,Male,White,RetroManga,MiddleAge,Male\White_RetroManga\MiddleAge
E:\aninovel\input_images\row061_col10_male.png,row061_col10_male.png,Male,MiddleEastern,Painterly,MiddleAge,Male\MiddleEastern_Painterly\MiddleAge
E:\aninovel\input_images\row067_col08_male.png,row067_col08_male.png,Male,MiddleEastern,Painterly,MiddleAge,Male\MiddleEastern_Painterly\MiddleAge
E:\aninovel\input_images\row071_col04_male.png,row071_col04_male.png,Male,MiddleEastern,Painterly,MiddleAge,Male\MiddleEastern_Painterly\MiddleAge
E:\aninovel\input_images\row073_col04_male.png,row073_col04_male.png,Male,MiddleEastern,Painterly,MiddleAge,Male\MiddleEastern_Painterly\MiddleAge
E:\aninovel\input_images\row073_col13_male.png,row073_col13_male.png,Male,MiddleEastern,Painterly,MiddleAge,Male\MiddleEastern_Painterly\MiddleAge
E:\aninovel\input_images\row073_col19_male.png,row073_col19_male.png,Male,MiddleEastern,Painterly,MiddleAge,Male\MiddleEastern_Painterly\MiddleAge
E:\aninovel\input_images\row077_col01_male.png,row077_col01_male.png,Male,MiddleEastern,Painterly,MiddleAge,Male\MiddleEastern_Painterly\MiddleAge
E:\aninovel\input_images\row077_col03_male.png,row077_col03_male.png,Male,MiddleEastern,Painterly,MiddleAge,Male\MiddleEastern_Painterly\MiddleAge
E:\aninovel\input_images\row077_col12_male.png,row077_col12_male.png,Male,MiddleEastern,Painterly,MiddleAge,Male\MiddleEastern_Painterly\MiddleAge
E:\aninovel\input_images\row077_col16_male.png,row077_col16_male.png,Male,MiddleEastern,Painterly,MiddleAge,Male\MiddleEastern_Painterly\MiddleAge
E:\aninovel\input_images\row061_col17_male.png,row061_col17_male.png,Male,White,Watercolor,MiddleAge,Male\White_Watercolor\MiddleAge
E:\aninovel\input_images\row069_col14_male.png,row069_col14_male.png,Male,White,Watercolor,MiddleAge,Male\White_Watercolor\MiddleAge
E:\aninovel\input_images\row069_col20_male.png,row069_col20_male.png,Male,White,Watercolor,MiddleAge,Male\White_Watercolor\MiddleAge
E:\aninovel\input_images\row071_col06_male.png,row071_col06_male.png,Male,White,Watercolor,MiddleAge,Male\White_Watercolor\MiddleAge
E:\aninovel\input_images\row071_col12_male.png,row071_col12_male.png,Male,White,Watercolor,MiddleAge,Male\White_Watercolor\MiddleAge
E:\aninovel\input_images\row079_col08_male.png,row079_col08_male.png,Male,White,Watercolor,MiddleAge,Male\White_Watercolor\MiddleAge
E:\aninovel\input_images\row079_col10_male.png,row079_col10_male.png,Male,White,Watercolor,MiddleAge,Male\White_Watercolor\MiddleAge
E:\aninovel\input_images\row079_col16_male.png,row079_col16_male.png,Male,White,Watercolor,MiddleAge,Male\White_Watercolor\MiddleAge
E:\aninovel\input_images\row079_col17_male.png,row079_col17_male.png,Male,White,Watercolor,MiddleAge,Male\White_Watercolor\MiddleAge
E:\aninovel\input_images\row062_col02_female.png,row062_col02_female.png,Female,White,Painterly,MiddleAge,Female\White_Painterly\MiddleAge
E:\aninovel\input_images\row062_col05_female.png,row062_col05_female.png,Female,White,Painterly,MiddleAge,Female\White_Painterly\MiddleAge
E:\aninovel\input_images\row064_col07_female.png,row064_col07_female.png,Female,White,Painterly,MiddleAge,Female\White_Painterly\MiddleAge
E:\aninovel\input_images\row066_col06_female.png,row066_col06_female.png,Female,White,Painterly,MiddleAge,Female\White_Painterly\MiddleAge
E:\aninovel\input_images\row066_col07_female.png,row066_col07_female.png,Female,White,Painterly,MiddleAge,Female\White_Painterly\MiddleAge
E:\aninovel\input_images\row068_col01_female.png,row068_col01_female.png,Female,White,Painterly,MiddleAge,Female\White_Painterly\MiddleAge
E:\aninovel\input_images\row068_col07_female.png,row068_col07_female.png,Female,White,Painterly,MiddleAge,Female\White_Painterly\MiddleAge
E:\aninovel\input_images\row068_col14_female.png,row068_col14_female.png,Female,White,Painterly,MiddleAge,Female\White_Painterly\MiddleAge
E:\aninovel\input_images\row068_col16_female.png,row068_col16_female.png,Female,White,Painterly,MiddleAge,Female\White_Painterly\MiddleAge
E:\aninovel\input_images\row068_col17_female.png,row068_col17_female.png,Female,White,Painterly,MiddleAge,Female\White_Painterly\MiddleAge
E:\aninovel\input_images\row068_col19_female.png,row068_col19_female.png,Female,White,Painterly,MiddleAge,Female\White_Painterly\MiddleAge
E:\aninovel\input_images\row070_col01_female.png,row070_col01_female.png,Female,White,Painterly,MiddleAge,Female\White_Painterly\MiddleAge
E:\aninovel\input_images\row070_col06_female.png,row070_col06_female.png,Female,White,Painterly,MiddleAge,Female\White_Painterly\MiddleAge
E:\aninovel\input_images\row072_col01_female.png,row072_col01_female.png,Female,White,Painterly,MiddleAge,Female\White_Painterly\MiddleAge
E:\aninovel\input_images\row072_col02_female.png,row072_col02_female.png,Female,White,Painterly,MiddleAge,Female\White_Painterly\MiddleAge
E:\aninovel\input_images\row072_col03_female.png,row072_col03_female.png,Female,White,Painterly,MiddleAge,Female\White_Painterly\MiddleAge
E:\aninovel\input_images\row072_col07_female.png,row072_col07_female.png,Female,White,Painterly,MiddleAge,Female\White_Painterly\MiddleAge
E:\aninovel\input_images\row072_col09_female.png,row072_col09_female.png,Female,White,Painterly,MiddleAge,Female\White_Painterly\MiddleAge
E:\aninovel\input_images\row072_col10_female.png,row072_col10_female.png,Female,White,Painterly,MiddleAge,Female\White_Painterly\MiddleAge
E:\aninovel\input_images\row072_col11_female.png,row072_col11_female.png,Female,White,Painterly,MiddleAge,Female\White_Painterly\MiddleAge
E:\aninovel\input_images\row072_col12_female.png,row072_col12_female.png,Female,White,Painterly,MiddleAge,Female\White_Painterly\MiddleAge
E:\aninovel\input_images\row072_col20_female.png,row072_col20_female.png,Female,White,Painterly,MiddleAge,Female\White_Painterly\MiddleAge
E:\aninovel\input_images\row074_col02_female.png,row074_col02_female.png,Female,White,Painterly,MiddleAge,Female\White_Painterly\MiddleAge
E:\aninovel\input_images\row074_col03_female.png,row074_col03_female.png,Female,White,Painterly,MiddleAge,Female\White_Painterly\MiddleAge
E:\aninovel\input_images\row074_col07_female.png,row074_col07_female.png,Female,White,Painterly,MiddleAge,Female\White_Painterly\MiddleAge
E:\aninovel\input_images\row074_col18_female.png,row074_col18_female.png,Female,White,Painterly,MiddleAge,Female\White_Painterly\MiddleAge
E:\aninovel\input_images\row074_col19_female.png,row074_col19_female.png,Female,White,Painterly,MiddleAge,Female\White_Painterly\MiddleAge
E:\aninovel\input_images\row074_col20_female.png,row074_col20_female.png,Female,White,Painterly,MiddleAge,Female\White_Painterly\MiddleAge
E:\aninovel\input_images\row076_col02_female.png,row076_col02_female.png,Female,White,Painterly,MiddleAge,Female\White_Painterly\MiddleAge
E:\aninovel\input_images\row076_col07_female.png,row076_col07_female.png,Female,White,Painterly,MiddleAge,Female\White_Painterly\MiddleAge
E:\aninovel\input_images\row076_col08_female.png,row076_col08_female.png,Female,White,Painterly,MiddleAge,Female\White_Painterly\MiddleAge
E:\aninovel\input_images\row076_col14_female.png,row076_col14_female.png,Female,White,Painterly,MiddleAge,Female\White_Painterly\MiddleAge
E:\aninovel\input_images\row076_col17_female.png,row076_col17_female.png,Female,White,Painterly,MiddleAge,Female\White_Painterly\MiddleAge
E:\aninovel\input_images\row076_col20_female.png,row076_col20_female.png,Female,White,Painterly,MiddleAge,Female\White_Painterly\MiddleAge
E:\aninovel\input_images\row078_col01_female.png,row078_col01_female.png,Female,White,Painterly,MiddleAge,Female\White_Painterly\MiddleAge
E:\aninovel\input_images\row078_col03_female.png,row078_col03_female.png,Female,White,Painterly,MiddleAge,Female\White_Painterly\MiddleAge
E:\aninovel\input_images\row078_col05_female.png,row078_col05_female.png,Female,White,Painterly,MiddleAge,Female\White_Painterly\MiddleAge
E:\aninovel\input_images\row078_col06_female.png,row078_col06_female.png,Female,White,Painterly,MiddleAge,Female\White_Painterly\MiddleAge
E:\aninovel\input_images\row078_col07_female.png,row078_col07_female.png,Female,White,Painterly,MiddleAge,Female\White_Painterly\MiddleAge
E:\aninovel\input_images\row078_col09_female.png,row078_col09_female.png,Female,White,Painterly,MiddleAge,Female\White_Painterly\MiddleAge
E:\aninovel\input_images\row078_col10_female.png,row078_col10_female.png,Female,White,Painterly,MiddleAge,Female\White_Painterly\MiddleAge
E:\aninovel\input_images\row078_col11_female.png,row078_col11_female.png,Female,White,Painterly,MiddleAge,Female\White_Painterly\MiddleAge
E:\aninovel\input_images\row078_col12_female.png,row078_col12_female.png,Female,White,Painterly,MiddleAge,Female\White_Painterly\MiddleAge
E:\aninovel\input_images\row078_col15_female.png,row078_col15_female.png,Female,White,Painterly,MiddleAge,Female\White_Painterly\MiddleAge
E:\aninovel\input_images\row078_col16_female.png,row078_col16_female.png,Female,White,Painterly,MiddleAge,Female\White_Painterly\MiddleAge
E:\aninovel\input_images\row078_col17_female.png,row078_col17_female.png,Female,White,Painterly,MiddleAge,Female\White_Painterly\MiddleAge
E:\aninovel\input_images\row078_col18_female.png,row078_col18_female.png,Female,White,Painterly,MiddleAge,Female\White_Painterly\MiddleAge
E:\aninovel\input_images\row078_col19_female.png,row078_col19_female.png,Female,White,Painterly,MiddleAge,Female\White_Painterly\MiddleAge
E:\aninovel\input_images\row078_col20_female.png,row078_col20_female.png,Female,White,Painterly,MiddleAge,Female\White_Painterly\MiddleAge
E:\aninovel\input_images\row080_col01_female.png,row080_col01_female.png,Female,White,Painterly,MiddleAge,Female\White_Painterly\MiddleAge
E:\aninovel\input_images\row080_col02_female.png,row080_col02_female.png,Female,White,Painterly,MiddleAge,Female\White_Painterly\MiddleAge
E:\aninovel\input_images\row080_col05_female.png,row080_col05_female.png,Female,White,Painterly,MiddleAge,Female\White_Painterly\MiddleAge
E:\aninovel\input_images\row080_col07_female.png,row080_col07_female.png,Female,White,Painterly,MiddleAge,Female\White_Painterly\MiddleAge
E:\aninovel\input_images\row080_col08_female.png,row080_col08_female.png,Female,White,Painterly,MiddleAge,Female\White_Painterly\MiddleAge
E:\aninovel\input_images\row080_col10_female.png,row080_col10_female.png,Female,White,Painterly,MiddleAge,Female\White_Painterly\MiddleAge
E:\aninovel\input_images\row080_col11_female.png,row080_col11_female.png,Female,White,Painterly,MiddleAge,Female\White_Painterly\MiddleAge
E:\aninovel\input_images\row080_col15_female.png,row080_col15_female.png,Female,White,Painterly,MiddleAge,Female\White_Painterly\MiddleAge
E:\aninovel\input_images\row080_col19_female.png,row080_col19_female.png,Female,White,Painterly,MiddleAge,Female\White_Painterly\MiddleAge
E:\aninovel\input_images\row080_col20_female.png,row080_col20_female.png,Female,White,Painterly,MiddleAge,Female\White_Painterly\MiddleAge
E:\aninovel\input_images\row063_col05_male.png,row063_col05_male.png,Male,Asian,Painterly,Adult,Male\Asian_Painterly\Adult
E:\aninovel\input_images\row071_col08_male.png,row071_col08_male.png,Male,Asian,Painterly,Adult,Male\Asian_Painterly\Adult
E:\aninovel\input_images\row071_col13_male.png,row071_col13_male.png,Male,Asian,Painterly,Adult,Male\Asian_Painterly\Adult
E:\aninovel\input_images\row071_col19_male.png,row071_col19_male.png,Male,Asian,Painterly,Adult,Male\Asian_Painterly\Adult
E:\aninovel\input_images\row073_col06_male.png,row073_col06_male.png,Male,Asian,Painterly,Adult,Male\Asian_Painterly\Adult
E:\aninovel\input_images\row063_col07_male.png,row063_col07_male.png,Male,White,Anime,MiddleAge,Male\White_Anime\MiddleAge
E:\aninovel\input_images\row073_col08_male.png,row073_col08_male.png,Male,White,Anime,MiddleAge,Male\White_Anime\MiddleAge
E:\aninovel\input_images\row065_col01_male.png,row065_col01_male.png,Male,Hispanic,Painterly,Adult,Male\Hispanic_Painterly\Adult
E:\aninovel\input_images\row065_col09_male.png,row065_col09_male.png,Male,White,Painterly,MiddleAge,Male\White_Painterly\MiddleAge
E:\aninovel\input_images\row067_col03_male.png,row067_col03_male.png,Male,White,Painterly,MiddleAge,Male\White_Painterly\MiddleAge
E:\aninovel\input_images\row067_col07_male.png,row067_col07_male.png,Male,White,Painterly,MiddleAge,Male\White_Painterly\MiddleAge
E:\aninovel\input_images\row067_col20_male.png,row067_col20_male.png,Male,White,Painterly,MiddleAge,Male\White_Painterly\MiddleAge
E:\aninovel\input_images\row069_col03_male.png,row069_col03_male.png,Male,White,Painterly,MiddleAge,Male\White_Painterly\MiddleAge
E:\aninovel\input_images\row069_col07_male.png,row069_col07_male.png,Male,White,Painterly,MiddleAge,Male\White_Painterly\MiddleAge
E:\aninovel\input_images\row071_col03_male.png,row071_col03_male.png,Male,White,Painterly,MiddleAge,Male\White_Painterly\MiddleAge
E:\aninovel\input_images\row071_col07_male.png,row071_col07_male.png,Male,White,Painterly,MiddleAge,Male\White_Painterly\MiddleAge
E:\aninovel\input_images\row071_col10_male.png,row071_col10_male.png,Male,White,Painterly,MiddleAge,Male\White_Painterly\MiddleAge
E:\aninovel\input_images\row071_col20_male.png,row071_col20_male.png,Male,White,Painterly,MiddleAge,Male\White_Painterly\MiddleAge
E:\aninovel\input_images\row073_col03_male.png,row073_col03_male.png,Male,White,Painterly,MiddleAge,Male\White_Painterly\MiddleAge
E:\aninovel\input_images\row073_col07_male.png,row073_col07_male.png,Male,White,Painterly,MiddleAge,Male\White_Painterly\MiddleAge
E:\aninovel\input_images\row073_col14_male.png,row073_col14_male.png,Male,White,Painterly,MiddleAge,Male\White_Painterly\MiddleAge
E:\aninovel\input_images\row073_col20_male.png,row073_col20_male.png,Male,White,Painterly,MiddleAge,Male\White_Painterly\MiddleAge
E:\aninovel\input_images\row075_col04_male.png,row075_col04_male.png,Male,White,Painterly,MiddleAge,Male\White_Painterly\MiddleAge
E:\aninovel\input_images\row077_col11_male.png,row077_col11_male.png,Male,White,Painterly,MiddleAge,Male\White_Painterly\MiddleAge
E:\aninovel\input_images\row077_col13_male.png,row077_col13_male.png,Male,White,Painterly,MiddleAge,Male\White_Painterly\MiddleAge
E:\aninovel\input_images\row077_col14_male.png,row077_col14_male.png,Male,White,Painterly,MiddleAge,Male\White_Painterly\MiddleAge
E:\aninovel\input_images\row077_col15_male.png,row077_col15_male.png,Male,White,Painterly,MiddleAge,Male\White_Painterly\MiddleAge
E:\aninovel\input_images\row077_col17_male.png,row077_col17_male.png,Male,White,Painterly,MiddleAge,Male\White_Painterly\MiddleAge
E:\aninovel\input_images\row077_col19_male.png,row077_col19_male.png,Male,White,Painterly,MiddleAge,Male\White_Painterly\MiddleAge
E:\aninovel\input_images\row079_col15_male.png,row079_col15_male.png,Male,White,Painterly,MiddleAge,Male\White_Painterly\MiddleAge
E:\aninovel\input_images\row079_col20_male.png,row079_col20_male.png,Male,White,Painterly,MiddleAge,Male\White_Painterly\MiddleAge
E:\aninovel\input_images\row071_col05_male.png,row071_col05_male.png,Male,Asian,Painterly,MiddleAge,Male\Asian_Painterly\MiddleAge
E:\aninovel\input_images\row077_col20_male.png,row077_col20_male.png,Male,Asian,Painterly,MiddleAge,Male\Asian_Painterly\MiddleAge
E:\aninovel\input_images\row071_col15_male.png,row071_col15_male.png,Male,MiddleEastern,Watercolor,MiddleAge,Male\MiddleEastern_Watercolor\MiddleAge
E:\aninovel\input_images\row071_col16_male.png,row071_col16_male.png,Male,White,Painterly,Senior,Male\White_Painterly\Senior
E:\aninovel\input_images\row073_col09_male.png,row073_col09_male.png,Male,White,Painterly,Senior,Male\White_Painterly\Senior
E:\aninovel\input_images\row077_col06_male.png,row077_col06_male.png,Male,White,Painterly,Senior,Male\White_Painterly\Senior
E:\aninovel\input_images\row079_col03_male.png,row079_col03_male.png,Male,White,Painterly,Senior,Male\White_Painterly\Senior
E:\aninovel\input_images\row071_col17_male.png,row071_col17_male.png,Male,MiddleEastern,Watercolor,Adult,Male\MiddleEastern_Watercolor\Adult
E:\aninovel\input_images\row072_col04_female.png,row072_col04_female.png,Female,White,Anime,MiddleAge,Female\White_Anime\MiddleAge
E:\aninovel\input_images\row072_col05_female.png,row072_col05_female.png,Female,White,Watercolor,MiddleAge,Female\White_Watercolor\MiddleAge
E:\aninovel\input_images\row072_col19_female.png,row072_col19_female.png,Female,White,Watercolor,MiddleAge,Female\White_Watercolor\MiddleAge
E:\aninovel\input_images\row080_col17_female.png,row080_col17_female.png,Female,White,Watercolor,MiddleAge,Female\White_Watercolor\MiddleAge
E:\aninovel\input_images\row072_col16_female.png,row072_col16_female.png,Female,White,Painterly,Senior,Female\White_Painterly\Senior
E:\aninovel\input_images\row074_col14_female.png,row074_col14_female.png,Female,White,Painterly,Senior,Female\White_Painterly\Senior
E:\aninovel\input_images\row078_col04_female.png,row078_col04_female.png,Female,White,Painterly,Senior,Female\White_Painterly\Senior
E:\aninovel\input_images\row072_col17_female.png,row072_col17_female.png,Female,Asian,Painterly,MiddleAge,Female\Asian_Painterly\MiddleAge
E:\aninovel\input_images\row074_col04_female.png,row074_col04_female.png,Female,Asian,Painterly,MiddleAge,Female\Asian_Painterly\MiddleAge
E:\aninovel\input_images\row074_col08_female.png,row074_col08_female.png,Female,Asian,Painterly,MiddleAge,Female\Asian_Painterly\MiddleAge
E:\aninovel\input_images\row074_col09_female.png,row074_col09_female.png,Female,Asian,Painterly,MiddleAge,Female\Asian_Painterly\MiddleAge
E:\aninovel\input_images\row074_col16_female.png,row074_col16_female.png,Female,MiddleEastern,Painterly,MiddleAge,Female\MiddleEastern_Painterly\MiddleAge
E:\aninovel\input_images\row075_col01_male.png,row075_col01_male.png,Male,White,Photo,MiddleAge,Male\White_Photo\MiddleAge
E:\aninovel\input_images\row075_col05_male.png,row075_col05_male.png,Male,White,Photo,MiddleAge,Male\White_Photo\MiddleAge
E:\aninovel\input_images\row075_col11_male.png,row075_col11_male.png,Male,White,Photo,MiddleAge,Male\White_Photo\MiddleAge
E:\aninovel\input_images\row077_col07_male.png,row077_col07_male.png,Male,White,Photo,MiddleAge,Male\White_Photo\MiddleAge
E:\aninovel\input_images\row076_col03_female.png,row076_col03_female.png,Female,White,Photo,MiddleAge,Female\White_Photo\MiddleAge
E:\aninovel\input_images\row076_col10_female.png,row076_col10_female.png,Female,White,Photo,MiddleAge,Female\White_Photo\MiddleAge
E:\aninovel\input_images\row076_col15_female.png,row076_col15_female.png,Female,White,Photo,MiddleAge,Female\White_Photo\MiddleAge
E:\aninovel\input_images\row078_col08_female.png,row078_col08_female.png,Female,Hispanic,Painterly,MiddleAge,Female\Hispanic_Painterly\MiddleAge
E:\aninovel\input_images\row078_col14_female.png,row078_col14_female.png,Female,Hispanic,Painterly,MiddleAge,Female\Hispanic_Painterly\MiddleAge
E:\aninovel\input_images\row080_col16_female.png,row080_col16_female.png,Female,Hispanic,Painterly,MiddleAge,Female\Hispanic_Painterly\MiddleAge
E:\aninovel\input_images\row079_col09_male.png,row079_col09_male.png,Male,White,Watercolor,Senior,Male\White_Watercolor\Senior
E:\aninovel\input_images\row079_col13_male.png,row079_col13_male.png,Male,Hispanic,Watercolor,Adult,Male\Hispanic_Watercolor\Adult
E:\aninovel\input_images\row088_col09_female.png,row088_col09_female.png,Female,MiddleEastern,RetroManga,Adult,Female\MiddleEastern_RetroManga\Adult
E:\aninovel\input_images\row091_col18_male.png,row091_col18_male.png,Male,SouthAsian,Anime,Adult,Male\SouthAsian_Anime\Adult
E:\aninovel\input_images\row092_col09_female.png,row092_col09_female.png,Female,Hispanic,RetroManga,YoungAdult,Female\Hispanic_RetroManga\YoungAdult
E:\aninovel\input_images\row098_col04_female.png,row098_col04_female.png,Female,Hispanic,RetroManga,YoungAdult,Female\Hispanic_RetroManga\YoungAdult
E:\aninovel\input_images\row098_col13_female.png,row098_col13_female.png,Female,Hispanic,RetroManga,YoungAdult,Female\Hispanic_RetroManga\YoungAdult
E:\aninovel\input_images\row092_col13_female.png,row092_col13_female.png,Female,Hispanic,RetroManga,Adult,Female\Hispanic_RetroManga\Adult
E:\aninovel\input_images\row093_col01_male.png,row093_col01_male.png,Male,Black,Anime,YoungAdult,Male\Black_Anime\YoungAdult
E:\aninovel\input_images\row093_col07_male.png,row093_col07_male.png,Male,Black,Anime,YoungAdult,Male\Black_Anime\YoungAdult
E:\aninovel\input_images\row093_col12_male.png,row093_col12_male.png,Male,Black,Anime,YoungAdult,Male\Black_Anime\YoungAdult
E:\aninovel\input_images\row093_col19_male.png,row093_col19_male.png,Male,Black,Anime,YoungAdult,Male\Black_Anime\YoungAdult
E:\aninovel\input_images\row097_col15_male.png,row097_col15_male.png,Male,Black,Anime,YoungAdult,Male\Black_Anime\YoungAdult
E:\aninovel\input_images\row093_col04_male.png,row093_col04_male.png,Male,SouthAsian,Painterly,YoungAdult,Male\SouthAsian_Painterly\YoungAdult
E:\aninovel\input_images\row097_col16_male.png,row097_col16_male.png,Male,SouthAsian,Painterly,YoungAdult,Male\SouthAsian_Painterly\YoungAdult
E:\aninovel\input_images\row099_col04_male.png,row099_col04_male.png,Male,SouthAsian,Painterly,YoungAdult,Male\SouthAsian_Painterly\YoungAdult
E:\aninovel\input_images\row099_col11_male.png,row099_col11_male.png,Male,SouthAsian,Painterly,YoungAdult,Male\SouthAsian_Painterly\YoungAdult
E:\aninovel\input_images\row099_col14_male.png,row099_col14_male.png,Male,SouthAsian,Painterly,YoungAdult,Male\SouthAsian_Painterly\YoungAdult
E:\aninovel\input_images\row099_col16_male.png,row099_col16_male.png,Male,SouthAsian,Painterly,YoungAdult,Male\SouthAsian_Painterly\YoungAdult
E:\aninovel\input_images\row093_col05_male.png,row093_col05_male.png,Male,Hispanic,Anime,YoungAdult,Male\Hispanic_Anime\YoungAdult
E:\aninovel\input_images\row097_col11_male.png,row097_col11_male.png,Male,Hispanic,Anime,YoungAdult,Male\Hispanic_Anime\YoungAdult
E:\aninovel\input_images\row093_col14_male.png,row093_col14_male.png,Male,Black,Painterly,YoungAdult,Male\Black_Painterly\YoungAdult
E:\aninovel\input_images\row095_col04_male.png,row095_col04_male.png,Male,Black,Painterly,YoungAdult,Male\Black_Painterly\YoungAdult
E:\aninovel\input_images\row095_col05_male.png,row095_col05_male.png,Male,Black,Painterly,YoungAdult,Male\Black_Painterly\YoungAdult
E:\aninovel\input_images\row095_col07_male.png,row095_col07_male.png,Male,Black,Painterly,YoungAdult,Male\Black_Painterly\YoungAdult
E:\aninovel\input_images\row095_col11_male.png,row095_col11_male.png,Male,Black,Painterly,YoungAdult,Male\Black_Painterly\YoungAdult
E:\aninovel\input_images\row095_col12_male.png,row095_col12_male.png,Male,Black,Painterly,YoungAdult,Male\Black_Painterly\YoungAdult
E:\aninovel\input_images\row097_col05_male.png,row097_col05_male.png,Male,Black,Painterly,YoungAdult,Male\Black_Painterly\YoungAdult
E:\aninovel\input_images\row097_col09_male.png,row097_col09_male.png,Male,Black,Painterly,YoungAdult,Male\Black_Painterly\YoungAdult
E:\aninovel\input_images\row099_col02_male.png,row099_col02_male.png,Male,Black,Painterly,YoungAdult,Male\Black_Painterly\YoungAdult
E:\aninovel\input_images\row099_col08_male.png,row099_col08_male.png,Male,Black,Painterly,YoungAdult,Male\Black_Painterly\YoungAdult
E:\aninovel\input_images\row099_col13_male.png,row099_col13_male.png,Male,Black,Painterly,YoungAdult,Male\Black_Painterly\YoungAdult
E:\aninovel\input_images\row099_col18_male.png,row099_col18_male.png,Male,Black,Painterly,YoungAdult,Male\Black_Painterly\YoungAdult
E:\aninovel\input_images\row099_col19_male.png,row099_col19_male.png,Male,Black,Painterly,YoungAdult,Male\Black_Painterly\YoungAdult
E:\aninovel\input_images\row094_col02_female.png,row094_col02_female.png,Female,Hispanic,Anime,YoungAdult,Female\Hispanic_Anime\YoungAdult
E:\aninovel\input_images\row094_col08_female.png,row094_col08_female.png,Female,Hispanic,Anime,YoungAdult,Female\Hispanic_Anime\YoungAdult
E:\aninovel\input_images\row094_col10_female.png,row094_col10_female.png,Female,Hispanic,Anime,YoungAdult,Female\Hispanic_Anime\YoungAdult
E:\aninovel\input_images\row094_col13_female.png,row094_col13_female.png,Female,Hispanic,Anime,YoungAdult,Female\Hispanic_Anime\YoungAdult
E:\aninovel\input_images\row094_col14_female.png,row094_col14_female.png,Female,Hispanic,Anime,YoungAdult,Female\Hispanic_Anime\YoungAdult
E:\aninovel\input_images\row095_col08_male.png,row095_col08_male.png,Male,Hispanic,Photo,YoungAdult,Male\Hispanic_Photo\YoungAdult
E:\aninovel\input_images\row095_col09_male.png,row095_col09_male.png,Male,Hispanic,Photo,YoungAdult,Male\Hispanic_Photo\YoungAdult
E:\aninovel\input_images\row095_col14_male.png,row095_col14_male.png,Male,SouthAsian,Photo,YoungAdult,Male\SouthAsian_Photo\YoungAdult
E:\aninovel\input_images\row095_col18_male.png,row095_col18_male.png,Male,Black,Photo,YoungAdult,Male\Black_Photo\YoungAdult
E:\aninovel\input_images\row095_col19_male.png,row095_col19_male.png,Male,Black,Photo,YoungAdult,Male\Black_Photo\YoungAdult
E:\aninovel\input_images\row096_col01_female.png,row096_col01_female.png,Female,Hispanic,Painterly,Adult,Female\Hispanic_Painterly\Adult
E:\aninovel\input_images\row096_col02_female.png,row096_col02_female.png,Female,Hispanic,Painterly,Adult,Female\Hispanic_Painterly\Adult
E:\aninovel\input_images\row096_col06_female.png,row096_col06_female.png,Female,Hispanic,Painterly,Adult,Female\Hispanic_Painterly\Adult
E:\aninovel\input_images\row096_col16_female.png,row096_col16_female.png,Female,Hispanic,Painterly,Adult,Female\Hispanic_Painterly\Adult
E:\aninovel\input_images\row100_col02_female.png,row100_col02_female.png,Female,Hispanic,Painterly,Adult,Female\Hispanic_Painterly\Adult
E:\aninovel\input_images\row100_col18_female.png,row100_col18_female.png,Female,Hispanic,Painterly,Adult,Female\Hispanic_Painterly\Adult
E:\aninovel\input_images\row096_col03_female.png,row096_col03_female.png,Female,Black,Painterly,YoungAdult,Female\Black_Painterly\YoungAdult
E:\aninovel\input_images\row096_col10_female.png,row096_col10_female.png,Female,Black,Painterly,YoungAdult,Female\Black_Painterly\YoungAdult
E:\aninovel\input_images\row096_col11_female.png,row096_col11_female.png,Female,Black,Painterly,YoungAdult,Female\Black_Painterly\YoungAdult
E:\aninovel\input_images\row096_col12_female.png,row096_col12_female.png,Female,Black,Painterly,YoungAdult,Female\Black_Painterly\YoungAdult
E:\aninovel\input_images\row098_col19_female.png,row098_col19_female.png,Female,Black,Painterly,YoungAdult,Female\Black_Painterly\YoungAdult
E:\aninovel\input_images\row100_col08_female.png,row100_col08_female.png,Female,Black,Painterly,YoungAdult,Female\Black_Painterly\YoungAdult
E:\aninovel\input_images\row100_col12_female.png,row100_col12_female.png,Female,Black,Painterly,YoungAdult,Female\Black_Painterly\YoungAdult
E:\aninovel\input_images\row096_col05_female.png,row096_col05_female.png,Female,Black,Photo,YoungAdult,Female\Black_Photo\YoungAdult
E:\aninovel\input_images\row096_col15_female.png,row096_col15_female.png,Female,Black,Photo,YoungAdult,Female\Black_Photo\YoungAdult
E:\aninovel\input_images\row096_col17_female.png,row096_col17_female.png,Female,Black,Photo,YoungAdult,Female\Black_Photo\YoungAdult
E:\aninovel\input_images\row096_col14_female.png,row096_col14_female.png,Female,Hispanic,Photo,YoungAdult,Female\Hispanic_Photo\YoungAdult
E:\aninovel\input_images\row097_col06_male.png,row097_col06_male.png,Male,SouthAsian,RetroManga,YoungAdult,Male\SouthAsian_RetroManga\YoungAdult
E:\aninovel\input_images\row097_col12_male.png,row097_col12_male.png,Male,Hispanic,Painterly,YoungAdult,Male\Hispanic_Painterly\YoungAdult
E:\aninovel\input_images\row097_col18_male.png,row097_col18_male.png,Male,Hispanic,Painterly,YoungAdult,Male\Hispanic_Painterly\YoungAdult
E:\aninovel\input_images\row099_col10_male.png,row099_col10_male.png,Male,Hispanic,Painterly,YoungAdult,Male\Hispanic_Painterly\YoungAdult
E:\aninovel\input_images\row099_col17_male.png,row099_col17_male.png,Male,Hispanic,Painterly,YoungAdult,Male\Hispanic_Painterly\YoungAdult
E:\aninovel\input_images\row097_col14_male.png,row097_col14_male.png,Male,SouthAsian,Anime,YoungAdult,Male\SouthAsian_Anime\YoungAdult
E:\aninovel\input_images\row097_col17_male.png,row097_col17_male.png,Male,SouthAsian,Painterly,Adult,Male\SouthAsian_Painterly\Adult
E:\aninovel\input_images\row098_col14_female.png,row098_col14_female.png,Female,Black,Painterly,Adult,Female\Black_Painterly\Adult
E:\aninovel\input_images\row100_col03_female.png,row100_col03_female.png,Female,SouthAsian,Painterly,YoungAdult,Female\SouthAsian_Painterly\YoungAdult
E:\aninovel\input_images\row100_col17_female.png,row100_col17_female.png,Female,SouthAsian,Painterly,YoungAdult,Female\SouthAsian_Painterly\YoungAdult
